
**** Build of configuration CPU1_RAM for project Smallbootloader ****

/home/ismail/ti/ccs1271/ccs/utils/bin/gmake -k -j 4 all -O 
 
Building file: "../assembly/F2837xD_usDelay.asm"
Invoking: C2000 Compiler
"/home/ismail/ti/ccs1271/ccs/tools/compiler/ti-cgt-c2000_22.6.1.LTS/bin/cl2000" -v28 -ml -mt --cla_support=cla1 --float_support=fpu32 --tmu_support=tmu0 --vcu_support=vcu2 -Ooff --include_path="/home/ismail/ti/C2000Ware_5_02_00_00/libraries/flash_api/f2837xd/include" --include_path="/home/ismail/ti/C2000Ware_5_02_00_00/device_support/f2837xd/headers/include" --include_path="/home/ismail/ti/C2000Ware_5_02_00_00/device_support/f2837xd/common/include" --include_path="/home/ismail/IOT-CANBus/TI/Bootloader/Smallbootloader" --include_path="/home/ismail/ti/ccs1271/ccs/tools/compiler/ti-cgt-c2000_22.6.1.LTS/include" --advice:performance=all --define=_LAUNCHXL_F28379D --define=_DUAL_HEADERS --define=DEBUG --define=CPU1 --diag_suppress=10063 --diag_warning=225 --diag_wrap=off --display_error_number --abi=coffabi --preproc_with_compile --preproc_dependency="assembly/F2837xD_usDelay.d_raw" --obj_directory="assembly"  "../assembly/F2837xD_usDelay.asm"
Finished building: "../assembly/F2837xD_usDelay.asm"
 
Building file: "../assembly/fwupgradec1toc2_start.asm"
Invoking: C2000 Compiler
"/home/ismail/ti/ccs1271/ccs/tools/compiler/ti-cgt-c2000_22.6.1.LTS/bin/cl2000" -v28 -ml -mt --cla_support=cla1 --float_support=fpu32 --tmu_support=tmu0 --vcu_support=vcu2 -Ooff --include_path="/home/ismail/ti/C2000Ware_5_02_00_00/libraries/flash_api/f2837xd/include" --include_path="/home/ismail/ti/C2000Ware_5_02_00_00/device_support/f2837xd/headers/include" --include_path="/home/ismail/ti/C2000Ware_5_02_00_00/device_support/f2837xd/common/include" --include_path="/home/ismail/IOT-CANBus/TI/Bootloader/Smallbootloader" --include_path="/home/ismail/ti/ccs1271/ccs/tools/compiler/ti-cgt-c2000_22.6.1.LTS/include" --advice:performance=all --define=_LAUNCHXL_F28379D --define=_DUAL_HEADERS --define=DEBUG --define=CPU1 --diag_suppress=10063 --diag_warning=225 --diag_wrap=off --display_error_number --abi=coffabi --preproc_with_compile --preproc_dependency="assembly/fwupgradec1toc2_start.d_raw" --obj_directory="assembly"  "../assembly/fwupgradec1toc2_start.asm"
Finished building: "../assembly/fwupgradec1toc2_start.asm"
 
Building file: "../src/F2837xD_Ipc.c"
Invoking: C2000 Compiler
"/home/ismail/ti/ccs1271/ccs/tools/compiler/ti-cgt-c2000_22.6.1.LTS/bin/cl2000" -v28 -ml -mt --cla_support=cla1 --float_support=fpu32 --tmu_support=tmu0 --vcu_support=vcu2 -Ooff --include_path="/home/ismail/ti/C2000Ware_5_02_00_00/libraries/flash_api/f2837xd/include" --include_path="/home/ismail/ti/C2000Ware_5_02_00_00/device_support/f2837xd/headers/include" --include_path="/home/ismail/ti/C2000Ware_5_02_00_00/device_support/f2837xd/common/include" --include_path="/home/ismail/IOT-CANBus/TI/Bootloader/Smallbootloader" --include_path="/home/ismail/ti/ccs1271/ccs/tools/compiler/ti-cgt-c2000_22.6.1.LTS/include" --advice:performance=all --define=_LAUNCHXL_F28379D --define=_DUAL_HEADERS --define=DEBUG --define=CPU1 --diag_suppress=10063 --diag_warning=225 --diag_wrap=off --display_error_number --abi=coffabi --preproc_with_compile --preproc_dependency="src/F2837xD_Ipc.d_raw" --obj_directory="src"  "../src/F2837xD_Ipc.c"
Finished building: "../src/F2837xD_Ipc.c"
 
Building file: "../src/F2837xD_DefaultISR.c"
Invoking: C2000 Compiler
"/home/ismail/ti/ccs1271/ccs/tools/compiler/ti-cgt-c2000_22.6.1.LTS/bin/cl2000" -v28 -ml -mt --cla_support=cla1 --float_support=fpu32 --tmu_support=tmu0 --vcu_support=vcu2 -Ooff --include_path="/home/ismail/ti/C2000Ware_5_02_00_00/libraries/flash_api/f2837xd/include" --include_path="/home/ismail/ti/C2000Ware_5_02_00_00/device_support/f2837xd/headers/include" --include_path="/home/ismail/ti/C2000Ware_5_02_00_00/device_support/f2837xd/common/include" --include_path="/home/ismail/IOT-CANBus/TI/Bootloader/Smallbootloader" --include_path="/home/ismail/ti/ccs1271/ccs/tools/compiler/ti-cgt-c2000_22.6.1.LTS/include" --advice:performance=all --define=_LAUNCHXL_F28379D --define=_DUAL_HEADERS --define=DEBUG --define=CPU1 --diag_suppress=10063 --diag_warning=225 --diag_wrap=off --display_error_number --abi=coffabi --preproc_with_compile --preproc_dependency="src/F2837xD_DefaultISR.d_raw" --obj_directory="src"  "../src/F2837xD_DefaultISR.c"
Finished building: "../src/F2837xD_DefaultISR.c"
 
Building file: "../src/F2837xD_PieCtrl.c"
Invoking: C2000 Compiler
"/home/ismail/ti/ccs1271/ccs/tools/compiler/ti-cgt-c2000_22.6.1.LTS/bin/cl2000" -v28 -ml -mt --cla_support=cla1 --float_support=fpu32 --tmu_support=tmu0 --vcu_support=vcu2 -Ooff --include_path="/home/ismail/ti/C2000Ware_5_02_00_00/libraries/flash_api/f2837xd/include" --include_path="/home/ismail/ti/C2000Ware_5_02_00_00/device_support/f2837xd/headers/include" --include_path="/home/ismail/ti/C2000Ware_5_02_00_00/device_support/f2837xd/common/include" --include_path="/home/ismail/IOT-CANBus/TI/Bootloader/Smallbootloader" --include_path="/home/ismail/ti/ccs1271/ccs/tools/compiler/ti-cgt-c2000_22.6.1.LTS/include" --advice:performance=all --define=_LAUNCHXL_F28379D --define=_DUAL_HEADERS --define=DEBUG --define=CPU1 --diag_suppress=10063 --diag_warning=225 --diag_wrap=off --display_error_number --abi=coffabi --preproc_with_compile --preproc_dependency="src/F2837xD_PieCtrl.d_raw" --obj_directory="src"  "../src/F2837xD_PieCtrl.c"
Finished building: "../src/F2837xD_PieCtrl.c"
 
Building file: "../src/F2837xD_Gpio.c"
Invoking: C2000 Compiler
"/home/ismail/ti/ccs1271/ccs/tools/compiler/ti-cgt-c2000_22.6.1.LTS/bin/cl2000" -v28 -ml -mt --cla_support=cla1 --float_support=fpu32 --tmu_support=tmu0 --vcu_support=vcu2 -Ooff --include_path="/home/ismail/ti/C2000Ware_5_02_00_00/libraries/flash_api/f2837xd/include" --include_path="/home/ismail/ti/C2000Ware_5_02_00_00/device_support/f2837xd/headers/include" --include_path="/home/ismail/ti/C2000Ware_5_02_00_00/device_support/f2837xd/common/include" --include_path="/home/ismail/IOT-CANBus/TI/Bootloader/Smallbootloader" --include_path="/home/ismail/ti/ccs1271/ccs/tools/compiler/ti-cgt-c2000_22.6.1.LTS/include" --advice:performance=all --define=_LAUNCHXL_F28379D --define=_DUAL_HEADERS --define=DEBUG --define=CPU1 --diag_suppress=10063 --diag_warning=225 --diag_wrap=off --display_error_number --abi=coffabi --preproc_with_compile --preproc_dependency="src/F2837xD_Gpio.d_raw" --obj_directory="src"  "../src/F2837xD_Gpio.c"
Finished building: "../src/F2837xD_Gpio.c"
 
Building file: "../src/F2837xD_PieVect.c"
Invoking: C2000 Compiler
"/home/ismail/ti/ccs1271/ccs/tools/compiler/ti-cgt-c2000_22.6.1.LTS/bin/cl2000" -v28 -ml -mt --cla_support=cla1 --float_support=fpu32 --tmu_support=tmu0 --vcu_support=vcu2 -Ooff --include_path="/home/ismail/ti/C2000Ware_5_02_00_00/libraries/flash_api/f2837xd/include" --include_path="/home/ismail/ti/C2000Ware_5_02_00_00/device_support/f2837xd/headers/include" --include_path="/home/ismail/ti/C2000Ware_5_02_00_00/device_support/f2837xd/common/include" --include_path="/home/ismail/IOT-CANBus/TI/Bootloader/Smallbootloader" --include_path="/home/ismail/ti/ccs1271/ccs/tools/compiler/ti-cgt-c2000_22.6.1.LTS/include" --advice:performance=all --define=_LAUNCHXL_F28379D --define=_DUAL_HEADERS --define=DEBUG --define=CPU1 --diag_suppress=10063 --diag_warning=225 --diag_wrap=off --display_error_number --abi=coffabi --preproc_with_compile --preproc_dependency="src/F2837xD_PieVect.d_raw" --obj_directory="src"  "../src/F2837xD_PieVect.c"
Finished building: "../src/F2837xD_PieVect.c"
 
Building file: "../src/Fapi_UserDefinedFunctions.c"
Invoking: C2000 Compiler
"/home/ismail/ti/ccs1271/ccs/tools/compiler/ti-cgt-c2000_22.6.1.LTS/bin/cl2000" -v28 -ml -mt --cla_support=cla1 --float_support=fpu32 --tmu_support=tmu0 --vcu_support=vcu2 -Ooff --include_path="/home/ismail/ti/C2000Ware_5_02_00_00/libraries/flash_api/f2837xd/include" --include_path="/home/ismail/ti/C2000Ware_5_02_00_00/device_support/f2837xd/headers/include" --include_path="/home/ismail/ti/C2000Ware_5_02_00_00/device_support/f2837xd/common/include" --include_path="/home/ismail/IOT-CANBus/TI/Bootloader/Smallbootloader" --include_path="/home/ismail/ti/ccs1271/ccs/tools/compiler/ti-cgt-c2000_22.6.1.LTS/include" --advice:performance=all --define=_LAUNCHXL_F28379D --define=_DUAL_HEADERS --define=DEBUG --define=CPU1 --diag_suppress=10063 --diag_warning=225 --diag_wrap=off --display_error_number --abi=coffabi --preproc_with_compile --preproc_dependency="src/Fapi_UserDefinedFunctions.d_raw" --obj_directory="src"  "../src/Fapi_UserDefinedFunctions.c"
Finished building: "../src/Fapi_UserDefinedFunctions.c"
 
Building file: "../src/SCI_Boot.c"
Invoking: C2000 Compiler
"/home/ismail/ti/ccs1271/ccs/tools/compiler/ti-cgt-c2000_22.6.1.LTS/bin/cl2000" -v28 -ml -mt --cla_support=cla1 --float_support=fpu32 --tmu_support=tmu0 --vcu_support=vcu2 -Ooff --include_path="/home/ismail/ti/C2000Ware_5_02_00_00/libraries/flash_api/f2837xd/include" --include_path="/home/ismail/ti/C2000Ware_5_02_00_00/device_support/f2837xd/headers/include" --include_path="/home/ismail/ti/C2000Ware_5_02_00_00/device_support/f2837xd/common/include" --include_path="/home/ismail/IOT-CANBus/TI/Bootloader/Smallbootloader" --include_path="/home/ismail/ti/ccs1271/ccs/tools/compiler/ti-cgt-c2000_22.6.1.LTS/include" --advice:performance=all --define=_LAUNCHXL_F28379D --define=_DUAL_HEADERS --define=DEBUG --define=CPU1 --diag_suppress=10063 --diag_warning=225 --diag_wrap=off --display_error_number --abi=coffabi --preproc_with_compile --preproc_dependency="src/SCI_Boot.d_raw" --obj_directory="src"  "../src/SCI_Boot.c"
 
>> Compilation failure
src/subdir_rules.mk:7: recipe for target 'src/SCI_Boot.obj' failed
"../src/SCI_Boot.c", line 55: fatal error #1965: cannot open source file "c1_bootrom.h"
1 catastrophic error detected in the compilation of "../src/SCI_Boot.c".
Compilation terminated.
gmake: *** [src/SCI_Boot.obj] Error 1
Building file: "../src/SCI_GetFunction.c"
Invoking: C2000 Compiler
"/home/ismail/ti/ccs1271/ccs/tools/compiler/ti-cgt-c2000_22.6.1.LTS/bin/cl2000" -v28 -ml -mt --cla_support=cla1 --float_support=fpu32 --tmu_support=tmu0 --vcu_support=vcu2 -Ooff --include_path="/home/ismail/ti/C2000Ware_5_02_00_00/libraries/flash_api/f2837xd/include" --include_path="/home/ismail/ti/C2000Ware_5_02_00_00/device_support/f2837xd/headers/include" --include_path="/home/ismail/ti/C2000Ware_5_02_00_00/device_support/f2837xd/common/include" --include_path="/home/ismail/IOT-CANBus/TI/Bootloader/Smallbootloader" --include_path="/home/ismail/ti/ccs1271/ccs/tools/compiler/ti-cgt-c2000_22.6.1.LTS/include" --advice:performance=all --define=_LAUNCHXL_F28379D --define=_DUAL_HEADERS --define=DEBUG --define=CPU1 --diag_suppress=10063 --diag_warning=225 --diag_wrap=off --display_error_number --abi=coffabi --preproc_with_compile --preproc_dependency="src/SCI_GetFunction.d_raw" --obj_directory="src"  "../src/SCI_GetFunction.c"
 
>> Compilation failure
src/subdir_rules.mk:7: recipe for target 'src/SCI_GetFunction.obj' failed
"../src/SCI_GetFunction.c", line 55: fatal error #1965: cannot open source file "c1_bootrom.h"
1 catastrophic error detected in the compilation of "../src/SCI_GetFunction.c".
Compilation terminated.
gmake: *** [src/SCI_GetFunction.obj] Error 1
Building file: "../src/Shared_Boot.c"
Invoking: C2000 Compiler
"/home/ismail/ti/ccs1271/ccs/tools/compiler/ti-cgt-c2000_22.6.1.LTS/bin/cl2000" -v28 -ml -mt --cla_support=cla1 --float_support=fpu32 --tmu_support=tmu0 --vcu_support=vcu2 -Ooff --include_path="/home/ismail/ti/C2000Ware_5_02_00_00/libraries/flash_api/f2837xd/include" --include_path="/home/ismail/ti/C2000Ware_5_02_00_00/device_support/f2837xd/headers/include" --include_path="/home/ismail/ti/C2000Ware_5_02_00_00/device_support/f2837xd/common/include" --include_path="/home/ismail/IOT-CANBus/TI/Bootloader/Smallbootloader" --include_path="/home/ismail/ti/ccs1271/ccs/tools/compiler/ti-cgt-c2000_22.6.1.LTS/include" --advice:performance=all --define=_LAUNCHXL_F28379D --define=_DUAL_HEADERS --define=DEBUG --define=CPU1 --diag_suppress=10063 --diag_warning=225 --diag_wrap=off --display_error_number --abi=coffabi --preproc_with_compile --preproc_dependency="src/Shared_Boot.d_raw" --obj_directory="src"  "../src/Shared_Boot.c"
 
>> Compilation failure
src/subdir_rules.mk:7: recipe for target 'src/Shared_Boot.obj' failed
"../src/Shared_Boot.c", line 54: fatal error #1965: cannot open source file "c1_bootrom.h"
1 catastrophic error detected in the compilation of "../src/Shared_Boot.c".
Compilation terminated.
gmake: *** [src/Shared_Boot.obj] Error 1
Building file: "../src/Shared_Erase.c"
Invoking: C2000 Compiler
"/home/ismail/ti/ccs1271/ccs/tools/compiler/ti-cgt-c2000_22.6.1.LTS/bin/cl2000" -v28 -ml -mt --cla_support=cla1 --float_support=fpu32 --tmu_support=tmu0 --vcu_support=vcu2 -Ooff --include_path="/home/ismail/ti/C2000Ware_5_02_00_00/libraries/flash_api/f2837xd/include" --include_path="/home/ismail/ti/C2000Ware_5_02_00_00/device_support/f2837xd/headers/include" --include_path="/home/ismail/ti/C2000Ware_5_02_00_00/device_support/f2837xd/common/include" --include_path="/home/ismail/IOT-CANBus/TI/Bootloader/Smallbootloader" --include_path="/home/ismail/ti/ccs1271/ccs/tools/compiler/ti-cgt-c2000_22.6.1.LTS/include" --advice:performance=all --define=_LAUNCHXL_F28379D --define=_DUAL_HEADERS --define=DEBUG --define=CPU1 --diag_suppress=10063 --diag_warning=225 --diag_wrap=off --display_error_number --abi=coffabi --preproc_with_compile --preproc_dependency="src/Shared_Erase.d_raw" --obj_directory="src"  "../src/Shared_Erase.c"
 
>> Compilation failure
src/subdir_rules.mk:7: recipe for target 'src/Shared_Erase.obj' failed
"../src/Shared_Erase.c", line 50: fatal error #1965: cannot open source file "c1_bootrom.h"
1 catastrophic error detected in the compilation of "../src/Shared_Erase.c".
Compilation terminated.
gmake: *** [src/Shared_Erase.obj] Error 1
Building file: "../src/Shared_Verify.c"
Invoking: C2000 Compiler
"/home/ismail/ti/ccs1271/ccs/tools/compiler/ti-cgt-c2000_22.6.1.LTS/bin/cl2000" -v28 -ml -mt --cla_support=cla1 --float_support=fpu32 --tmu_support=tmu0 --vcu_support=vcu2 -Ooff --include_path="/home/ismail/ti/C2000Ware_5_02_00_00/libraries/flash_api/f2837xd/include" --include_path="/home/ismail/ti/C2000Ware_5_02_00_00/device_support/f2837xd/headers/include" --include_path="/home/ismail/ti/C2000Ware_5_02_00_00/device_support/f2837xd/common/include" --include_path="/home/ismail/IOT-CANBus/TI/Bootloader/Smallbootloader" --include_path="/home/ismail/ti/ccs1271/ccs/tools/compiler/ti-cgt-c2000_22.6.1.LTS/include" --advice:performance=all --define=_LAUNCHXL_F28379D --define=_DUAL_HEADERS --define=DEBUG --define=CPU1 --diag_suppress=10063 --diag_warning=225 --diag_wrap=off --display_error_number --abi=coffabi --preproc_with_compile --preproc_dependency="src/Shared_Verify.d_raw" --obj_directory="src"  "../src/Shared_Verify.c"
 
>> Compilation failure
src/subdir_rules.mk:7: recipe for target 'src/Shared_Verify.obj' failed
"../src/Shared_Verify.c", line 50: fatal error #1965: cannot open source file "c1_bootrom.h"
1 catastrophic error detected in the compilation of "../src/Shared_Verify.c".
Compilation terminated.
gmake: *** [src/Shared_Verify.obj] Error 1
Building file: "../src/main.c"
Invoking: C2000 Compiler
"/home/ismail/ti/ccs1271/ccs/tools/compiler/ti-cgt-c2000_22.6.1.LTS/bin/cl2000" -v28 -ml -mt --cla_support=cla1 --float_support=fpu32 --tmu_support=tmu0 --vcu_support=vcu2 -Ooff --include_path="/home/ismail/ti/C2000Ware_5_02_00_00/libraries/flash_api/f2837xd/include" --include_path="/home/ismail/ti/C2000Ware_5_02_00_00/device_support/f2837xd/headers/include" --include_path="/home/ismail/ti/C2000Ware_5_02_00_00/device_support/f2837xd/common/include" --include_path="/home/ismail/IOT-CANBus/TI/Bootloader/Smallbootloader" --include_path="/home/ismail/ti/ccs1271/ccs/tools/compiler/ti-cgt-c2000_22.6.1.LTS/include" --advice:performance=all --define=_LAUNCHXL_F28379D --define=_DUAL_HEADERS --define=DEBUG --define=CPU1 --diag_suppress=10063 --diag_warning=225 --diag_wrap=off --display_error_number --abi=coffabi --preproc_with_compile --preproc_dependency="src/main.d_raw" --obj_directory="src"  "../src/main.c"
 
>> Compilation failure
src/subdir_rules.mk:7: recipe for target 'src/main.obj' failed
"../src/main.c", line 60: fatal error #1965: cannot open source file "Shared_Erase.h"
1 catastrophic error detected in the compilation of "../src/main.c".
Compilation terminated.
gmake: *** [src/main.obj] Error 1
Building file: "../src/F2837xD_Ipc_Driver_Util.c"
Invoking: C2000 Compiler
"/home/ismail/ti/ccs1271/ccs/tools/compiler/ti-cgt-c2000_22.6.1.LTS/bin/cl2000" -v28 -ml -mt --cla_support=cla1 --float_support=fpu32 --tmu_support=tmu0 --vcu_support=vcu2 -Ooff --include_path="/home/ismail/ti/C2000Ware_5_02_00_00/libraries/flash_api/f2837xd/include" --include_path="/home/ismail/ti/C2000Ware_5_02_00_00/device_support/f2837xd/headers/include" --include_path="/home/ismail/ti/C2000Ware_5_02_00_00/device_support/f2837xd/common/include" --include_path="/home/ismail/IOT-CANBus/TI/Bootloader/Smallbootloader" --include_path="/home/ismail/ti/ccs1271/ccs/tools/compiler/ti-cgt-c2000_22.6.1.LTS/include" --advice:performance=all --define=_LAUNCHXL_F28379D --define=_DUAL_HEADERS --define=DEBUG --define=CPU1 --diag_suppress=10063 --diag_warning=225 --diag_wrap=off --display_error_number --abi=coffabi --preproc_with_compile --preproc_dependency="src/F2837xD_Ipc_Driver_Util.d_raw" --obj_directory="src"  "../src/F2837xD_Ipc_Driver_Util.c"
Finished building: "../src/F2837xD_Ipc_Driver_Util.c"
 
Building file: "../src/F2837xD_SysCtrl.c"
Invoking: C2000 Compiler
"/home/ismail/ti/ccs1271/ccs/tools/compiler/ti-cgt-c2000_22.6.1.LTS/bin/cl2000" -v28 -ml -mt --cla_support=cla1 --float_support=fpu32 --tmu_support=tmu0 --vcu_support=vcu2 -Ooff --include_path="/home/ismail/ti/C2000Ware_5_02_00_00/libraries/flash_api/f2837xd/include" --include_path="/home/ismail/ti/C2000Ware_5_02_00_00/device_support/f2837xd/headers/include" --include_path="/home/ismail/ti/C2000Ware_5_02_00_00/device_support/f2837xd/common/include" --include_path="/home/ismail/IOT-CANBus/TI/Bootloader/Smallbootloader" --include_path="/home/ismail/ti/ccs1271/ccs/tools/compiler/ti-cgt-c2000_22.6.1.LTS/include" --advice:performance=all --define=_LAUNCHXL_F28379D --define=_DUAL_HEADERS --define=DEBUG --define=CPU1 --diag_suppress=10063 --diag_warning=225 --diag_wrap=off --display_error_number --abi=coffabi --preproc_with_compile --preproc_dependency="src/F2837xD_SysCtrl.d_raw" --obj_directory="src"  "../src/F2837xD_SysCtrl.c"
"../src/F2837xD_SysCtrl.c", line 837 (col. 47): advice #2614-D: (Performance) Use --fp_mode=relaxed to enable TMU hardware support for FP division.
Finished building: "../src/F2837xD_SysCtrl.c"
 
Building file: "../src/F2837xD_GlobalVariableDefs.c"
Invoking: C2000 Compiler
"/home/ismail/ti/ccs1271/ccs/tools/compiler/ti-cgt-c2000_22.6.1.LTS/bin/cl2000" -v28 -ml -mt --cla_support=cla1 --float_support=fpu32 --tmu_support=tmu0 --vcu_support=vcu2 -Ooff --include_path="/home/ismail/ti/C2000Ware_5_02_00_00/libraries/flash_api/f2837xd/include" --include_path="/home/ismail/ti/C2000Ware_5_02_00_00/device_support/f2837xd/headers/include" --include_path="/home/ismail/ti/C2000Ware_5_02_00_00/device_support/f2837xd/common/include" --include_path="/home/ismail/IOT-CANBus/TI/Bootloader/Smallbootloader" --include_path="/home/ismail/ti/ccs1271/ccs/tools/compiler/ti-cgt-c2000_22.6.1.LTS/include" --advice:performance=all --define=_LAUNCHXL_F28379D --define=_DUAL_HEADERS --define=DEBUG --define=CPU1 --diag_suppress=10063 --diag_warning=225 --diag_wrap=off --display_error_number --abi=coffabi --preproc_with_compile --preproc_dependency="src/F2837xD_GlobalVariableDefs.d_raw" --obj_directory="src"  "../src/F2837xD_GlobalVariableDefs.c"
Finished building: "../src/F2837xD_GlobalVariableDefs.c"
 
gmake: Target 'all' not remade because of errors.

**** Build Finished ****

**** Build of configuration CPU1_RAM for project Smallbootloader ****

/home/ismail/ti/ccs1271/ccs/utils/bin/gmake -k -j 4 all -O 
 
Building file: "../src/SCI_Boot.c"
Invoking: C2000 Compiler
"/home/ismail/ti/ccs1271/ccs/tools/compiler/ti-cgt-c2000_22.6.1.LTS/bin/cl2000" -v28 -ml -mt --cla_support=cla1 --float_support=fpu32 --tmu_support=tmu0 --vcu_support=vcu2 -Ooff --include_path="/home/ismail/ti/C2000Ware_5_02_00_00/libraries/flash_api/f2837xd/include" --include_path="/home/ismail/ti/C2000Ware_5_02_00_00/device_support/f2837xd/headers/include" --include_path="/home/ismail/ti/C2000Ware_5_02_00_00/device_support/f2837xd/common/include" --include_path="/home/ismail/IOT-CANBus/TI/Bootloader/Smallbootloader" --include_path="/home/ismail/ti/ccs1271/ccs/tools/compiler/ti-cgt-c2000_22.6.1.LTS/include" --advice:performance=all --define=_LAUNCHXL_F28379D --define=_DUAL_HEADERS --define=DEBUG --define=CPU1 --diag_suppress=10063 --diag_warning=225 --diag_wrap=off --display_error_number --abi=coffabi --preproc_with_compile --preproc_dependency="src/SCI_Boot.d_raw" --obj_directory="src"  "../src/SCI_Boot.c"
 
>> Compilation failure
src/subdir_rules.mk:7: recipe for target 'src/SCI_Boot.obj' failed
"../src/SCI_Boot.c", line 55: fatal error #1965: cannot open source file "c1_bootrom.h"
1 catastrophic error detected in the compilation of "../src/SCI_Boot.c".
Compilation terminated.
gmake: *** [src/SCI_Boot.obj] Error 1
"../src/SCI_GetFunction.c", line 55: fatal error #1965: cannot open source file "c1_bootrom.h"
1 catastrophic error detected in the compilation of "../src/SCI_GetFunction.c".
Compilation terminated.
gmake: *** [src/SCI_GetFunction.obj] Error 1
"../src/Shared_Boot.c", line 54: fatal error #1965: cannot open source file "c1_bootrom.h"
1 catastrophic error detected in the compilation of "../src/Shared_Boot.c".
Compilation terminated.
gmake: *** [src/Shared_Boot.obj] Error 1
"../src/Shared_Erase.c", line 50: fatal error #1965: cannot open source file "c1_bootrom.h"
1 catastrophic error detected in the compilation of "../src/Shared_Erase.c".
Compilation terminated.
gmake: *** [src/Shared_Erase.obj] Error 1
"../src/Shared_Verify.c", line 50: fatal error #1965: cannot open source file "c1_bootrom.h"
1 catastrophic error detected in the compilation of "../src/Shared_Verify.c".
Compilation terminated.
gmake: *** [src/Shared_Verify.obj] Error 1
Building file: "../src/SCI_GetFunction.c"
Invoking: C2000 Compiler
"/home/ismail/ti/ccs1271/ccs/tools/compiler/ti-cgt-c2000_22.6.1.LTS/bin/cl2000" -v28 -ml -mt --cla_support=cla1 --float_support=fpu32 --tmu_support=tmu0 --vcu_support=vcu2 -Ooff --include_path="/home/ismail/ti/C2000Ware_5_02_00_00/libraries/flash_api/f2837xd/include" --include_path="/home/ismail/ti/C2000Ware_5_02_00_00/device_support/f2837xd/headers/include" --include_path="/home/ismail/ti/C2000Ware_5_02_00_00/device_support/f2837xd/common/include" --include_path="/home/ismail/IOT-CANBus/TI/Bootloader/Smallbootloader" --include_path="/home/ismail/ti/ccs1271/ccs/tools/compiler/ti-cgt-c2000_22.6.1.LTS/include" --advice:performance=all --define=_LAUNCHXL_F28379D --define=_DUAL_HEADERS --define=DEBUG --define=CPU1 --diag_suppress=10063 --diag_warning=225 --diag_wrap=off --display_error_number --abi=coffabi --preproc_with_compile --preproc_dependency="src/SCI_GetFunction.d_raw" --obj_directory="src"  "../src/SCI_GetFunction.c"
 
>> Compilation failure
src/subdir_rules.mk:7: recipe for target 'src/SCI_GetFunction.obj' failed
Building file: "../src/Shared_Boot.c"
Invoking: C2000 Compiler
"/home/ismail/ti/ccs1271/ccs/tools/compiler/ti-cgt-c2000_22.6.1.LTS/bin/cl2000" -v28 -ml -mt --cla_support=cla1 --float_support=fpu32 --tmu_support=tmu0 --vcu_support=vcu2 -Ooff --include_path="/home/ismail/ti/C2000Ware_5_02_00_00/libraries/flash_api/f2837xd/include" --include_path="/home/ismail/ti/C2000Ware_5_02_00_00/device_support/f2837xd/headers/include" --include_path="/home/ismail/ti/C2000Ware_5_02_00_00/device_support/f2837xd/common/include" --include_path="/home/ismail/IOT-CANBus/TI/Bootloader/Smallbootloader" --include_path="/home/ismail/ti/ccs1271/ccs/tools/compiler/ti-cgt-c2000_22.6.1.LTS/include" --advice:performance=all --define=_LAUNCHXL_F28379D --define=_DUAL_HEADERS --define=DEBUG --define=CPU1 --diag_suppress=10063 --diag_warning=225 --diag_wrap=off --display_error_number --abi=coffabi --preproc_with_compile --preproc_dependency="src/Shared_Boot.d_raw" --obj_directory="src"  "../src/Shared_Boot.c"
 
>> Compilation failure
src/subdir_rules.mk:7: recipe for target 'src/Shared_Boot.obj' failed
Building file: "../src/Shared_Erase.c"
Invoking: C2000 Compiler
"/home/ismail/ti/ccs1271/ccs/tools/compiler/ti-cgt-c2000_22.6.1.LTS/bin/cl2000" -v28 -ml -mt --cla_support=cla1 --float_support=fpu32 --tmu_support=tmu0 --vcu_support=vcu2 -Ooff --include_path="/home/ismail/ti/C2000Ware_5_02_00_00/libraries/flash_api/f2837xd/include" --include_path="/home/ismail/ti/C2000Ware_5_02_00_00/device_support/f2837xd/headers/include" --include_path="/home/ismail/ti/C2000Ware_5_02_00_00/device_support/f2837xd/common/include" --include_path="/home/ismail/IOT-CANBus/TI/Bootloader/Smallbootloader" --include_path="/home/ismail/ti/ccs1271/ccs/tools/compiler/ti-cgt-c2000_22.6.1.LTS/include" --advice:performance=all --define=_LAUNCHXL_F28379D --define=_DUAL_HEADERS --define=DEBUG --define=CPU1 --diag_suppress=10063 --diag_warning=225 --diag_wrap=off --display_error_number --abi=coffabi --preproc_with_compile --preproc_dependency="src/Shared_Erase.d_raw" --obj_directory="src"  "../src/Shared_Erase.c"
 
>> Compilation failure
src/subdir_rules.mk:7: recipe for target 'src/Shared_Erase.obj' failed
Building file: "../src/Shared_Verify.c"
Invoking: C2000 Compiler
"/home/ismail/ti/ccs1271/ccs/tools/compiler/ti-cgt-c2000_22.6.1.LTS/bin/cl2000" -v28 -ml -mt --cla_support=cla1 --float_support=fpu32 --tmu_support=tmu0 --vcu_support=vcu2 -Ooff --include_path="/home/ismail/ti/C2000Ware_5_02_00_00/libraries/flash_api/f2837xd/include" --include_path="/home/ismail/ti/C2000Ware_5_02_00_00/device_support/f2837xd/headers/include" --include_path="/home/ismail/ti/C2000Ware_5_02_00_00/device_support/f2837xd/common/include" --include_path="/home/ismail/IOT-CANBus/TI/Bootloader/Smallbootloader" --include_path="/home/ismail/ti/ccs1271/ccs/tools/compiler/ti-cgt-c2000_22.6.1.LTS/include" --advice:performance=all --define=_LAUNCHXL_F28379D --define=_DUAL_HEADERS --define=DEBUG --define=CPU1 --diag_suppress=10063 --diag_warning=225 --diag_wrap=off --display_error_number --abi=coffabi --preproc_with_compile --preproc_dependency="src/Shared_Verify.d_raw" --obj_directory="src"  "../src/Shared_Verify.c"
 
>> Compilation failure
src/subdir_rules.mk:7: recipe for target 'src/Shared_Verify.obj' failed
Building file: "../src/main.c"
Invoking: C2000 Compiler
"/home/ismail/ti/ccs1271/ccs/tools/compiler/ti-cgt-c2000_22.6.1.LTS/bin/cl2000" -v28 -ml -mt --cla_support=cla1 --float_support=fpu32 --tmu_support=tmu0 --vcu_support=vcu2 -Ooff --include_path="/home/ismail/ti/C2000Ware_5_02_00_00/libraries/flash_api/f2837xd/include" --include_path="/home/ismail/ti/C2000Ware_5_02_00_00/device_support/f2837xd/headers/include" --include_path="/home/ismail/ti/C2000Ware_5_02_00_00/device_support/f2837xd/common/include" --include_path="/home/ismail/IOT-CANBus/TI/Bootloader/Smallbootloader" --include_path="/home/ismail/ti/ccs1271/ccs/tools/compiler/ti-cgt-c2000_22.6.1.LTS/include" --advice:performance=all --define=_LAUNCHXL_F28379D --define=_DUAL_HEADERS --define=DEBUG --define=CPU1 --diag_suppress=10063 --diag_warning=225 --diag_wrap=off --display_error_number --abi=coffabi --preproc_with_compile --preproc_dependency="src/main.d_raw" --obj_directory="src"  "../src/main.c"
 
>> Compilation failure
src/subdir_rules.mk:7: recipe for target 'src/main.obj' failed
"../src/main.c", line 60: fatal error #1965: cannot open source file "Shared_Erase.h"
1 catastrophic error detected in the compilation of "../src/main.c".
Compilation terminated.
gmake: *** [src/main.obj] Error 1
gmake: Target 'all' not remade because of errors.

**** Build Finished ****

**** Build of configuration CPU1_RAM for project Smallbootloader ****

/home/ismail/ti/ccs1271/ccs/utils/bin/gmake -k -j 4 all -O 
 
Building file: "../assembly/fwupgradec1toc2_start.asm"
Invoking: C2000 Compiler
"/home/ismail/ti/ccs1271/ccs/tools/compiler/ti-cgt-c2000_22.6.1.LTS/bin/cl2000" -v28 -ml -mt --cla_support=cla1 --float_support=fpu32 --tmu_support=tmu0 --vcu_support=vcu2 -Ooff --include_path="/home/ismail/IOT-CANBus/TI/Bootloader/Smallbootloader/linker" --include_path="/home/ismail/IOT-CANBus/TI/Bootloader/Smallbootloader/headers" --include_path="/home/ismail/ti/C2000Ware_5_02_00_00/libraries/flash_api/f2837xd/include" --include_path="/home/ismail/IOT-CANBus/TI/Bootloader/Smallbootloader/src" --include_path="/home/ismail/IOT-CANBus/TI/Bootloader/Smallbootloader/assembly" --include_path="/home/ismail/ti/C2000Ware_5_02_00_00/device_support/f2837xd/headers/include" --include_path="/home/ismail/ti/C2000Ware_5_02_00_00/device_support/f2837xd/common/include" --include_path="/home/ismail/IOT-CANBus/TI/Bootloader/Smallbootloader" --include_path="/home/ismail/ti/ccs1271/ccs/tools/compiler/ti-cgt-c2000_22.6.1.LTS/include" --advice:performance=all --define=_LAUNCHXL_F28379D --define=_DUAL_HEADERS --define=DEBUG --define=CPU1 --diag_suppress=10063 --diag_warning=225 --diag_wrap=off --display_error_number --abi=coffabi --preproc_with_compile --preproc_dependency="assembly/fwupgradec1toc2_start.d_raw" --obj_directory="assembly"  "../assembly/fwupgradec1toc2_start.asm"
Finished building: "../assembly/fwupgradec1toc2_start.asm"
 
Building file: "../assembly/F2837xD_usDelay.asm"
Invoking: C2000 Compiler
"/home/ismail/ti/ccs1271/ccs/tools/compiler/ti-cgt-c2000_22.6.1.LTS/bin/cl2000" -v28 -ml -mt --cla_support=cla1 --float_support=fpu32 --tmu_support=tmu0 --vcu_support=vcu2 -Ooff --include_path="/home/ismail/IOT-CANBus/TI/Bootloader/Smallbootloader/linker" --include_path="/home/ismail/IOT-CANBus/TI/Bootloader/Smallbootloader/headers" --include_path="/home/ismail/ti/C2000Ware_5_02_00_00/libraries/flash_api/f2837xd/include" --include_path="/home/ismail/IOT-CANBus/TI/Bootloader/Smallbootloader/src" --include_path="/home/ismail/IOT-CANBus/TI/Bootloader/Smallbootloader/assembly" --include_path="/home/ismail/ti/C2000Ware_5_02_00_00/device_support/f2837xd/headers/include" --include_path="/home/ismail/ti/C2000Ware_5_02_00_00/device_support/f2837xd/common/include" --include_path="/home/ismail/IOT-CANBus/TI/Bootloader/Smallbootloader" --include_path="/home/ismail/ti/ccs1271/ccs/tools/compiler/ti-cgt-c2000_22.6.1.LTS/include" --advice:performance=all --define=_LAUNCHXL_F28379D --define=_DUAL_HEADERS --define=DEBUG --define=CPU1 --diag_suppress=10063 --diag_warning=225 --diag_wrap=off --display_error_number --abi=coffabi --preproc_with_compile --preproc_dependency="assembly/F2837xD_usDelay.d_raw" --obj_directory="assembly"  "../assembly/F2837xD_usDelay.asm"
Finished building: "../assembly/F2837xD_usDelay.asm"
 
Building file: "../src/F2837xD_Ipc.c"
Invoking: C2000 Compiler
"/home/ismail/ti/ccs1271/ccs/tools/compiler/ti-cgt-c2000_22.6.1.LTS/bin/cl2000" -v28 -ml -mt --cla_support=cla1 --float_support=fpu32 --tmu_support=tmu0 --vcu_support=vcu2 -Ooff --include_path="/home/ismail/IOT-CANBus/TI/Bootloader/Smallbootloader/linker" --include_path="/home/ismail/IOT-CANBus/TI/Bootloader/Smallbootloader/headers" --include_path="/home/ismail/ti/C2000Ware_5_02_00_00/libraries/flash_api/f2837xd/include" --include_path="/home/ismail/IOT-CANBus/TI/Bootloader/Smallbootloader/src" --include_path="/home/ismail/IOT-CANBus/TI/Bootloader/Smallbootloader/assembly" --include_path="/home/ismail/ti/C2000Ware_5_02_00_00/device_support/f2837xd/headers/include" --include_path="/home/ismail/ti/C2000Ware_5_02_00_00/device_support/f2837xd/common/include" --include_path="/home/ismail/IOT-CANBus/TI/Bootloader/Smallbootloader" --include_path="/home/ismail/ti/ccs1271/ccs/tools/compiler/ti-cgt-c2000_22.6.1.LTS/include" --advice:performance=all --define=_LAUNCHXL_F28379D --define=_DUAL_HEADERS --define=DEBUG --define=CPU1 --diag_suppress=10063 --diag_warning=225 --diag_wrap=off --display_error_number --abi=coffabi --preproc_with_compile --preproc_dependency="src/F2837xD_Ipc.d_raw" --obj_directory="src"  "../src/F2837xD_Ipc.c"
Finished building: "../src/F2837xD_Ipc.c"
 
Building file: "../src/F2837xD_DefaultISR.c"
Invoking: C2000 Compiler
"/home/ismail/ti/ccs1271/ccs/tools/compiler/ti-cgt-c2000_22.6.1.LTS/bin/cl2000" -v28 -ml -mt --cla_support=cla1 --float_support=fpu32 --tmu_support=tmu0 --vcu_support=vcu2 -Ooff --include_path="/home/ismail/IOT-CANBus/TI/Bootloader/Smallbootloader/linker" --include_path="/home/ismail/IOT-CANBus/TI/Bootloader/Smallbootloader/headers" --include_path="/home/ismail/ti/C2000Ware_5_02_00_00/libraries/flash_api/f2837xd/include" --include_path="/home/ismail/IOT-CANBus/TI/Bootloader/Smallbootloader/src" --include_path="/home/ismail/IOT-CANBus/TI/Bootloader/Smallbootloader/assembly" --include_path="/home/ismail/ti/C2000Ware_5_02_00_00/device_support/f2837xd/headers/include" --include_path="/home/ismail/ti/C2000Ware_5_02_00_00/device_support/f2837xd/common/include" --include_path="/home/ismail/IOT-CANBus/TI/Bootloader/Smallbootloader" --include_path="/home/ismail/ti/ccs1271/ccs/tools/compiler/ti-cgt-c2000_22.6.1.LTS/include" --advice:performance=all --define=_LAUNCHXL_F28379D --define=_DUAL_HEADERS --define=DEBUG --define=CPU1 --diag_suppress=10063 --diag_warning=225 --diag_wrap=off --display_error_number --abi=coffabi --preproc_with_compile --preproc_dependency="src/F2837xD_DefaultISR.d_raw" --obj_directory="src"  "../src/F2837xD_DefaultISR.c"
Finished building: "../src/F2837xD_DefaultISR.c"
 
Building file: "../src/F2837xD_PieCtrl.c"
Invoking: C2000 Compiler
"/home/ismail/ti/ccs1271/ccs/tools/compiler/ti-cgt-c2000_22.6.1.LTS/bin/cl2000" -v28 -ml -mt --cla_support=cla1 --float_support=fpu32 --tmu_support=tmu0 --vcu_support=vcu2 -Ooff --include_path="/home/ismail/IOT-CANBus/TI/Bootloader/Smallbootloader/linker" --include_path="/home/ismail/IOT-CANBus/TI/Bootloader/Smallbootloader/headers" --include_path="/home/ismail/ti/C2000Ware_5_02_00_00/libraries/flash_api/f2837xd/include" --include_path="/home/ismail/IOT-CANBus/TI/Bootloader/Smallbootloader/src" --include_path="/home/ismail/IOT-CANBus/TI/Bootloader/Smallbootloader/assembly" --include_path="/home/ismail/ti/C2000Ware_5_02_00_00/device_support/f2837xd/headers/include" --include_path="/home/ismail/ti/C2000Ware_5_02_00_00/device_support/f2837xd/common/include" --include_path="/home/ismail/IOT-CANBus/TI/Bootloader/Smallbootloader" --include_path="/home/ismail/ti/ccs1271/ccs/tools/compiler/ti-cgt-c2000_22.6.1.LTS/include" --advice:performance=all --define=_LAUNCHXL_F28379D --define=_DUAL_HEADERS --define=DEBUG --define=CPU1 --diag_suppress=10063 --diag_warning=225 --diag_wrap=off --display_error_number --abi=coffabi --preproc_with_compile --preproc_dependency="src/F2837xD_PieCtrl.d_raw" --obj_directory="src"  "../src/F2837xD_PieCtrl.c"
Finished building: "../src/F2837xD_PieCtrl.c"
 
Building file: "../src/F2837xD_Gpio.c"
Invoking: C2000 Compiler
"/home/ismail/ti/ccs1271/ccs/tools/compiler/ti-cgt-c2000_22.6.1.LTS/bin/cl2000" -v28 -ml -mt --cla_support=cla1 --float_support=fpu32 --tmu_support=tmu0 --vcu_support=vcu2 -Ooff --include_path="/home/ismail/IOT-CANBus/TI/Bootloader/Smallbootloader/linker" --include_path="/home/ismail/IOT-CANBus/TI/Bootloader/Smallbootloader/headers" --include_path="/home/ismail/ti/C2000Ware_5_02_00_00/libraries/flash_api/f2837xd/include" --include_path="/home/ismail/IOT-CANBus/TI/Bootloader/Smallbootloader/src" --include_path="/home/ismail/IOT-CANBus/TI/Bootloader/Smallbootloader/assembly" --include_path="/home/ismail/ti/C2000Ware_5_02_00_00/device_support/f2837xd/headers/include" --include_path="/home/ismail/ti/C2000Ware_5_02_00_00/device_support/f2837xd/common/include" --include_path="/home/ismail/IOT-CANBus/TI/Bootloader/Smallbootloader" --include_path="/home/ismail/ti/ccs1271/ccs/tools/compiler/ti-cgt-c2000_22.6.1.LTS/include" --advice:performance=all --define=_LAUNCHXL_F28379D --define=_DUAL_HEADERS --define=DEBUG --define=CPU1 --diag_suppress=10063 --diag_warning=225 --diag_wrap=off --display_error_number --abi=coffabi --preproc_with_compile --preproc_dependency="src/F2837xD_Gpio.d_raw" --obj_directory="src"  "../src/F2837xD_Gpio.c"
Finished building: "../src/F2837xD_Gpio.c"
 
Building file: "../src/F2837xD_PieVect.c"
Invoking: C2000 Compiler
"/home/ismail/ti/ccs1271/ccs/tools/compiler/ti-cgt-c2000_22.6.1.LTS/bin/cl2000" -v28 -ml -mt --cla_support=cla1 --float_support=fpu32 --tmu_support=tmu0 --vcu_support=vcu2 -Ooff --include_path="/home/ismail/IOT-CANBus/TI/Bootloader/Smallbootloader/linker" --include_path="/home/ismail/IOT-CANBus/TI/Bootloader/Smallbootloader/headers" --include_path="/home/ismail/ti/C2000Ware_5_02_00_00/libraries/flash_api/f2837xd/include" --include_path="/home/ismail/IOT-CANBus/TI/Bootloader/Smallbootloader/src" --include_path="/home/ismail/IOT-CANBus/TI/Bootloader/Smallbootloader/assembly" --include_path="/home/ismail/ti/C2000Ware_5_02_00_00/device_support/f2837xd/headers/include" --include_path="/home/ismail/ti/C2000Ware_5_02_00_00/device_support/f2837xd/common/include" --include_path="/home/ismail/IOT-CANBus/TI/Bootloader/Smallbootloader" --include_path="/home/ismail/ti/ccs1271/ccs/tools/compiler/ti-cgt-c2000_22.6.1.LTS/include" --advice:performance=all --define=_LAUNCHXL_F28379D --define=_DUAL_HEADERS --define=DEBUG --define=CPU1 --diag_suppress=10063 --diag_warning=225 --diag_wrap=off --display_error_number --abi=coffabi --preproc_with_compile --preproc_dependency="src/F2837xD_PieVect.d_raw" --obj_directory="src"  "../src/F2837xD_PieVect.c"
Finished building: "../src/F2837xD_PieVect.c"
 
Building file: "../src/F2837xD_Ipc_Driver_Util.c"
Invoking: C2000 Compiler
"/home/ismail/ti/ccs1271/ccs/tools/compiler/ti-cgt-c2000_22.6.1.LTS/bin/cl2000" -v28 -ml -mt --cla_support=cla1 --float_support=fpu32 --tmu_support=tmu0 --vcu_support=vcu2 -Ooff --include_path="/home/ismail/IOT-CANBus/TI/Bootloader/Smallbootloader/linker" --include_path="/home/ismail/IOT-CANBus/TI/Bootloader/Smallbootloader/headers" --include_path="/home/ismail/ti/C2000Ware_5_02_00_00/libraries/flash_api/f2837xd/include" --include_path="/home/ismail/IOT-CANBus/TI/Bootloader/Smallbootloader/src" --include_path="/home/ismail/IOT-CANBus/TI/Bootloader/Smallbootloader/assembly" --include_path="/home/ismail/ti/C2000Ware_5_02_00_00/device_support/f2837xd/headers/include" --include_path="/home/ismail/ti/C2000Ware_5_02_00_00/device_support/f2837xd/common/include" --include_path="/home/ismail/IOT-CANBus/TI/Bootloader/Smallbootloader" --include_path="/home/ismail/ti/ccs1271/ccs/tools/compiler/ti-cgt-c2000_22.6.1.LTS/include" --advice:performance=all --define=_LAUNCHXL_F28379D --define=_DUAL_HEADERS --define=DEBUG --define=CPU1 --diag_suppress=10063 --diag_warning=225 --diag_wrap=off --display_error_number --abi=coffabi --preproc_with_compile --preproc_dependency="src/F2837xD_Ipc_Driver_Util.d_raw" --obj_directory="src"  "../src/F2837xD_Ipc_Driver_Util.c"
Finished building: "../src/F2837xD_Ipc_Driver_Util.c"
 
Building file: "../src/Fapi_UserDefinedFunctions.c"
Invoking: C2000 Compiler
"/home/ismail/ti/ccs1271/ccs/tools/compiler/ti-cgt-c2000_22.6.1.LTS/bin/cl2000" -v28 -ml -mt --cla_support=cla1 --float_support=fpu32 --tmu_support=tmu0 --vcu_support=vcu2 -Ooff --include_path="/home/ismail/IOT-CANBus/TI/Bootloader/Smallbootloader/linker" --include_path="/home/ismail/IOT-CANBus/TI/Bootloader/Smallbootloader/headers" --include_path="/home/ismail/ti/C2000Ware_5_02_00_00/libraries/flash_api/f2837xd/include" --include_path="/home/ismail/IOT-CANBus/TI/Bootloader/Smallbootloader/src" --include_path="/home/ismail/IOT-CANBus/TI/Bootloader/Smallbootloader/assembly" --include_path="/home/ismail/ti/C2000Ware_5_02_00_00/device_support/f2837xd/headers/include" --include_path="/home/ismail/ti/C2000Ware_5_02_00_00/device_support/f2837xd/common/include" --include_path="/home/ismail/IOT-CANBus/TI/Bootloader/Smallbootloader" --include_path="/home/ismail/ti/ccs1271/ccs/tools/compiler/ti-cgt-c2000_22.6.1.LTS/include" --advice:performance=all --define=_LAUNCHXL_F28379D --define=_DUAL_HEADERS --define=DEBUG --define=CPU1 --diag_suppress=10063 --diag_warning=225 --diag_wrap=off --display_error_number --abi=coffabi --preproc_with_compile --preproc_dependency="src/Fapi_UserDefinedFunctions.d_raw" --obj_directory="src"  "../src/Fapi_UserDefinedFunctions.c"
Finished building: "../src/Fapi_UserDefinedFunctions.c"
 
Building file: "../src/F2837xD_SysCtrl.c"
Invoking: C2000 Compiler
"/home/ismail/ti/ccs1271/ccs/tools/compiler/ti-cgt-c2000_22.6.1.LTS/bin/cl2000" -v28 -ml -mt --cla_support=cla1 --float_support=fpu32 --tmu_support=tmu0 --vcu_support=vcu2 -Ooff --include_path="/home/ismail/IOT-CANBus/TI/Bootloader/Smallbootloader/linker" --include_path="/home/ismail/IOT-CANBus/TI/Bootloader/Smallbootloader/headers" --include_path="/home/ismail/ti/C2000Ware_5_02_00_00/libraries/flash_api/f2837xd/include" --include_path="/home/ismail/IOT-CANBus/TI/Bootloader/Smallbootloader/src" --include_path="/home/ismail/IOT-CANBus/TI/Bootloader/Smallbootloader/assembly" --include_path="/home/ismail/ti/C2000Ware_5_02_00_00/device_support/f2837xd/headers/include" --include_path="/home/ismail/ti/C2000Ware_5_02_00_00/device_support/f2837xd/common/include" --include_path="/home/ismail/IOT-CANBus/TI/Bootloader/Smallbootloader" --include_path="/home/ismail/ti/ccs1271/ccs/tools/compiler/ti-cgt-c2000_22.6.1.LTS/include" --advice:performance=all --define=_LAUNCHXL_F28379D --define=_DUAL_HEADERS --define=DEBUG --define=CPU1 --diag_suppress=10063 --diag_warning=225 --diag_wrap=off --display_error_number --abi=coffabi --preproc_with_compile --preproc_dependency="src/F2837xD_SysCtrl.d_raw" --obj_directory="src"  "../src/F2837xD_SysCtrl.c"
"../src/F2837xD_SysCtrl.c", line 837 (col. 47): advice #2614-D: (Performance) Use --fp_mode=relaxed to enable TMU hardware support for FP division.
Finished building: "../src/F2837xD_SysCtrl.c"
 
Building file: "../src/SCI_Boot.c"
Invoking: C2000 Compiler
"/home/ismail/ti/ccs1271/ccs/tools/compiler/ti-cgt-c2000_22.6.1.LTS/bin/cl2000" -v28 -ml -mt --cla_support=cla1 --float_support=fpu32 --tmu_support=tmu0 --vcu_support=vcu2 -Ooff --include_path="/home/ismail/IOT-CANBus/TI/Bootloader/Smallbootloader/linker" --include_path="/home/ismail/IOT-CANBus/TI/Bootloader/Smallbootloader/headers" --include_path="/home/ismail/ti/C2000Ware_5_02_00_00/libraries/flash_api/f2837xd/include" --include_path="/home/ismail/IOT-CANBus/TI/Bootloader/Smallbootloader/src" --include_path="/home/ismail/IOT-CANBus/TI/Bootloader/Smallbootloader/assembly" --include_path="/home/ismail/ti/C2000Ware_5_02_00_00/device_support/f2837xd/headers/include" --include_path="/home/ismail/ti/C2000Ware_5_02_00_00/device_support/f2837xd/common/include" --include_path="/home/ismail/IOT-CANBus/TI/Bootloader/Smallbootloader" --include_path="/home/ismail/ti/ccs1271/ccs/tools/compiler/ti-cgt-c2000_22.6.1.LTS/include" --advice:performance=all --define=_LAUNCHXL_F28379D --define=_DUAL_HEADERS --define=DEBUG --define=CPU1 --diag_suppress=10063 --diag_warning=225 --diag_wrap=off --display_error_number --abi=coffabi --preproc_with_compile --preproc_dependency="src/SCI_Boot.d_raw" --obj_directory="src"  "../src/SCI_Boot.c"
Finished building: "../src/SCI_Boot.c"
 
Building file: "../src/Shared_Erase.c"
Invoking: C2000 Compiler
"/home/ismail/ti/ccs1271/ccs/tools/compiler/ti-cgt-c2000_22.6.1.LTS/bin/cl2000" -v28 -ml -mt --cla_support=cla1 --float_support=fpu32 --tmu_support=tmu0 --vcu_support=vcu2 -Ooff --include_path="/home/ismail/IOT-CANBus/TI/Bootloader/Smallbootloader/linker" --include_path="/home/ismail/IOT-CANBus/TI/Bootloader/Smallbootloader/headers" --include_path="/home/ismail/ti/C2000Ware_5_02_00_00/libraries/flash_api/f2837xd/include" --include_path="/home/ismail/IOT-CANBus/TI/Bootloader/Smallbootloader/src" --include_path="/home/ismail/IOT-CANBus/TI/Bootloader/Smallbootloader/assembly" --include_path="/home/ismail/ti/C2000Ware_5_02_00_00/device_support/f2837xd/headers/include" --include_path="/home/ismail/ti/C2000Ware_5_02_00_00/device_support/f2837xd/common/include" --include_path="/home/ismail/IOT-CANBus/TI/Bootloader/Smallbootloader" --include_path="/home/ismail/ti/ccs1271/ccs/tools/compiler/ti-cgt-c2000_22.6.1.LTS/include" --advice:performance=all --define=_LAUNCHXL_F28379D --define=_DUAL_HEADERS --define=DEBUG --define=CPU1 --diag_suppress=10063 --diag_warning=225 --diag_wrap=off --display_error_number --abi=coffabi --preproc_with_compile --preproc_dependency="src/Shared_Erase.d_raw" --obj_directory="src"  "../src/Shared_Erase.c"
Finished building: "../src/Shared_Erase.c"
 
Building file: "../src/SCI_GetFunction.c"
Invoking: C2000 Compiler
"/home/ismail/ti/ccs1271/ccs/tools/compiler/ti-cgt-c2000_22.6.1.LTS/bin/cl2000" -v28 -ml -mt --cla_support=cla1 --float_support=fpu32 --tmu_support=tmu0 --vcu_support=vcu2 -Ooff --include_path="/home/ismail/IOT-CANBus/TI/Bootloader/Smallbootloader/linker" --include_path="/home/ismail/IOT-CANBus/TI/Bootloader/Smallbootloader/headers" --include_path="/home/ismail/ti/C2000Ware_5_02_00_00/libraries/flash_api/f2837xd/include" --include_path="/home/ismail/IOT-CANBus/TI/Bootloader/Smallbootloader/src" --include_path="/home/ismail/IOT-CANBus/TI/Bootloader/Smallbootloader/assembly" --include_path="/home/ismail/ti/C2000Ware_5_02_00_00/device_support/f2837xd/headers/include" --include_path="/home/ismail/ti/C2000Ware_5_02_00_00/device_support/f2837xd/common/include" --include_path="/home/ismail/IOT-CANBus/TI/Bootloader/Smallbootloader" --include_path="/home/ismail/ti/ccs1271/ccs/tools/compiler/ti-cgt-c2000_22.6.1.LTS/include" --advice:performance=all --define=_LAUNCHXL_F28379D --define=_DUAL_HEADERS --define=DEBUG --define=CPU1 --diag_suppress=10063 --diag_warning=225 --diag_wrap=off --display_error_number --abi=coffabi --preproc_with_compile --preproc_dependency="src/SCI_GetFunction.d_raw" --obj_directory="src"  "../src/SCI_GetFunction.c"
Finished building: "../src/SCI_GetFunction.c"
 
Building file: "../src/F2837xD_GlobalVariableDefs.c"
Invoking: C2000 Compiler
"/home/ismail/ti/ccs1271/ccs/tools/compiler/ti-cgt-c2000_22.6.1.LTS/bin/cl2000" -v28 -ml -mt --cla_support=cla1 --float_support=fpu32 --tmu_support=tmu0 --vcu_support=vcu2 -Ooff --include_path="/home/ismail/IOT-CANBus/TI/Bootloader/Smallbootloader/linker" --include_path="/home/ismail/IOT-CANBus/TI/Bootloader/Smallbootloader/headers" --include_path="/home/ismail/ti/C2000Ware_5_02_00_00/libraries/flash_api/f2837xd/include" --include_path="/home/ismail/IOT-CANBus/TI/Bootloader/Smallbootloader/src" --include_path="/home/ismail/IOT-CANBus/TI/Bootloader/Smallbootloader/assembly" --include_path="/home/ismail/ti/C2000Ware_5_02_00_00/device_support/f2837xd/headers/include" --include_path="/home/ismail/ti/C2000Ware_5_02_00_00/device_support/f2837xd/common/include" --include_path="/home/ismail/IOT-CANBus/TI/Bootloader/Smallbootloader" --include_path="/home/ismail/ti/ccs1271/ccs/tools/compiler/ti-cgt-c2000_22.6.1.LTS/include" --advice:performance=all --define=_LAUNCHXL_F28379D --define=_DUAL_HEADERS --define=DEBUG --define=CPU1 --diag_suppress=10063 --diag_warning=225 --diag_wrap=off --display_error_number --abi=coffabi --preproc_with_compile --preproc_dependency="src/F2837xD_GlobalVariableDefs.d_raw" --obj_directory="src"  "../src/F2837xD_GlobalVariableDefs.c"
Finished building: "../src/F2837xD_GlobalVariableDefs.c"
 
Building file: "../src/Shared_Boot.c"
Invoking: C2000 Compiler
"/home/ismail/ti/ccs1271/ccs/tools/compiler/ti-cgt-c2000_22.6.1.LTS/bin/cl2000" -v28 -ml -mt --cla_support=cla1 --float_support=fpu32 --tmu_support=tmu0 --vcu_support=vcu2 -Ooff --include_path="/home/ismail/IOT-CANBus/TI/Bootloader/Smallbootloader/linker" --include_path="/home/ismail/IOT-CANBus/TI/Bootloader/Smallbootloader/headers" --include_path="/home/ismail/ti/C2000Ware_5_02_00_00/libraries/flash_api/f2837xd/include" --include_path="/home/ismail/IOT-CANBus/TI/Bootloader/Smallbootloader/src" --include_path="/home/ismail/IOT-CANBus/TI/Bootloader/Smallbootloader/assembly" --include_path="/home/ismail/ti/C2000Ware_5_02_00_00/device_support/f2837xd/headers/include" --include_path="/home/ismail/ti/C2000Ware_5_02_00_00/device_support/f2837xd/common/include" --include_path="/home/ismail/IOT-CANBus/TI/Bootloader/Smallbootloader" --include_path="/home/ismail/ti/ccs1271/ccs/tools/compiler/ti-cgt-c2000_22.6.1.LTS/include" --advice:performance=all --define=_LAUNCHXL_F28379D --define=_DUAL_HEADERS --define=DEBUG --define=CPU1 --diag_suppress=10063 --diag_warning=225 --diag_wrap=off --display_error_number --abi=coffabi --preproc_with_compile --preproc_dependency="src/Shared_Boot.d_raw" --obj_directory="src"  "../src/Shared_Boot.c"
Finished building: "../src/Shared_Boot.c"
 
Building file: "../src/Shared_Verify.c"
Invoking: C2000 Compiler
"/home/ismail/ti/ccs1271/ccs/tools/compiler/ti-cgt-c2000_22.6.1.LTS/bin/cl2000" -v28 -ml -mt --cla_support=cla1 --float_support=fpu32 --tmu_support=tmu0 --vcu_support=vcu2 -Ooff --include_path="/home/ismail/IOT-CANBus/TI/Bootloader/Smallbootloader/linker" --include_path="/home/ismail/IOT-CANBus/TI/Bootloader/Smallbootloader/headers" --include_path="/home/ismail/ti/C2000Ware_5_02_00_00/libraries/flash_api/f2837xd/include" --include_path="/home/ismail/IOT-CANBus/TI/Bootloader/Smallbootloader/src" --include_path="/home/ismail/IOT-CANBus/TI/Bootloader/Smallbootloader/assembly" --include_path="/home/ismail/ti/C2000Ware_5_02_00_00/device_support/f2837xd/headers/include" --include_path="/home/ismail/ti/C2000Ware_5_02_00_00/device_support/f2837xd/common/include" --include_path="/home/ismail/IOT-CANBus/TI/Bootloader/Smallbootloader" --include_path="/home/ismail/ti/ccs1271/ccs/tools/compiler/ti-cgt-c2000_22.6.1.LTS/include" --advice:performance=all --define=_LAUNCHXL_F28379D --define=_DUAL_HEADERS --define=DEBUG --define=CPU1 --diag_suppress=10063 --diag_warning=225 --diag_wrap=off --display_error_number --abi=coffabi --preproc_with_compile --preproc_dependency="src/Shared_Verify.d_raw" --obj_directory="src"  "../src/Shared_Verify.c"
Finished building: "../src/Shared_Verify.c"
 
Building file: "../src/main.c"
Invoking: C2000 Compiler
"/home/ismail/ti/ccs1271/ccs/tools/compiler/ti-cgt-c2000_22.6.1.LTS/bin/cl2000" -v28 -ml -mt --cla_support=cla1 --float_support=fpu32 --tmu_support=tmu0 --vcu_support=vcu2 -Ooff --include_path="/home/ismail/IOT-CANBus/TI/Bootloader/Smallbootloader/linker" --include_path="/home/ismail/IOT-CANBus/TI/Bootloader/Smallbootloader/headers" --include_path="/home/ismail/ti/C2000Ware_5_02_00_00/libraries/flash_api/f2837xd/include" --include_path="/home/ismail/IOT-CANBus/TI/Bootloader/Smallbootloader/src" --include_path="/home/ismail/IOT-CANBus/TI/Bootloader/Smallbootloader/assembly" --include_path="/home/ismail/ti/C2000Ware_5_02_00_00/device_support/f2837xd/headers/include" --include_path="/home/ismail/ti/C2000Ware_5_02_00_00/device_support/f2837xd/common/include" --include_path="/home/ismail/IOT-CANBus/TI/Bootloader/Smallbootloader" --include_path="/home/ismail/ti/ccs1271/ccs/tools/compiler/ti-cgt-c2000_22.6.1.LTS/include" --advice:performance=all --define=_LAUNCHXL_F28379D --define=_DUAL_HEADERS --define=DEBUG --define=CPU1 --diag_suppress=10063 --diag_warning=225 --diag_wrap=off --display_error_number --abi=coffabi --preproc_with_compile --preproc_dependency="src/main.d_raw" --obj_directory="src"  "../src/main.c"
"../src/main.c", line 270: warning #112-D: statement is unreachable
"../src/main.c", line 270: warning #551-D: variable "EntryAddr" is used before its value is set
Finished building: "../src/main.c"
 
Building target: "Smallbootloader.out"
Invoking: C2000 Linker
"/home/ismail/ti/ccs1271/ccs/tools/compiler/ti-cgt-c2000_22.6.1.LTS/bin/cl2000" -v28 -ml -mt --cla_support=cla1 --float_support=fpu32 --tmu_support=tmu0 --vcu_support=vcu2 -Ooff --advice:performance=all --define=_LAUNCHXL_F28379D --define=_DUAL_HEADERS --define=DEBUG --define=CPU1 --diag_suppress=10063 --diag_warning=225 --diag_wrap=off --display_error_number --abi=coffabi -z -m"Smallbootloader.map" --stack_size=0x100 --warn_sections -i"/home/ismail/ti/ccs1271/ccs/tools/compiler/ti-cgt-c2000_22.6.1.LTS/lib" -i"/home/ismail/ti/C2000Ware_5_02_00_00/device_support/f2837xd/common/cmd" -i"/home/ismail/ti/C2000Ware_5_02_00_00/device_support/f2837xd/headers/cmd" -i"/home/ismail/ti/ccs1271/ccs/tools/compiler/ti-cgt-c2000_22.6.1.LTS/include" --reread_libs --diag_wrap=off --display_error_number --xml_link_info="Smallbootloader_linkInfo.xml" --rom_model -o "Smallbootloader.out" "./assembly/F2837xD_usDelay.obj" "./assembly/fwupgradec1toc2_start.obj" "./src/F2837xD_DefaultISR.obj" "./src/F2837xD_GlobalVariableDefs.obj" "./src/F2837xD_Gpio.obj" "./src/F2837xD_Ipc.obj" "./src/F2837xD_Ipc_Driver_Util.obj" "./src/F2837xD_PieCtrl.obj" "./src/F2837xD_PieVect.obj" "./src/F2837xD_SysCtrl.obj" "./src/Fapi_UserDefinedFunctions.obj" "./src/SCI_Boot.obj" "./src/SCI_GetFunction.obj" "./src/Shared_Boot.obj" "./src/Shared_Erase.obj" "./src/Shared_Verify.obj" "./src/main.obj" "/home/ismail/ti/C2000Ware_5_02_00_00/libraries/flash_api/f2837xd/lib/F021_API_F2837xD_FPU32.lib" "/home/ismail/ti/C2000Ware_5_02_00_00/libraries/boot_rom/f2837xd/rev0/rom_symbol_libs/c1_ROM_API/c1bootROM_BootROMSymbols_fpu32.lib" "../linker/2837xD_FLASH_lnk_cpu1.cmd" "../linker/F2837xD_Headers_nonBIOS_cpu1.cmd" "../linker/flash_programming_cpu1tocpu2_RAM.cmd"  -l"/home/ismail/ti/ccs1271/ccs/tools/compiler/ti-cgt-c2000_22.6.1.LTS/lib/libc.a" 
<Linking>
Finished building target: "Smallbootloader.out"
 

**** Build Finished ****

**** Build of configuration CPU1_RAM for project Smallbootloader ****

/home/ismail/ti/ccs1271/ccs/utils/bin/gmake -k -j 4 all -O 
 
Building target: "Smallbootloader.out"
Invoking: C2000 Linker
"/home/ismail/ti/ccs1271/ccs/tools/compiler/ti-cgt-c2000_22.6.1.LTS/bin/cl2000" -v28 -ml -mt --cla_support=cla1 --float_support=fpu32 --tmu_support=tmu0 --vcu_support=vcu2 -Ooff --advice:performance=all --define=_LAUNCHXL_F28379D --define=_DUAL_HEADERS --define=DEBUG --define=CPU1 --diag_suppress=10063 --diag_warning=225 --diag_wrap=off --display_error_number --abi=coffabi -z -m"Smallbootloader.map" --stack_size=0x100 --warn_sections -i"/home/ismail/ti/ccs1271/ccs/tools/compiler/ti-cgt-c2000_22.6.1.LTS/lib" -i"/home/ismail/ti/C2000Ware_5_02_00_00/device_support/f2837xd/common/cmd" -i"/home/ismail/ti/C2000Ware_5_02_00_00/device_support/f2837xd/headers/cmd" -i"/home/ismail/ti/ccs1271/ccs/tools/compiler/ti-cgt-c2000_22.6.1.LTS/include" --reread_libs --diag_wrap=off --display_error_number --xml_link_info="Smallbootloader_linkInfo.xml" --rom_model -o "Smallbootloader.out" "./assembly/F2837xD_usDelay.obj" "./assembly/fwupgradec1toc2_start.obj" "./src/F2837xD_DefaultISR.obj" "./src/F2837xD_GlobalVariableDefs.obj" "./src/F2837xD_Gpio.obj" "./src/F2837xD_Ipc.obj" "./src/F2837xD_Ipc_Driver_Util.obj" "./src/F2837xD_PieCtrl.obj" "./src/F2837xD_PieVect.obj" "./src/F2837xD_SysCtrl.obj" "./src/Fapi_UserDefinedFunctions.obj" "./src/SCI_Boot.obj" "./src/SCI_GetFunction.obj" "./src/Shared_Boot.obj" "./src/Shared_Erase.obj" "./src/Shared_Verify.obj" "./src/main.obj" "/home/ismail/ti/C2000Ware_5_02_00_00/libraries/flash_api/f2837xd/lib/F021_API_F2837xD_FPU32.lib" "/home/ismail/ti/C2000Ware_5_02_00_00/libraries/boot_rom/f2837xd/rev0/rom_symbol_libs/c1_ROM_API/c1bootROM_BootROMSymbols_fpu32.lib" "../linker/2837xD_FLASH_lnk_cpu1.cmd" "../linker/F2837xD_Headers_nonBIOS_cpu1.cmd" "../linker/flash_programming_cpu1tocpu2_RAM.cmd"  -l"/home/ismail/ti/ccs1271/ccs/tools/compiler/ti-cgt-c2000_22.6.1.LTS/lib/libc.a" 
<Linking>
warning #10247-D: creating output section "CONST_INFO" without a SECTIONS specification
warning #10247-D: creating output section "REV_INFO" without a SECTIONS specification
warning #10247-D: creating output section "SELECTION_LOGIC" without a SECTIONS specification
Finished building target: "Smallbootloader.out"
 

**** Build Finished ****

**** Build of configuration CPU1_RAM for project Smallbootloader ****

/home/ismail/ti/ccs1271/ccs/utils/bin/gmake -k -j 4 all -O 
 
Building file: "../assembly/fwupgradec1toc2_start.asm"
Invoking: C2000 Compiler
"/home/ismail/ti/ccs1271/ccs/tools/compiler/ti-cgt-c2000_22.6.1.LTS/bin/cl2000" -v28 -ml -mt --cla_support=cla1 --float_support=fpu32 --tmu_support=tmu0 --vcu_support=vcu2 -Ooff --include_path="/home/ismail/IOT-CANBus/TI/Bootloader/Smallbootloader/linker" --include_path="/home/ismail/IOT-CANBus/TI/Bootloader/Smallbootloader/headers" --include_path="/home/ismail/ti/C2000Ware_5_02_00_00/libraries/flash_api/f2837xd/include" --include_path="/home/ismail/IOT-CANBus/TI/Bootloader/Smallbootloader/src" --include_path="/home/ismail/IOT-CANBus/TI/Bootloader/Smallbootloader/assembly" --include_path="/home/ismail/ti/C2000Ware_5_02_00_00/device_support/f2837xd/headers/include" --include_path="/home/ismail/ti/C2000Ware_5_02_00_00/device_support/f2837xd/common/include" --include_path="/home/ismail/IOT-CANBus/TI/Bootloader/Smallbootloader" --include_path="/home/ismail/ti/ccs1271/ccs/tools/compiler/ti-cgt-c2000_22.6.1.LTS/include" --advice:performance=all --define=_LAUNCHXL_F28379D --define=_DUAL_HEADERS --define=DEBUG --define=CPU1 --diag_suppress=10063 --diag_warning=225 --diag_wrap=off --display_error_number --abi=coffabi --section_sizes=on --preproc_with_compile --preproc_dependency="assembly/fwupgradec1toc2_start.d_raw" --obj_directory="assembly"  "../assembly/fwupgradec1toc2_start.asm"
Finished building: "../assembly/fwupgradec1toc2_start.asm"
 
Building file: "../assembly/F2837xD_usDelay.asm"
Invoking: C2000 Compiler
"/home/ismail/ti/ccs1271/ccs/tools/compiler/ti-cgt-c2000_22.6.1.LTS/bin/cl2000" -v28 -ml -mt --cla_support=cla1 --float_support=fpu32 --tmu_support=tmu0 --vcu_support=vcu2 -Ooff --include_path="/home/ismail/IOT-CANBus/TI/Bootloader/Smallbootloader/linker" --include_path="/home/ismail/IOT-CANBus/TI/Bootloader/Smallbootloader/headers" --include_path="/home/ismail/ti/C2000Ware_5_02_00_00/libraries/flash_api/f2837xd/include" --include_path="/home/ismail/IOT-CANBus/TI/Bootloader/Smallbootloader/src" --include_path="/home/ismail/IOT-CANBus/TI/Bootloader/Smallbootloader/assembly" --include_path="/home/ismail/ti/C2000Ware_5_02_00_00/device_support/f2837xd/headers/include" --include_path="/home/ismail/ti/C2000Ware_5_02_00_00/device_support/f2837xd/common/include" --include_path="/home/ismail/IOT-CANBus/TI/Bootloader/Smallbootloader" --include_path="/home/ismail/ti/ccs1271/ccs/tools/compiler/ti-cgt-c2000_22.6.1.LTS/include" --advice:performance=all --define=_LAUNCHXL_F28379D --define=_DUAL_HEADERS --define=DEBUG --define=CPU1 --diag_suppress=10063 --diag_warning=225 --diag_wrap=off --display_error_number --abi=coffabi --section_sizes=on --preproc_with_compile --preproc_dependency="assembly/F2837xD_usDelay.d_raw" --obj_directory="assembly"  "../assembly/F2837xD_usDelay.asm"
Finished building: "../assembly/F2837xD_usDelay.asm"
 
Building file: "../src/F2837xD_Ipc.c"
Invoking: C2000 Compiler
"/home/ismail/ti/ccs1271/ccs/tools/compiler/ti-cgt-c2000_22.6.1.LTS/bin/cl2000" -v28 -ml -mt --cla_support=cla1 --float_support=fpu32 --tmu_support=tmu0 --vcu_support=vcu2 -Ooff --include_path="/home/ismail/IOT-CANBus/TI/Bootloader/Smallbootloader/linker" --include_path="/home/ismail/IOT-CANBus/TI/Bootloader/Smallbootloader/headers" --include_path="/home/ismail/ti/C2000Ware_5_02_00_00/libraries/flash_api/f2837xd/include" --include_path="/home/ismail/IOT-CANBus/TI/Bootloader/Smallbootloader/src" --include_path="/home/ismail/IOT-CANBus/TI/Bootloader/Smallbootloader/assembly" --include_path="/home/ismail/ti/C2000Ware_5_02_00_00/device_support/f2837xd/headers/include" --include_path="/home/ismail/ti/C2000Ware_5_02_00_00/device_support/f2837xd/common/include" --include_path="/home/ismail/IOT-CANBus/TI/Bootloader/Smallbootloader" --include_path="/home/ismail/ti/ccs1271/ccs/tools/compiler/ti-cgt-c2000_22.6.1.LTS/include" --advice:performance=all --define=_LAUNCHXL_F28379D --define=_DUAL_HEADERS --define=DEBUG --define=CPU1 --diag_suppress=10063 --diag_warning=225 --diag_wrap=off --display_error_number --abi=coffabi --section_sizes=on --preproc_with_compile --preproc_dependency="src/F2837xD_Ipc.d_raw" --obj_directory="src"  "../src/F2837xD_Ipc.c"
FILE: src/F2837xD_Ipc.obj
CODE  size (bytes): 172
 
Finished building: "../src/F2837xD_Ipc.c"
 
Building file: "../src/F2837xD_DefaultISR.c"
Invoking: C2000 Compiler
"/home/ismail/ti/ccs1271/ccs/tools/compiler/ti-cgt-c2000_22.6.1.LTS/bin/cl2000" -v28 -ml -mt --cla_support=cla1 --float_support=fpu32 --tmu_support=tmu0 --vcu_support=vcu2 -Ooff --include_path="/home/ismail/IOT-CANBus/TI/Bootloader/Smallbootloader/linker" --include_path="/home/ismail/IOT-CANBus/TI/Bootloader/Smallbootloader/headers" --include_path="/home/ismail/ti/C2000Ware_5_02_00_00/libraries/flash_api/f2837xd/include" --include_path="/home/ismail/IOT-CANBus/TI/Bootloader/Smallbootloader/src" --include_path="/home/ismail/IOT-CANBus/TI/Bootloader/Smallbootloader/assembly" --include_path="/home/ismail/ti/C2000Ware_5_02_00_00/device_support/f2837xd/headers/include" --include_path="/home/ismail/ti/C2000Ware_5_02_00_00/device_support/f2837xd/common/include" --include_path="/home/ismail/IOT-CANBus/TI/Bootloader/Smallbootloader" --include_path="/home/ismail/ti/ccs1271/ccs/tools/compiler/ti-cgt-c2000_22.6.1.LTS/include" --advice:performance=all --define=_LAUNCHXL_F28379D --define=_DUAL_HEADERS --define=DEBUG --define=CPU1 --diag_suppress=10063 --diag_warning=225 --diag_wrap=off --display_error_number --abi=coffabi --section_sizes=on --preproc_with_compile --preproc_dependency="src/F2837xD_DefaultISR.d_raw" --obj_directory="src"  "../src/F2837xD_DefaultISR.c"
FILE: src/F2837xD_DefaultISR.obj
CODE  size (bytes): 1413
 
Finished building: "../src/F2837xD_DefaultISR.c"
 
Building file: "../src/F2837xD_PieCtrl.c"
Invoking: C2000 Compiler
"/home/ismail/ti/ccs1271/ccs/tools/compiler/ti-cgt-c2000_22.6.1.LTS/bin/cl2000" -v28 -ml -mt --cla_support=cla1 --float_support=fpu32 --tmu_support=tmu0 --vcu_support=vcu2 -Ooff --include_path="/home/ismail/IOT-CANBus/TI/Bootloader/Smallbootloader/linker" --include_path="/home/ismail/IOT-CANBus/TI/Bootloader/Smallbootloader/headers" --include_path="/home/ismail/ti/C2000Ware_5_02_00_00/libraries/flash_api/f2837xd/include" --include_path="/home/ismail/IOT-CANBus/TI/Bootloader/Smallbootloader/src" --include_path="/home/ismail/IOT-CANBus/TI/Bootloader/Smallbootloader/assembly" --include_path="/home/ismail/ti/C2000Ware_5_02_00_00/device_support/f2837xd/headers/include" --include_path="/home/ismail/ti/C2000Ware_5_02_00_00/device_support/f2837xd/common/include" --include_path="/home/ismail/IOT-CANBus/TI/Bootloader/Smallbootloader" --include_path="/home/ismail/ti/ccs1271/ccs/tools/compiler/ti-cgt-c2000_22.6.1.LTS/include" --advice:performance=all --define=_LAUNCHXL_F28379D --define=_DUAL_HEADERS --define=DEBUG --define=CPU1 --diag_suppress=10063 --diag_warning=225 --diag_wrap=off --display_error_number --abi=coffabi --section_sizes=on --preproc_with_compile --preproc_dependency="src/F2837xD_PieCtrl.d_raw" --obj_directory="src"  "../src/F2837xD_PieCtrl.c"
FILE: src/F2837xD_PieCtrl.obj
CODE  size (bytes): 40
 
Finished building: "../src/F2837xD_PieCtrl.c"
 
Building file: "../src/F2837xD_Gpio.c"
Invoking: C2000 Compiler
"/home/ismail/ti/ccs1271/ccs/tools/compiler/ti-cgt-c2000_22.6.1.LTS/bin/cl2000" -v28 -ml -mt --cla_support=cla1 --float_support=fpu32 --tmu_support=tmu0 --vcu_support=vcu2 -Ooff --include_path="/home/ismail/IOT-CANBus/TI/Bootloader/Smallbootloader/linker" --include_path="/home/ismail/IOT-CANBus/TI/Bootloader/Smallbootloader/headers" --include_path="/home/ismail/ti/C2000Ware_5_02_00_00/libraries/flash_api/f2837xd/include" --include_path="/home/ismail/IOT-CANBus/TI/Bootloader/Smallbootloader/src" --include_path="/home/ismail/IOT-CANBus/TI/Bootloader/Smallbootloader/assembly" --include_path="/home/ismail/ti/C2000Ware_5_02_00_00/device_support/f2837xd/headers/include" --include_path="/home/ismail/ti/C2000Ware_5_02_00_00/device_support/f2837xd/common/include" --include_path="/home/ismail/IOT-CANBus/TI/Bootloader/Smallbootloader" --include_path="/home/ismail/ti/ccs1271/ccs/tools/compiler/ti-cgt-c2000_22.6.1.LTS/include" --advice:performance=all --define=_LAUNCHXL_F28379D --define=_DUAL_HEADERS --define=DEBUG --define=CPU1 --diag_suppress=10063 --diag_warning=225 --diag_wrap=off --display_error_number --abi=coffabi --section_sizes=on --preproc_with_compile --preproc_dependency="src/F2837xD_Gpio.d_raw" --obj_directory="src"  "../src/F2837xD_Gpio.c"
FILE: src/F2837xD_Gpio.obj
CODE  size (bytes): 580
 
Finished building: "../src/F2837xD_Gpio.c"
 
Building file: "../src/F2837xD_Ipc_Driver_Util.c"
Invoking: C2000 Compiler
"/home/ismail/ti/ccs1271/ccs/tools/compiler/ti-cgt-c2000_22.6.1.LTS/bin/cl2000" -v28 -ml -mt --cla_support=cla1 --float_support=fpu32 --tmu_support=tmu0 --vcu_support=vcu2 -Ooff --include_path="/home/ismail/IOT-CANBus/TI/Bootloader/Smallbootloader/linker" --include_path="/home/ismail/IOT-CANBus/TI/Bootloader/Smallbootloader/headers" --include_path="/home/ismail/ti/C2000Ware_5_02_00_00/libraries/flash_api/f2837xd/include" --include_path="/home/ismail/IOT-CANBus/TI/Bootloader/Smallbootloader/src" --include_path="/home/ismail/IOT-CANBus/TI/Bootloader/Smallbootloader/assembly" --include_path="/home/ismail/ti/C2000Ware_5_02_00_00/device_support/f2837xd/headers/include" --include_path="/home/ismail/ti/C2000Ware_5_02_00_00/device_support/f2837xd/common/include" --include_path="/home/ismail/IOT-CANBus/TI/Bootloader/Smallbootloader" --include_path="/home/ismail/ti/ccs1271/ccs/tools/compiler/ti-cgt-c2000_22.6.1.LTS/include" --advice:performance=all --define=_LAUNCHXL_F28379D --define=_DUAL_HEADERS --define=DEBUG --define=CPU1 --diag_suppress=10063 --diag_warning=225 --diag_wrap=off --display_error_number --abi=coffabi --section_sizes=on --preproc_with_compile --preproc_dependency="src/F2837xD_Ipc_Driver_Util.d_raw" --obj_directory="src"  "../src/F2837xD_Ipc_Driver_Util.c"
FILE: src/F2837xD_Ipc_Driver_Util.obj
CODE  size (bytes): 366
 
Finished building: "../src/F2837xD_Ipc_Driver_Util.c"
 
Building file: "../src/F2837xD_PieVect.c"
Invoking: C2000 Compiler
"/home/ismail/ti/ccs1271/ccs/tools/compiler/ti-cgt-c2000_22.6.1.LTS/bin/cl2000" -v28 -ml -mt --cla_support=cla1 --float_support=fpu32 --tmu_support=tmu0 --vcu_support=vcu2 -Ooff --include_path="/home/ismail/IOT-CANBus/TI/Bootloader/Smallbootloader/linker" --include_path="/home/ismail/IOT-CANBus/TI/Bootloader/Smallbootloader/headers" --include_path="/home/ismail/ti/C2000Ware_5_02_00_00/libraries/flash_api/f2837xd/include" --include_path="/home/ismail/IOT-CANBus/TI/Bootloader/Smallbootloader/src" --include_path="/home/ismail/IOT-CANBus/TI/Bootloader/Smallbootloader/assembly" --include_path="/home/ismail/ti/C2000Ware_5_02_00_00/device_support/f2837xd/headers/include" --include_path="/home/ismail/ti/C2000Ware_5_02_00_00/device_support/f2837xd/common/include" --include_path="/home/ismail/IOT-CANBus/TI/Bootloader/Smallbootloader" --include_path="/home/ismail/ti/ccs1271/ccs/tools/compiler/ti-cgt-c2000_22.6.1.LTS/include" --advice:performance=all --define=_LAUNCHXL_F28379D --define=_DUAL_HEADERS --define=DEBUG --define=CPU1 --diag_suppress=10063 --diag_warning=225 --diag_wrap=off --display_error_number --abi=coffabi --section_sizes=on --preproc_with_compile --preproc_dependency="src/F2837xD_PieVect.d_raw" --obj_directory="src"  "../src/F2837xD_PieVect.c"
FILE: src/F2837xD_PieVect.obj
CODE  size (bytes): 38
CONST size (bytes): 448
 
Finished building: "../src/F2837xD_PieVect.c"
 
Building file: "../src/Fapi_UserDefinedFunctions.c"
Invoking: C2000 Compiler
"/home/ismail/ti/ccs1271/ccs/tools/compiler/ti-cgt-c2000_22.6.1.LTS/bin/cl2000" -v28 -ml -mt --cla_support=cla1 --float_support=fpu32 --tmu_support=tmu0 --vcu_support=vcu2 -Ooff --include_path="/home/ismail/IOT-CANBus/TI/Bootloader/Smallbootloader/linker" --include_path="/home/ismail/IOT-CANBus/TI/Bootloader/Smallbootloader/headers" --include_path="/home/ismail/ti/C2000Ware_5_02_00_00/libraries/flash_api/f2837xd/include" --include_path="/home/ismail/IOT-CANBus/TI/Bootloader/Smallbootloader/src" --include_path="/home/ismail/IOT-CANBus/TI/Bootloader/Smallbootloader/assembly" --include_path="/home/ismail/ti/C2000Ware_5_02_00_00/device_support/f2837xd/headers/include" --include_path="/home/ismail/ti/C2000Ware_5_02_00_00/device_support/f2837xd/common/include" --include_path="/home/ismail/IOT-CANBus/TI/Bootloader/Smallbootloader" --include_path="/home/ismail/ti/ccs1271/ccs/tools/compiler/ti-cgt-c2000_22.6.1.LTS/include" --advice:performance=all --define=_LAUNCHXL_F28379D --define=_DUAL_HEADERS --define=DEBUG --define=CPU1 --diag_suppress=10063 --diag_warning=225 --diag_wrap=off --display_error_number --abi=coffabi --section_sizes=on --preproc_with_compile --preproc_dependency="src/Fapi_UserDefinedFunctions.d_raw" --obj_directory="src"  "../src/Fapi_UserDefinedFunctions.c"
FILE: src/Fapi_UserDefinedFunctions.obj
CODE  size (bytes): 148
 
Finished building: "../src/Fapi_UserDefinedFunctions.c"
 
Building file: "../src/F2837xD_SysCtrl.c"
Invoking: C2000 Compiler
"/home/ismail/ti/ccs1271/ccs/tools/compiler/ti-cgt-c2000_22.6.1.LTS/bin/cl2000" -v28 -ml -mt --cla_support=cla1 --float_support=fpu32 --tmu_support=tmu0 --vcu_support=vcu2 -Ooff --include_path="/home/ismail/IOT-CANBus/TI/Bootloader/Smallbootloader/linker" --include_path="/home/ismail/IOT-CANBus/TI/Bootloader/Smallbootloader/headers" --include_path="/home/ismail/ti/C2000Ware_5_02_00_00/libraries/flash_api/f2837xd/include" --include_path="/home/ismail/IOT-CANBus/TI/Bootloader/Smallbootloader/src" --include_path="/home/ismail/IOT-CANBus/TI/Bootloader/Smallbootloader/assembly" --include_path="/home/ismail/ti/C2000Ware_5_02_00_00/device_support/f2837xd/headers/include" --include_path="/home/ismail/ti/C2000Ware_5_02_00_00/device_support/f2837xd/common/include" --include_path="/home/ismail/IOT-CANBus/TI/Bootloader/Smallbootloader" --include_path="/home/ismail/ti/ccs1271/ccs/tools/compiler/ti-cgt-c2000_22.6.1.LTS/include" --advice:performance=all --define=_LAUNCHXL_F28379D --define=_DUAL_HEADERS --define=DEBUG --define=CPU1 --diag_suppress=10063 --diag_warning=225 --diag_wrap=off --display_error_number --abi=coffabi --section_sizes=on --preproc_with_compile --preproc_dependency="src/F2837xD_SysCtrl.d_raw" --obj_directory="src"  "../src/F2837xD_SysCtrl.c"
FILE: src/F2837xD_SysCtrl.obj
CODE  size (bytes): 1250
 
"../src/F2837xD_SysCtrl.c", line 837 (col. 47): advice #2614-D: (Performance) Use --fp_mode=relaxed to enable TMU hardware support for FP division.
Finished building: "../src/F2837xD_SysCtrl.c"
 
Building file: "../src/SCI_Boot.c"
Invoking: C2000 Compiler
"/home/ismail/ti/ccs1271/ccs/tools/compiler/ti-cgt-c2000_22.6.1.LTS/bin/cl2000" -v28 -ml -mt --cla_support=cla1 --float_support=fpu32 --tmu_support=tmu0 --vcu_support=vcu2 -Ooff --include_path="/home/ismail/IOT-CANBus/TI/Bootloader/Smallbootloader/linker" --include_path="/home/ismail/IOT-CANBus/TI/Bootloader/Smallbootloader/headers" --include_path="/home/ismail/ti/C2000Ware_5_02_00_00/libraries/flash_api/f2837xd/include" --include_path="/home/ismail/IOT-CANBus/TI/Bootloader/Smallbootloader/src" --include_path="/home/ismail/IOT-CANBus/TI/Bootloader/Smallbootloader/assembly" --include_path="/home/ismail/ti/C2000Ware_5_02_00_00/device_support/f2837xd/headers/include" --include_path="/home/ismail/ti/C2000Ware_5_02_00_00/device_support/f2837xd/common/include" --include_path="/home/ismail/IOT-CANBus/TI/Bootloader/Smallbootloader" --include_path="/home/ismail/ti/ccs1271/ccs/tools/compiler/ti-cgt-c2000_22.6.1.LTS/include" --advice:performance=all --define=_LAUNCHXL_F28379D --define=_DUAL_HEADERS --define=DEBUG --define=CPU1 --diag_suppress=10063 --diag_warning=225 --diag_wrap=off --display_error_number --abi=coffabi --section_sizes=on --preproc_with_compile --preproc_dependency="src/SCI_Boot.d_raw" --obj_directory="src"  "../src/SCI_Boot.c"
FILE: src/SCI_Boot.obj
CODE  size (bytes): 222
 
Finished building: "../src/SCI_Boot.c"
 
Building file: "../src/Shared_Erase.c"
Invoking: C2000 Compiler
"/home/ismail/ti/ccs1271/ccs/tools/compiler/ti-cgt-c2000_22.6.1.LTS/bin/cl2000" -v28 -ml -mt --cla_support=cla1 --float_support=fpu32 --tmu_support=tmu0 --vcu_support=vcu2 -Ooff --include_path="/home/ismail/IOT-CANBus/TI/Bootloader/Smallbootloader/linker" --include_path="/home/ismail/IOT-CANBus/TI/Bootloader/Smallbootloader/headers" --include_path="/home/ismail/ti/C2000Ware_5_02_00_00/libraries/flash_api/f2837xd/include" --include_path="/home/ismail/IOT-CANBus/TI/Bootloader/Smallbootloader/src" --include_path="/home/ismail/IOT-CANBus/TI/Bootloader/Smallbootloader/assembly" --include_path="/home/ismail/ti/C2000Ware_5_02_00_00/device_support/f2837xd/headers/include" --include_path="/home/ismail/ti/C2000Ware_5_02_00_00/device_support/f2837xd/common/include" --include_path="/home/ismail/IOT-CANBus/TI/Bootloader/Smallbootloader" --include_path="/home/ismail/ti/ccs1271/ccs/tools/compiler/ti-cgt-c2000_22.6.1.LTS/include" --advice:performance=all --define=_LAUNCHXL_F28379D --define=_DUAL_HEADERS --define=DEBUG --define=CPU1 --diag_suppress=10063 --diag_warning=225 --diag_wrap=off --display_error_number --abi=coffabi --section_sizes=on --preproc_with_compile --preproc_dependency="src/Shared_Erase.d_raw" --obj_directory="src"  "../src/Shared_Erase.c"
FILE: src/Shared_Erase.obj
CODE  size (bytes): 98
CONST size (bytes): 42
 
Finished building: "../src/Shared_Erase.c"
 
Building file: "../src/F2837xD_GlobalVariableDefs.c"
Invoking: C2000 Compiler
"/home/ismail/ti/ccs1271/ccs/tools/compiler/ti-cgt-c2000_22.6.1.LTS/bin/cl2000" -v28 -ml -mt --cla_support=cla1 --float_support=fpu32 --tmu_support=tmu0 --vcu_support=vcu2 -Ooff --include_path="/home/ismail/IOT-CANBus/TI/Bootloader/Smallbootloader/linker" --include_path="/home/ismail/IOT-CANBus/TI/Bootloader/Smallbootloader/headers" --include_path="/home/ismail/ti/C2000Ware_5_02_00_00/libraries/flash_api/f2837xd/include" --include_path="/home/ismail/IOT-CANBus/TI/Bootloader/Smallbootloader/src" --include_path="/home/ismail/IOT-CANBus/TI/Bootloader/Smallbootloader/assembly" --include_path="/home/ismail/ti/C2000Ware_5_02_00_00/device_support/f2837xd/headers/include" --include_path="/home/ismail/ti/C2000Ware_5_02_00_00/device_support/f2837xd/common/include" --include_path="/home/ismail/IOT-CANBus/TI/Bootloader/Smallbootloader" --include_path="/home/ismail/ti/ccs1271/ccs/tools/compiler/ti-cgt-c2000_22.6.1.LTS/include" --advice:performance=all --define=_LAUNCHXL_F28379D --define=_DUAL_HEADERS --define=DEBUG --define=CPU1 --diag_suppress=10063 --diag_warning=225 --diag_wrap=off --display_error_number --abi=coffabi --section_sizes=on --preproc_with_compile --preproc_dependency="src/F2837xD_GlobalVariableDefs.d_raw" --obj_directory="src"  "../src/F2837xD_GlobalVariableDefs.c"
FILE: src/F2837xD_GlobalVariableDefs.obj
DATA  size (bytes): 9870
 
Finished building: "../src/F2837xD_GlobalVariableDefs.c"
 
Building file: "../src/SCI_GetFunction.c"
Invoking: C2000 Compiler
"/home/ismail/ti/ccs1271/ccs/tools/compiler/ti-cgt-c2000_22.6.1.LTS/bin/cl2000" -v28 -ml -mt --cla_support=cla1 --float_support=fpu32 --tmu_support=tmu0 --vcu_support=vcu2 -Ooff --include_path="/home/ismail/IOT-CANBus/TI/Bootloader/Smallbootloader/linker" --include_path="/home/ismail/IOT-CANBus/TI/Bootloader/Smallbootloader/headers" --include_path="/home/ismail/ti/C2000Ware_5_02_00_00/libraries/flash_api/f2837xd/include" --include_path="/home/ismail/IOT-CANBus/TI/Bootloader/Smallbootloader/src" --include_path="/home/ismail/IOT-CANBus/TI/Bootloader/Smallbootloader/assembly" --include_path="/home/ismail/ti/C2000Ware_5_02_00_00/device_support/f2837xd/headers/include" --include_path="/home/ismail/ti/C2000Ware_5_02_00_00/device_support/f2837xd/common/include" --include_path="/home/ismail/IOT-CANBus/TI/Bootloader/Smallbootloader" --include_path="/home/ismail/ti/ccs1271/ccs/tools/compiler/ti-cgt-c2000_22.6.1.LTS/include" --advice:performance=all --define=_LAUNCHXL_F28379D --define=_DUAL_HEADERS --define=DEBUG --define=CPU1 --diag_suppress=10063 --diag_warning=225 --diag_wrap=off --display_error_number --abi=coffabi --section_sizes=on --preproc_with_compile --preproc_dependency="src/SCI_GetFunction.d_raw" --obj_directory="src"  "../src/SCI_GetFunction.c"
FILE: src/SCI_GetFunction.obj
CODE  size (bytes): 678
DATA  size (bytes): 10
 
Finished building: "../src/SCI_GetFunction.c"
 
Building file: "../src/Shared_Verify.c"
Invoking: C2000 Compiler
"/home/ismail/ti/ccs1271/ccs/tools/compiler/ti-cgt-c2000_22.6.1.LTS/bin/cl2000" -v28 -ml -mt --cla_support=cla1 --float_support=fpu32 --tmu_support=tmu0 --vcu_support=vcu2 -Ooff --include_path="/home/ismail/IOT-CANBus/TI/Bootloader/Smallbootloader/linker" --include_path="/home/ismail/IOT-CANBus/TI/Bootloader/Smallbootloader/headers" --include_path="/home/ismail/ti/C2000Ware_5_02_00_00/libraries/flash_api/f2837xd/include" --include_path="/home/ismail/IOT-CANBus/TI/Bootloader/Smallbootloader/src" --include_path="/home/ismail/IOT-CANBus/TI/Bootloader/Smallbootloader/assembly" --include_path="/home/ismail/ti/C2000Ware_5_02_00_00/device_support/f2837xd/headers/include" --include_path="/home/ismail/ti/C2000Ware_5_02_00_00/device_support/f2837xd/common/include" --include_path="/home/ismail/IOT-CANBus/TI/Bootloader/Smallbootloader" --include_path="/home/ismail/ti/ccs1271/ccs/tools/compiler/ti-cgt-c2000_22.6.1.LTS/include" --advice:performance=all --define=_LAUNCHXL_F28379D --define=_DUAL_HEADERS --define=DEBUG --define=CPU1 --diag_suppress=10063 --diag_warning=225 --diag_wrap=off --display_error_number --abi=coffabi --section_sizes=on --preproc_with_compile --preproc_dependency="src/Shared_Verify.d_raw" --obj_directory="src"  "../src/Shared_Verify.c"
FILE: src/Shared_Verify.obj
CODE  size (bytes): 405
 
Finished building: "../src/Shared_Verify.c"
 
Building file: "../src/Shared_Boot.c"
Invoking: C2000 Compiler
"/home/ismail/ti/ccs1271/ccs/tools/compiler/ti-cgt-c2000_22.6.1.LTS/bin/cl2000" -v28 -ml -mt --cla_support=cla1 --float_support=fpu32 --tmu_support=tmu0 --vcu_support=vcu2 -Ooff --include_path="/home/ismail/IOT-CANBus/TI/Bootloader/Smallbootloader/linker" --include_path="/home/ismail/IOT-CANBus/TI/Bootloader/Smallbootloader/headers" --include_path="/home/ismail/ti/C2000Ware_5_02_00_00/libraries/flash_api/f2837xd/include" --include_path="/home/ismail/IOT-CANBus/TI/Bootloader/Smallbootloader/src" --include_path="/home/ismail/IOT-CANBus/TI/Bootloader/Smallbootloader/assembly" --include_path="/home/ismail/ti/C2000Ware_5_02_00_00/device_support/f2837xd/headers/include" --include_path="/home/ismail/ti/C2000Ware_5_02_00_00/device_support/f2837xd/common/include" --include_path="/home/ismail/IOT-CANBus/TI/Bootloader/Smallbootloader" --include_path="/home/ismail/ti/ccs1271/ccs/tools/compiler/ti-cgt-c2000_22.6.1.LTS/include" --advice:performance=all --define=_LAUNCHXL_F28379D --define=_DUAL_HEADERS --define=DEBUG --define=CPU1 --diag_suppress=10063 --diag_warning=225 --diag_wrap=off --display_error_number --abi=coffabi --section_sizes=on --preproc_with_compile --preproc_dependency="src/Shared_Boot.d_raw" --obj_directory="src"  "../src/Shared_Boot.c"
FILE: src/Shared_Boot.obj
CODE  size (bytes): 1076
CONST size (bytes): 17
DATA  size (bytes): 16
 
Finished building: "../src/Shared_Boot.c"
 
Building file: "../src/main.c"
Invoking: C2000 Compiler
"/home/ismail/ti/ccs1271/ccs/tools/compiler/ti-cgt-c2000_22.6.1.LTS/bin/cl2000" -v28 -ml -mt --cla_support=cla1 --float_support=fpu32 --tmu_support=tmu0 --vcu_support=vcu2 -Ooff --include_path="/home/ismail/IOT-CANBus/TI/Bootloader/Smallbootloader/linker" --include_path="/home/ismail/IOT-CANBus/TI/Bootloader/Smallbootloader/headers" --include_path="/home/ismail/ti/C2000Ware_5_02_00_00/libraries/flash_api/f2837xd/include" --include_path="/home/ismail/IOT-CANBus/TI/Bootloader/Smallbootloader/src" --include_path="/home/ismail/IOT-CANBus/TI/Bootloader/Smallbootloader/assembly" --include_path="/home/ismail/ti/C2000Ware_5_02_00_00/device_support/f2837xd/headers/include" --include_path="/home/ismail/ti/C2000Ware_5_02_00_00/device_support/f2837xd/common/include" --include_path="/home/ismail/IOT-CANBus/TI/Bootloader/Smallbootloader" --include_path="/home/ismail/ti/ccs1271/ccs/tools/compiler/ti-cgt-c2000_22.6.1.LTS/include" --advice:performance=all --define=_LAUNCHXL_F28379D --define=_DUAL_HEADERS --define=DEBUG --define=CPU1 --diag_suppress=10063 --diag_warning=225 --diag_wrap=off --display_error_number --abi=coffabi --section_sizes=on --preproc_with_compile --preproc_dependency="src/main.d_raw" --obj_directory="src"  "../src/main.c"
FILE: src/main.obj
CODE  size (bytes): 254
CONST size (bytes): 9
 
"../src/main.c", line 270: warning #112-D: statement is unreachable
"../src/main.c", line 270: warning #551-D: variable "EntryAddr" is used before its value is set
Finished building: "../src/main.c"
 
Building target: "Smallbootloader.out"
Invoking: C2000 Linker
"/home/ismail/ti/ccs1271/ccs/tools/compiler/ti-cgt-c2000_22.6.1.LTS/bin/cl2000" -v28 -ml -mt --cla_support=cla1 --float_support=fpu32 --tmu_support=tmu0 --vcu_support=vcu2 -Ooff --advice:performance=all --define=_LAUNCHXL_F28379D --define=_DUAL_HEADERS --define=DEBUG --define=CPU1 --diag_suppress=10063 --diag_warning=225 --diag_wrap=off --display_error_number --abi=coffabi --section_sizes=on -z -m"Smallbootloader.map" --stack_size=0x100 --warn_sections -i"/home/ismail/ti/ccs1271/ccs/tools/compiler/ti-cgt-c2000_22.6.1.LTS/lib" -i"/home/ismail/ti/C2000Ware_5_02_00_00/device_support/f2837xd/common/cmd" -i"/home/ismail/ti/C2000Ware_5_02_00_00/device_support/f2837xd/headers/cmd" -i"/home/ismail/ti/ccs1271/ccs/tools/compiler/ti-cgt-c2000_22.6.1.LTS/include" --reread_libs --diag_wrap=off --display_error_number --xml_link_info="Smallbootloader_linkInfo.xml" --rom_model -o "Smallbootloader.out" "./assembly/F2837xD_usDelay.obj" "./assembly/fwupgradec1toc2_start.obj" "./src/F2837xD_DefaultISR.obj" "./src/F2837xD_GlobalVariableDefs.obj" "./src/F2837xD_Gpio.obj" "./src/F2837xD_Ipc.obj" "./src/F2837xD_Ipc_Driver_Util.obj" "./src/F2837xD_PieCtrl.obj" "./src/F2837xD_PieVect.obj" "./src/F2837xD_SysCtrl.obj" "./src/Fapi_UserDefinedFunctions.obj" "./src/SCI_Boot.obj" "./src/SCI_GetFunction.obj" "./src/Shared_Boot.obj" "./src/Shared_Erase.obj" "./src/Shared_Verify.obj" "./src/main.obj" "/home/ismail/ti/C2000Ware_5_02_00_00/libraries/flash_api/f2837xd/lib/F021_API_F2837xD_FPU32.lib" "/home/ismail/ti/C2000Ware_5_02_00_00/libraries/boot_rom/f2837xd/rev0/rom_symbol_libs/c1_ROM_API/c1bootROM_BootROMSymbols_fpu32.lib" "../linker/2837xD_FLASH_lnk_cpu1.cmd" "../linker/F2837xD_Headers_nonBIOS_cpu1.cmd" "../linker/flash_programming_cpu1tocpu2_RAM.cmd"  -l"/home/ismail/ti/ccs1271/ccs/tools/compiler/ti-cgt-c2000_22.6.1.LTS/lib/libc.a" 
<Linking>
warning #10247-D: creating output section "CONST_INFO" without a SECTIONS specification
warning #10247-D: creating output section "REV_INFO" without a SECTIONS specification
warning #10247-D: creating output section "SELECTION_LOGIC" without a SECTIONS specification
FILE: Smallbootloader.out
CODE  size (bytes): 4816
CONST size (bytes): 35
DATA  size (bytes): 10160
 
Finished building target: "Smallbootloader.out"
 

**** Build Finished ****

**** Build of configuration CPU1_RAM for project Smallbootloader ****

/home/ismail/ti/ccs1271/ccs/utils/bin/gmake -k -j 4 all -O 
 
Building file: "../src/main.c"
Invoking: C2000 Compiler
"/home/ismail/ti/ccs1271/ccs/tools/compiler/ti-cgt-c2000_22.6.1.LTS/bin/cl2000" -v28 -ml -mt --cla_support=cla1 --float_support=fpu32 --tmu_support=tmu0 --vcu_support=vcu2 -Ooff --include_path="/home/ismail/IOT-CANBus/TI/Bootloader/Smallbootloader/linker" --include_path="/home/ismail/IOT-CANBus/TI/Bootloader/Smallbootloader/headers" --include_path="/home/ismail/ti/C2000Ware_5_02_00_00/libraries/flash_api/f2837xd/include" --include_path="/home/ismail/IOT-CANBus/TI/Bootloader/Smallbootloader/src" --include_path="/home/ismail/IOT-CANBus/TI/Bootloader/Smallbootloader/assembly" --include_path="/home/ismail/ti/C2000Ware_5_02_00_00/device_support/f2837xd/headers/include" --include_path="/home/ismail/ti/C2000Ware_5_02_00_00/device_support/f2837xd/common/include" --include_path="/home/ismail/IOT-CANBus/TI/Bootloader/Smallbootloader" --include_path="/home/ismail/ti/ccs1271/ccs/tools/compiler/ti-cgt-c2000_22.6.1.LTS/include" --advice:performance=all --define=_LAUNCHXL_F28379D --define=_DUAL_HEADERS --define=DEBUG --define=CPU1 --diag_suppress=10063 --diag_warning=225 --diag_wrap=off --display_error_number --abi=coffabi --section_sizes=on --preproc_with_compile --preproc_dependency="src/main.d_raw" --obj_directory="src"  "../src/main.c"
FILE: src/main.obj
CODE  size (bytes): 259
CONST size (bytes): 9
 
"../src/main.c", line 269: warning #112-D: statement is unreachable
Finished building: "../src/main.c"
 
Building target: "Smallbootloader.out"
Invoking: C2000 Linker
"/home/ismail/ti/ccs1271/ccs/tools/compiler/ti-cgt-c2000_22.6.1.LTS/bin/cl2000" -v28 -ml -mt --cla_support=cla1 --float_support=fpu32 --tmu_support=tmu0 --vcu_support=vcu2 -Ooff --advice:performance=all --define=_LAUNCHXL_F28379D --define=_DUAL_HEADERS --define=DEBUG --define=CPU1 --diag_suppress=10063 --diag_warning=225 --diag_wrap=off --display_error_number --abi=coffabi --section_sizes=on -z -m"Smallbootloader.map" --stack_size=0x100 --warn_sections -i"/home/ismail/ti/ccs1271/ccs/tools/compiler/ti-cgt-c2000_22.6.1.LTS/lib" -i"/home/ismail/ti/C2000Ware_5_02_00_00/device_support/f2837xd/common/cmd" -i"/home/ismail/ti/C2000Ware_5_02_00_00/device_support/f2837xd/headers/cmd" -i"/home/ismail/ti/ccs1271/ccs/tools/compiler/ti-cgt-c2000_22.6.1.LTS/include" --reread_libs --diag_wrap=off --display_error_number --xml_link_info="Smallbootloader_linkInfo.xml" --rom_model -o "Smallbootloader.out" "./assembly/F2837xD_usDelay.obj" "./assembly/fwupgradec1toc2_start.obj" "./src/F2837xD_DefaultISR.obj" "./src/F2837xD_GlobalVariableDefs.obj" "./src/F2837xD_Gpio.obj" "./src/F2837xD_Ipc.obj" "./src/F2837xD_Ipc_Driver_Util.obj" "./src/F2837xD_PieCtrl.obj" "./src/F2837xD_PieVect.obj" "./src/F2837xD_SysCtrl.obj" "./src/Fapi_UserDefinedFunctions.obj" "./src/SCI_Boot.obj" "./src/SCI_GetFunction.obj" "./src/Shared_Boot.obj" "./src/Shared_Erase.obj" "./src/Shared_Verify.obj" "./src/main.obj" "/home/ismail/ti/C2000Ware_5_02_00_00/libraries/flash_api/f2837xd/lib/F021_API_F2837xD_FPU32.lib" "/home/ismail/ti/C2000Ware_5_02_00_00/libraries/boot_rom/f2837xd/rev0/rom_symbol_libs/c1_ROM_API/c1bootROM_BootROMSymbols_fpu32.lib" "../linker/2837xD_FLASH_lnk_cpu1.cmd" "../linker/F2837xD_Headers_nonBIOS_cpu1.cmd" "../linker/flash_programming_cpu1tocpu2_RAM.cmd"  -l"/home/ismail/ti/ccs1271/ccs/tools/compiler/ti-cgt-c2000_22.6.1.LTS/lib/libc.a" 
<Linking>
warning #10247-D: creating output section "CONST_INFO" without a SECTIONS specification
warning #10247-D: creating output section "REV_INFO" without a SECTIONS specification
warning #10247-D: creating output section "SELECTION_LOGIC" without a SECTIONS specification
FILE: Smallbootloader.out
CODE  size (bytes): 4876
CONST size (bytes): 35
DATA  size (bytes): 10160
 
Finished building target: "Smallbootloader.out"
 

**** Build Finished ****

**** Build of configuration CPU1_RAM for project Smallbootloader ****

/home/ismail/ti/ccs1271/ccs/utils/bin/gmake -k -j 4 all -O 
 
gmake[1]: 'Smallbootloader.out' is up to date.

**** Build Finished ****

**** Build of configuration CPU1_RAM for project Smallbootloader ****

/home/ismail/ti/ccs1271/ccs/utils/bin/gmake -k -j 4 all -O 
 
Building file: "../src/main.c"
Invoking: C2000 Compiler
"/home/ismail/ti/ccs1271/ccs/tools/compiler/ti-cgt-c2000_22.6.1.LTS/bin/cl2000" -v28 -ml -mt --cla_support=cla1 --float_support=fpu32 --tmu_support=tmu0 --vcu_support=vcu2 -Ooff --include_path="/home/ismail/IOT-CANBus/TI/Bootloader/Smallbootloader/linker" --include_path="/home/ismail/IOT-CANBus/TI/Bootloader/Smallbootloader/headers" --include_path="/home/ismail/ti/C2000Ware_5_02_00_00/libraries/flash_api/f2837xd/include" --include_path="/home/ismail/IOT-CANBus/TI/Bootloader/Smallbootloader/src" --include_path="/home/ismail/IOT-CANBus/TI/Bootloader/Smallbootloader/assembly" --include_path="/home/ismail/ti/C2000Ware_5_02_00_00/device_support/f2837xd/headers/include" --include_path="/home/ismail/ti/C2000Ware_5_02_00_00/device_support/f2837xd/common/include" --include_path="/home/ismail/IOT-CANBus/TI/Bootloader/Smallbootloader" --include_path="/home/ismail/ti/ccs1271/ccs/tools/compiler/ti-cgt-c2000_22.6.1.LTS/include" --advice:performance=all --define=_LAUNCHXL_F28379D --define=_DUAL_HEADERS --define=DEBUG --define=CPU1 --diag_suppress=10063 --diag_warning=225 --diag_wrap=off --display_error_number --abi=coffabi --section_sizes=on --preproc_with_compile --preproc_dependency="src/main.d_raw" --obj_directory="src"  "../src/main.c"
FILE: src/main.obj
CODE  size (bytes): 263
CONST size (bytes): 9
 
Finished building: "../src/main.c"
 
Building target: "Smallbootloader.out"
Invoking: C2000 Linker
"/home/ismail/ti/ccs1271/ccs/tools/compiler/ti-cgt-c2000_22.6.1.LTS/bin/cl2000" -v28 -ml -mt --cla_support=cla1 --float_support=fpu32 --tmu_support=tmu0 --vcu_support=vcu2 -Ooff --advice:performance=all --define=_LAUNCHXL_F28379D --define=_DUAL_HEADERS --define=DEBUG --define=CPU1 --diag_suppress=10063 --diag_warning=225 --diag_wrap=off --display_error_number --abi=coffabi --section_sizes=on -z -m"Smallbootloader.map" --stack_size=0x100 --warn_sections -i"/home/ismail/ti/ccs1271/ccs/tools/compiler/ti-cgt-c2000_22.6.1.LTS/lib" -i"/home/ismail/ti/C2000Ware_5_02_00_00/device_support/f2837xd/common/cmd" -i"/home/ismail/ti/C2000Ware_5_02_00_00/device_support/f2837xd/headers/cmd" -i"/home/ismail/ti/ccs1271/ccs/tools/compiler/ti-cgt-c2000_22.6.1.LTS/include" --reread_libs --diag_wrap=off --display_error_number --xml_link_info="Smallbootloader_linkInfo.xml" --rom_model -o "Smallbootloader.out" "./assembly/F2837xD_usDelay.obj" "./assembly/fwupgradec1toc2_start.obj" "./src/F2837xD_DefaultISR.obj" "./src/F2837xD_GlobalVariableDefs.obj" "./src/F2837xD_Gpio.obj" "./src/F2837xD_Ipc.obj" "./src/F2837xD_Ipc_Driver_Util.obj" "./src/F2837xD_PieCtrl.obj" "./src/F2837xD_PieVect.obj" "./src/F2837xD_SysCtrl.obj" "./src/Fapi_UserDefinedFunctions.obj" "./src/SCI_Boot.obj" "./src/SCI_GetFunction.obj" "./src/Shared_Boot.obj" "./src/Shared_Erase.obj" "./src/Shared_Verify.obj" "./src/main.obj" "/home/ismail/ti/C2000Ware_5_02_00_00/libraries/flash_api/f2837xd/lib/F021_API_F2837xD_FPU32.lib" "/home/ismail/ti/C2000Ware_5_02_00_00/libraries/boot_rom/f2837xd/rev0/rom_symbol_libs/c1_ROM_API/c1bootROM_BootROMSymbols_fpu32.lib" "../linker/2837xD_FLASH_lnk_cpu1.cmd" "../linker/F2837xD_Headers_nonBIOS_cpu1.cmd" "../linker/flash_programming_cpu1tocpu2_RAM.cmd"  -l"/home/ismail/ti/ccs1271/ccs/tools/compiler/ti-cgt-c2000_22.6.1.LTS/lib/libc.a" 
<Linking>
warning #10247-D: creating output section "CONST_INFO" without a SECTIONS specification
warning #10247-D: creating output section "REV_INFO" without a SECTIONS specification
warning #10247-D: creating output section "SELECTION_LOGIC" without a SECTIONS specification
"../linker/2837xD_FLASH_lnk_cpu1.cmd", line 86: error #10099-D: program will not fit into available memory, or the section contains a call site that requires a trampoline that can't be generated for this section. placement with alignment/blocking fails for section ".text" size 0x209d page 0.  Available memory ranges:
   FLASHA       size: 0x1ffe       unused: 0x1ed4       max hole: 0x1ec6    
error #10010: errors encountered during linking; "Smallbootloader.out" not built
FILE: Smallbootloader.out
CODE  size (bytes): 8691
CONST size (bytes): 94
DATA  size (bytes): 10174
 
 
>> Compilation failure
makefile:159: recipe for target 'Smallbootloader.out' failed
gmake[1]: *** [Smallbootloader.out] Error 1
gmake: *** [all] Error 2
makefile:155: recipe for target 'all' failed

**** Build Finished ****

**** Build of configuration CPU1_RAM for project Smallbootloader ****

/home/ismail/ti/ccs1271/ccs/utils/bin/gmake -k -j 4 all -O 
 
Building file: "../src/main.c"
Invoking: C2000 Compiler
"/home/ismail/ti/ccs1271/ccs/tools/compiler/ti-cgt-c2000_22.6.1.LTS/bin/cl2000" -v28 -ml -mt --cla_support=cla1 --float_support=fpu32 --tmu_support=tmu0 --vcu_support=vcu2 -Ooff --include_path="/home/ismail/IOT-CANBus/TI/Bootloader/Smallbootloader/linker" --include_path="/home/ismail/IOT-CANBus/TI/Bootloader/Smallbootloader/headers" --include_path="/home/ismail/ti/C2000Ware_5_02_00_00/libraries/flash_api/f2837xd/include" --include_path="/home/ismail/IOT-CANBus/TI/Bootloader/Smallbootloader/src" --include_path="/home/ismail/IOT-CANBus/TI/Bootloader/Smallbootloader/assembly" --include_path="/home/ismail/ti/C2000Ware_5_02_00_00/device_support/f2837xd/headers/include" --include_path="/home/ismail/ti/C2000Ware_5_02_00_00/device_support/f2837xd/common/include" --include_path="/home/ismail/IOT-CANBus/TI/Bootloader/Smallbootloader" --include_path="/home/ismail/ti/ccs1271/ccs/tools/compiler/ti-cgt-c2000_22.6.1.LTS/include" --advice:performance=all --define=_LAUNCHXL_F28379D --define=_DUAL_HEADERS --define=DEBUG --define=CPU1 --diag_suppress=10063 --diag_warning=225 --diag_wrap=off --display_error_number --abi=coffabi --section_sizes=on --preproc_with_compile --preproc_dependency="src/main.d_raw" --obj_directory="src"  "../src/main.c"
FILE: src/main.obj
CODE  size (bytes): 194
CONST size (bytes): 9
 
Finished building: "../src/main.c"
 
Building target: "Smallbootloader.out"
Invoking: C2000 Linker
"/home/ismail/ti/ccs1271/ccs/tools/compiler/ti-cgt-c2000_22.6.1.LTS/bin/cl2000" -v28 -ml -mt --cla_support=cla1 --float_support=fpu32 --tmu_support=tmu0 --vcu_support=vcu2 -Ooff --advice:performance=all --define=_LAUNCHXL_F28379D --define=_DUAL_HEADERS --define=DEBUG --define=CPU1 --diag_suppress=10063 --diag_warning=225 --diag_wrap=off --display_error_number --abi=coffabi --section_sizes=on -z -m"Smallbootloader.map" --stack_size=0x100 --warn_sections -i"/home/ismail/ti/ccs1271/ccs/tools/compiler/ti-cgt-c2000_22.6.1.LTS/lib" -i"/home/ismail/ti/C2000Ware_5_02_00_00/device_support/f2837xd/common/cmd" -i"/home/ismail/ti/C2000Ware_5_02_00_00/device_support/f2837xd/headers/cmd" -i"/home/ismail/ti/ccs1271/ccs/tools/compiler/ti-cgt-c2000_22.6.1.LTS/include" --reread_libs --diag_wrap=off --display_error_number --xml_link_info="Smallbootloader_linkInfo.xml" --rom_model -o "Smallbootloader.out" "./assembly/F2837xD_usDelay.obj" "./assembly/fwupgradec1toc2_start.obj" "./src/F2837xD_DefaultISR.obj" "./src/F2837xD_GlobalVariableDefs.obj" "./src/F2837xD_Gpio.obj" "./src/F2837xD_Ipc.obj" "./src/F2837xD_Ipc_Driver_Util.obj" "./src/F2837xD_PieCtrl.obj" "./src/F2837xD_PieVect.obj" "./src/F2837xD_SysCtrl.obj" "./src/Fapi_UserDefinedFunctions.obj" "./src/SCI_Boot.obj" "./src/SCI_GetFunction.obj" "./src/Shared_Boot.obj" "./src/Shared_Erase.obj" "./src/Shared_Verify.obj" "./src/main.obj" "/home/ismail/ti/C2000Ware_5_02_00_00/libraries/flash_api/f2837xd/lib/F021_API_F2837xD_FPU32.lib" "/home/ismail/ti/C2000Ware_5_02_00_00/libraries/boot_rom/f2837xd/rev0/rom_symbol_libs/c1_ROM_API/c1bootROM_BootROMSymbols_fpu32.lib" "../linker/2837xD_FLASH_lnk_cpu1.cmd" "../linker/F2837xD_Headers_nonBIOS_cpu1.cmd" "../linker/flash_programming_cpu1tocpu2_RAM.cmd"  -l"/home/ismail/ti/ccs1271/ccs/tools/compiler/ti-cgt-c2000_22.6.1.LTS/lib/libc.a" 
<Linking>
warning #10247-D: creating output section "CONST_INFO" without a SECTIONS specification
warning #10247-D: creating output section "REV_INFO" without a SECTIONS specification
warning #10247-D: creating output section "SELECTION_LOGIC" without a SECTIONS specification
"../linker/2837xD_FLASH_lnk_cpu1.cmd", line 86: error #10099-D: program will not fit into available memory, or the section contains a call site that requires a trampoline that can't be generated for this section. placement with alignment/blocking fails for section ".text" size 0x2058 page 0.  Available memory ranges:
   FLASHA       size: 0x1ffe       unused: 0x1ed4       max hole: 0x1ec6    
error #10010: errors encountered during linking; "Smallbootloader.out" not built
FILE: Smallbootloader.out
CODE  size (bytes): 8622
CONST size (bytes): 94
DATA  size (bytes): 10174
 
 
>> Compilation failure
makefile:159: recipe for target 'Smallbootloader.out' failed
gmake[1]: *** [Smallbootloader.out] Error 1
gmake: *** [all] Error 2
makefile:155: recipe for target 'all' failed

**** Build Finished ****

**** Build of configuration CPU1_RAM for project Smallbootloader ****

/home/ismail/ti/ccs1271/ccs/utils/bin/gmake -k -j 4 all -O 
 
Building file: "../src/main.c"
Invoking: C2000 Compiler
"/home/ismail/ti/ccs1271/ccs/tools/compiler/ti-cgt-c2000_22.6.1.LTS/bin/cl2000" -v28 -ml -mt --cla_support=cla1 --float_support=fpu32 --tmu_support=tmu0 --vcu_support=vcu2 -Ooff --include_path="/home/ismail/IOT-CANBus/TI/Bootloader/Smallbootloader/linker" --include_path="/home/ismail/IOT-CANBus/TI/Bootloader/Smallbootloader/headers" --include_path="/home/ismail/ti/C2000Ware_5_02_00_00/libraries/flash_api/f2837xd/include" --include_path="/home/ismail/IOT-CANBus/TI/Bootloader/Smallbootloader/src" --include_path="/home/ismail/IOT-CANBus/TI/Bootloader/Smallbootloader/assembly" --include_path="/home/ismail/ti/C2000Ware_5_02_00_00/device_support/f2837xd/headers/include" --include_path="/home/ismail/ti/C2000Ware_5_02_00_00/device_support/f2837xd/common/include" --include_path="/home/ismail/IOT-CANBus/TI/Bootloader/Smallbootloader" --include_path="/home/ismail/ti/ccs1271/ccs/tools/compiler/ti-cgt-c2000_22.6.1.LTS/include" --advice:performance=all --define=_LAUNCHXL_F28379D --define=_DUAL_HEADERS --define=DEBUG --define=CPU1 --diag_suppress=10063 --diag_warning=225 --diag_wrap=off --display_error_number --abi=coffabi --section_sizes=on --preproc_with_compile --preproc_dependency="src/main.d_raw" --obj_directory="src"  "../src/main.c"
FILE: src/main.obj
CODE  size (bytes): 194
CONST size (bytes): 9
 
Finished building: "../src/main.c"
 
Building target: "Smallbootloader.out"
Invoking: C2000 Linker
"/home/ismail/ti/ccs1271/ccs/tools/compiler/ti-cgt-c2000_22.6.1.LTS/bin/cl2000" -v28 -ml -mt --cla_support=cla1 --float_support=fpu32 --tmu_support=tmu0 --vcu_support=vcu2 -Ooff --advice:performance=all --define=_LAUNCHXL_F28379D --define=_DUAL_HEADERS --define=DEBUG --define=CPU1 --diag_suppress=10063 --diag_warning=225 --diag_wrap=off --display_error_number --abi=coffabi --section_sizes=on -z -m"Smallbootloader.map" --stack_size=0x100 --warn_sections -i"/home/ismail/ti/ccs1271/ccs/tools/compiler/ti-cgt-c2000_22.6.1.LTS/lib" -i"/home/ismail/ti/C2000Ware_5_02_00_00/device_support/f2837xd/common/cmd" -i"/home/ismail/ti/C2000Ware_5_02_00_00/device_support/f2837xd/headers/cmd" -i"/home/ismail/ti/ccs1271/ccs/tools/compiler/ti-cgt-c2000_22.6.1.LTS/include" --reread_libs --diag_wrap=off --display_error_number --xml_link_info="Smallbootloader_linkInfo.xml" --rom_model -o "Smallbootloader.out" "./assembly/F2837xD_usDelay.obj" "./assembly/fwupgradec1toc2_start.obj" "./src/F2837xD_DefaultISR.obj" "./src/F2837xD_GlobalVariableDefs.obj" "./src/F2837xD_Gpio.obj" "./src/F2837xD_Ipc.obj" "./src/F2837xD_Ipc_Driver_Util.obj" "./src/F2837xD_PieCtrl.obj" "./src/F2837xD_PieVect.obj" "./src/F2837xD_SysCtrl.obj" "./src/Fapi_UserDefinedFunctions.obj" "./src/SCI_Boot.obj" "./src/SCI_GetFunction.obj" "./src/Shared_Boot.obj" "./src/Shared_Erase.obj" "./src/Shared_Verify.obj" "./src/main.obj" "/home/ismail/ti/C2000Ware_5_02_00_00/libraries/flash_api/f2837xd/lib/F021_API_F2837xD_FPU32.lib" "/home/ismail/ti/C2000Ware_5_02_00_00/libraries/boot_rom/f2837xd/rev0/rom_symbol_libs/c1_ROM_API/c1bootROM_BootROMSymbols_fpu32.lib" "../linker/2837xD_FLASH_lnk_cpu1.cmd" "../linker/F2837xD_Headers_nonBIOS_cpu1.cmd" "../linker/flash_programming_cpu1tocpu2_RAM.cmd"  -l"/home/ismail/ti/ccs1271/ccs/tools/compiler/ti-cgt-c2000_22.6.1.LTS/lib/libc.a" 
<Linking>
warning #10247-D: creating output section "CONST_INFO" without a SECTIONS specification
warning #10247-D: creating output section "REV_INFO" without a SECTIONS specification
"../linker/2837xD_FLASH_lnk_cpu1.cmd", line 86: error #10099-D: program will not fit into available memory, or the section contains a call site that requires a trampoline that can't be generated for this section. placement with alignment/blocking fails for section ".text" size 0x20d7 page 0.  Available memory ranges:
   FLASHA       size: 0x1ffe       unused: 0x1ed4       max hole: 0x1ec6    
error #10010: errors encountered during linking; "Smallbootloader.out" not built
FILE: Smallbootloader.out
CODE  size (bytes): 8622
CONST size (bytes): 94
DATA  size (bytes): 10174
 
 
>> Compilation failure
makefile:159: recipe for target 'Smallbootloader.out' failed
gmake[1]: *** [Smallbootloader.out] Error 1
gmake: *** [all] Error 2
makefile:155: recipe for target 'all' failed

**** Build Finished ****

**** Build of configuration CPU1_RAM for project Smallbootloader ****

/home/ismail/ti/ccs1271/ccs/utils/bin/gmake -k -j 4 all -O 
 
Building file: "../src/main.c"
Invoking: C2000 Compiler
"/home/ismail/ti/ccs1271/ccs/tools/compiler/ti-cgt-c2000_22.6.1.LTS/bin/cl2000" -v28 -ml -mt --cla_support=cla1 --float_support=fpu32 --tmu_support=tmu0 --vcu_support=vcu2 -Ooff --include_path="/home/ismail/IOT-CANBus/TI/Bootloader/Smallbootloader/linker" --include_path="/home/ismail/IOT-CANBus/TI/Bootloader/Smallbootloader/headers" --include_path="/home/ismail/ti/C2000Ware_5_02_00_00/libraries/flash_api/f2837xd/include" --include_path="/home/ismail/IOT-CANBus/TI/Bootloader/Smallbootloader/src" --include_path="/home/ismail/IOT-CANBus/TI/Bootloader/Smallbootloader/assembly" --include_path="/home/ismail/ti/C2000Ware_5_02_00_00/device_support/f2837xd/headers/include" --include_path="/home/ismail/ti/C2000Ware_5_02_00_00/device_support/f2837xd/common/include" --include_path="/home/ismail/IOT-CANBus/TI/Bootloader/Smallbootloader" --include_path="/home/ismail/ti/ccs1271/ccs/tools/compiler/ti-cgt-c2000_22.6.1.LTS/include" --advice:performance=all --define=_LAUNCHXL_F28379D --define=_DUAL_HEADERS --define=DEBUG --define=CPU1 --diag_suppress=10063 --diag_warning=225 --diag_wrap=off --display_error_number --abi=coffabi --section_sizes=on --preproc_with_compile --preproc_dependency="src/main.d_raw" --obj_directory="src"  "../src/main.c"
FILE: src/main.obj
CODE  size (bytes): 194
CONST size (bytes): 9
 
Finished building: "../src/main.c"
 
Building target: "Smallbootloader.out"
Invoking: C2000 Linker
"/home/ismail/ti/ccs1271/ccs/tools/compiler/ti-cgt-c2000_22.6.1.LTS/bin/cl2000" -v28 -ml -mt --cla_support=cla1 --float_support=fpu32 --tmu_support=tmu0 --vcu_support=vcu2 -Ooff --advice:performance=all --define=_LAUNCHXL_F28379D --define=_DUAL_HEADERS --define=DEBUG --define=CPU1 --diag_suppress=10063 --diag_warning=225 --diag_wrap=off --display_error_number --abi=coffabi --section_sizes=on -z -m"Smallbootloader.map" --stack_size=0x100 --warn_sections -i"/home/ismail/ti/ccs1271/ccs/tools/compiler/ti-cgt-c2000_22.6.1.LTS/lib" -i"/home/ismail/ti/C2000Ware_5_02_00_00/device_support/f2837xd/common/cmd" -i"/home/ismail/ti/C2000Ware_5_02_00_00/device_support/f2837xd/headers/cmd" -i"/home/ismail/ti/ccs1271/ccs/tools/compiler/ti-cgt-c2000_22.6.1.LTS/include" --reread_libs --diag_wrap=off --display_error_number --xml_link_info="Smallbootloader_linkInfo.xml" --rom_model -o "Smallbootloader.out" "./assembly/F2837xD_usDelay.obj" "./assembly/fwupgradec1toc2_start.obj" "./src/F2837xD_DefaultISR.obj" "./src/F2837xD_GlobalVariableDefs.obj" "./src/F2837xD_Gpio.obj" "./src/F2837xD_Ipc.obj" "./src/F2837xD_Ipc_Driver_Util.obj" "./src/F2837xD_PieCtrl.obj" "./src/F2837xD_PieVect.obj" "./src/F2837xD_SysCtrl.obj" "./src/Fapi_UserDefinedFunctions.obj" "./src/SCI_Boot.obj" "./src/SCI_GetFunction.obj" "./src/Shared_Boot.obj" "./src/Shared_Erase.obj" "./src/Shared_Verify.obj" "./src/main.obj" "/home/ismail/ti/C2000Ware_5_02_00_00/libraries/flash_api/f2837xd/lib/F021_API_F2837xD_FPU32.lib" "/home/ismail/ti/C2000Ware_5_02_00_00/libraries/boot_rom/f2837xd/rev0/rom_symbol_libs/c1_ROM_API/c1bootROM_BootROMSymbols_fpu32.lib" "../linker/2837xD_FLASH_lnk_cpu1.cmd" "../linker/F2837xD_Headers_nonBIOS_cpu1.cmd" "../linker/flash_programming_cpu1tocpu2_RAM.cmd"  -l"/home/ismail/ti/ccs1271/ccs/tools/compiler/ti-cgt-c2000_22.6.1.LTS/lib/libc.a" 
<Linking>
warning #10247-D: creating output section "CONST_INFO" without a SECTIONS specification
warning #10247-D: creating output section "REV_INFO" without a SECTIONS specification
"../linker/2837xD_FLASH_lnk_cpu1.cmd", line 86: error #10099-D: program will not fit into available memory, or the section contains a call site that requires a trampoline that can't be generated for this section. placement with alignment/blocking fails for section ".text" size 0x20d7 page 0.  Available memory ranges:
   FLASHA       size: 0x1ffe       unused: 0x1ed4       max hole: 0x1ec6    
error #10010: errors encountered during linking; "Smallbootloader.out" not built
FILE: Smallbootloader.out
CODE  size (bytes): 8622
CONST size (bytes): 94
DATA  size (bytes): 10174
 
 
>> Compilation failure
makefile:159: recipe for target 'Smallbootloader.out' failed
makefile:155: recipe for target 'all' failed
gmake[1]: *** [Smallbootloader.out] Error 1
gmake: *** [all] Error 2

**** Build Finished ****

**** Build of configuration CPU1_RAM for project Smallbootloader ****

/home/ismail/ti/ccs1271/ccs/utils/bin/gmake -k -j 4 all -O 
 
Building file: "../src/main.c"
Invoking: C2000 Compiler
"/home/ismail/ti/ccs1271/ccs/tools/compiler/ti-cgt-c2000_22.6.1.LTS/bin/cl2000" -v28 -ml -mt --cla_support=cla1 --float_support=fpu32 --tmu_support=tmu0 --vcu_support=vcu2 -Ooff --include_path="/home/ismail/IOT-CANBus/TI/Bootloader/Smallbootloader/linker" --include_path="/home/ismail/IOT-CANBus/TI/Bootloader/Smallbootloader/headers" --include_path="/home/ismail/ti/C2000Ware_5_02_00_00/libraries/flash_api/f2837xd/include" --include_path="/home/ismail/IOT-CANBus/TI/Bootloader/Smallbootloader/src" --include_path="/home/ismail/IOT-CANBus/TI/Bootloader/Smallbootloader/assembly" --include_path="/home/ismail/ti/C2000Ware_5_02_00_00/device_support/f2837xd/headers/include" --include_path="/home/ismail/ti/C2000Ware_5_02_00_00/device_support/f2837xd/common/include" --include_path="/home/ismail/IOT-CANBus/TI/Bootloader/Smallbootloader" --include_path="/home/ismail/ti/ccs1271/ccs/tools/compiler/ti-cgt-c2000_22.6.1.LTS/include" --advice:performance=all --define=_LAUNCHXL_F28379D --define=_DUAL_HEADERS --define=DEBUG --define=CPU1 --diag_suppress=10063 --diag_warning=225 --diag_wrap=off --display_error_number --abi=coffabi --section_sizes=on --preproc_with_compile --preproc_dependency="src/main.d_raw" --obj_directory="src"  "../src/main.c"
FILE: src/main.obj
CODE  size (bytes): 194
CONST size (bytes): 9
 
Finished building: "../src/main.c"
 
Building target: "Smallbootloader.out"
Invoking: C2000 Linker
"/home/ismail/ti/ccs1271/ccs/tools/compiler/ti-cgt-c2000_22.6.1.LTS/bin/cl2000" -v28 -ml -mt --cla_support=cla1 --float_support=fpu32 --tmu_support=tmu0 --vcu_support=vcu2 -Ooff --advice:performance=all --define=_LAUNCHXL_F28379D --define=_DUAL_HEADERS --define=DEBUG --define=CPU1 --diag_suppress=10063 --diag_warning=225 --diag_wrap=off --display_error_number --abi=coffabi --section_sizes=on -z -m"Smallbootloader.map" --stack_size=0x100 --warn_sections -i"/home/ismail/ti/ccs1271/ccs/tools/compiler/ti-cgt-c2000_22.6.1.LTS/lib" -i"/home/ismail/ti/C2000Ware_5_02_00_00/device_support/f2837xd/common/cmd" -i"/home/ismail/ti/C2000Ware_5_02_00_00/device_support/f2837xd/headers/cmd" -i"/home/ismail/ti/ccs1271/ccs/tools/compiler/ti-cgt-c2000_22.6.1.LTS/include" --reread_libs --diag_wrap=off --display_error_number --xml_link_info="Smallbootloader_linkInfo.xml" --rom_model -o "Smallbootloader.out" "./assembly/F2837xD_usDelay.obj" "./assembly/fwupgradec1toc2_start.obj" "./src/F2837xD_DefaultISR.obj" "./src/F2837xD_GlobalVariableDefs.obj" "./src/F2837xD_Gpio.obj" "./src/F2837xD_Ipc.obj" "./src/F2837xD_Ipc_Driver_Util.obj" "./src/F2837xD_PieCtrl.obj" "./src/F2837xD_PieVect.obj" "./src/F2837xD_SysCtrl.obj" "./src/Fapi_UserDefinedFunctions.obj" "./src/SCI_Boot.obj" "./src/SCI_GetFunction.obj" "./src/Shared_Boot.obj" "./src/Shared_Erase.obj" "./src/Shared_Verify.obj" "./src/main.obj" "/home/ismail/ti/C2000Ware_5_02_00_00/libraries/flash_api/f2837xd/lib/F021_API_F2837xD_FPU32.lib" "/home/ismail/ti/C2000Ware_5_02_00_00/libraries/boot_rom/f2837xd/rev0/rom_symbol_libs/c1_ROM_API/c1bootROM_BootROMSymbols_fpu32.lib" "../linker/2837xD_FLASH_lnk_cpu1.cmd" "../linker/F2837xD_Headers_nonBIOS_cpu1.cmd" "../linker/flash_programming_cpu1tocpu2_RAM.cmd"  -l"/home/ismail/ti/ccs1271/ccs/tools/compiler/ti-cgt-c2000_22.6.1.LTS/lib/libc.a" 
<Linking>
warning #10247-D: creating output section "CONST_INFO" without a SECTIONS specification
warning #10247-D: creating output section "REV_INFO" without a SECTIONS specification
"../linker/2837xD_FLASH_lnk_cpu1.cmd", line 86: error #10099-D: program will not fit into available memory, or the section contains a call site that requires a trampoline that can't be generated for this section. placement with alignment/blocking fails for section ".text" size 0x20d7 page 0.  Available memory ranges:
   FLASHA       size: 0x1ffe       unused: 0x1ed4       max hole: 0x1ec6    
error #10010: errors encountered during linking; "Smallbootloader.out" not built
FILE: Smallbootloader.out
CODE  size (bytes): 8622
CONST size (bytes): 94
DATA  size (bytes): 10174
 
 
>> Compilation failure
makefile:159: recipe for target 'Smallbootloader.out' failed
gmake[1]: *** [Smallbootloader.out] Error 1
gmake: *** [all] Error 2
makefile:155: recipe for target 'all' failed

**** Build Finished ****

**** Build of configuration CPU1_RAM for project Smallbootloader ****

/home/ismail/ti/ccs1271/ccs/utils/bin/gmake -k -j 4 all -O 
 
Building file: "../src/SCI_GetFunction.c"
Invoking: C2000 Compiler
"/home/ismail/ti/ccs1271/ccs/tools/compiler/ti-cgt-c2000_22.6.1.LTS/bin/cl2000" -v28 -ml -mt --cla_support=cla1 --float_support=fpu32 --tmu_support=tmu0 --vcu_support=vcu2 -Ooff --include_path="/home/ismail/IOT-CANBus/TI/Bootloader/Smallbootloader/linker" --include_path="/home/ismail/IOT-CANBus/TI/Bootloader/Smallbootloader/headers" --include_path="/home/ismail/ti/C2000Ware_5_02_00_00/libraries/flash_api/f2837xd/include" --include_path="/home/ismail/IOT-CANBus/TI/Bootloader/Smallbootloader/src" --include_path="/home/ismail/IOT-CANBus/TI/Bootloader/Smallbootloader/assembly" --include_path="/home/ismail/ti/C2000Ware_5_02_00_00/device_support/f2837xd/headers/include" --include_path="/home/ismail/ti/C2000Ware_5_02_00_00/device_support/f2837xd/common/include" --include_path="/home/ismail/IOT-CANBus/TI/Bootloader/Smallbootloader" --include_path="/home/ismail/ti/ccs1271/ccs/tools/compiler/ti-cgt-c2000_22.6.1.LTS/include" --advice:performance=all --define=_LAUNCHXL_F28379D --define=_DUAL_HEADERS --define=DEBUG --define=CPU1 --diag_suppress=10063 --diag_warning=225 --diag_wrap=off --display_error_number --abi=coffabi --section_sizes=on --preproc_with_compile --preproc_dependency="src/SCI_GetFunction.d_raw" --obj_directory="src"  "../src/SCI_GetFunction.c"
FILE: src/SCI_GetFunction.obj
CODE  size (bytes): 619
DATA  size (bytes): 10
 
Finished building: "../src/SCI_GetFunction.c"
 
Building target: "Smallbootloader.out"
Invoking: C2000 Linker
"/home/ismail/ti/ccs1271/ccs/tools/compiler/ti-cgt-c2000_22.6.1.LTS/bin/cl2000" -v28 -ml -mt --cla_support=cla1 --float_support=fpu32 --tmu_support=tmu0 --vcu_support=vcu2 -Ooff --advice:performance=all --define=_LAUNCHXL_F28379D --define=_DUAL_HEADERS --define=DEBUG --define=CPU1 --diag_suppress=10063 --diag_warning=225 --diag_wrap=off --display_error_number --abi=coffabi --section_sizes=on -z -m"Smallbootloader.map" --stack_size=0x100 --warn_sections -i"/home/ismail/ti/ccs1271/ccs/tools/compiler/ti-cgt-c2000_22.6.1.LTS/lib" -i"/home/ismail/ti/C2000Ware_5_02_00_00/device_support/f2837xd/common/cmd" -i"/home/ismail/ti/C2000Ware_5_02_00_00/device_support/f2837xd/headers/cmd" -i"/home/ismail/ti/ccs1271/ccs/tools/compiler/ti-cgt-c2000_22.6.1.LTS/include" --reread_libs --diag_wrap=off --display_error_number --xml_link_info="Smallbootloader_linkInfo.xml" --rom_model -o "Smallbootloader.out" "./assembly/F2837xD_usDelay.obj" "./assembly/fwupgradec1toc2_start.obj" "./src/F2837xD_DefaultISR.obj" "./src/F2837xD_GlobalVariableDefs.obj" "./src/F2837xD_Gpio.obj" "./src/F2837xD_Ipc.obj" "./src/F2837xD_Ipc_Driver_Util.obj" "./src/F2837xD_PieCtrl.obj" "./src/F2837xD_PieVect.obj" "./src/F2837xD_SysCtrl.obj" "./src/Fapi_UserDefinedFunctions.obj" "./src/SCI_Boot.obj" "./src/SCI_GetFunction.obj" "./src/Shared_Boot.obj" "./src/Shared_Erase.obj" "./src/Shared_Verify.obj" "./src/main.obj" "/home/ismail/ti/C2000Ware_5_02_00_00/libraries/flash_api/f2837xd/lib/F021_API_F2837xD_FPU32.lib" "/home/ismail/ti/C2000Ware_5_02_00_00/libraries/boot_rom/f2837xd/rev0/rom_symbol_libs/c1_ROM_API/c1bootROM_BootROMSymbols_fpu32.lib" "../linker/2837xD_FLASH_lnk_cpu1.cmd" "../linker/F2837xD_Headers_nonBIOS_cpu1.cmd" "../linker/flash_programming_cpu1tocpu2_RAM.cmd"  -l"/home/ismail/ti/ccs1271/ccs/tools/compiler/ti-cgt-c2000_22.6.1.LTS/lib/libc.a" 
<Linking>
warning #10247-D: creating output section "CONST_INFO" without a SECTIONS specification
warning #10247-D: creating output section "REV_INFO" without a SECTIONS specification
"../linker/2837xD_FLASH_lnk_cpu1.cmd", line 86: error #10099-D: program will not fit into available memory, or the section contains a call site that requires a trampoline that can't be generated for this section. placement with alignment/blocking fails for section ".text" size 0x209c page 0.  Available memory ranges:
   FLASHA       size: 0x1ffe       unused: 0x1ed4       max hole: 0x1ec6    
error #10010: errors encountered during linking; "Smallbootloader.out" not built
FILE: Smallbootloader.out
CODE  size (bytes): 8563
CONST size (bytes): 94
DATA  size (bytes): 10174
 
 
>> Compilation failure
makefile:159: recipe for target 'Smallbootloader.out' failed
makefile:155: recipe for target 'all' failed
gmake[1]: *** [Smallbootloader.out] Error 1
gmake: *** [all] Error 2

**** Build Finished ****

**** Build of configuration CPU1_RAM for project Smallbootloader ****

/home/ismail/ti/ccs1271/ccs/utils/bin/gmake -k -j 4 all -O 
 
Building file: "../src/SCI_Boot.c"
Invoking: C2000 Compiler
"/home/ismail/ti/ccs1271/ccs/tools/compiler/ti-cgt-c2000_22.6.1.LTS/bin/cl2000" -v28 -ml -mt --cla_support=cla1 --float_support=fpu32 --tmu_support=tmu0 --vcu_support=vcu2 -Ooff --include_path="/home/ismail/IOT-CANBus/TI/Bootloader/Smallbootloader/linker" --include_path="/home/ismail/IOT-CANBus/TI/Bootloader/Smallbootloader/headers" --include_path="/home/ismail/ti/C2000Ware_5_02_00_00/libraries/flash_api/f2837xd/include" --include_path="/home/ismail/IOT-CANBus/TI/Bootloader/Smallbootloader/src" --include_path="/home/ismail/IOT-CANBus/TI/Bootloader/Smallbootloader/assembly" --include_path="/home/ismail/ti/C2000Ware_5_02_00_00/device_support/f2837xd/headers/include" --include_path="/home/ismail/ti/C2000Ware_5_02_00_00/device_support/f2837xd/common/include" --include_path="/home/ismail/IOT-CANBus/TI/Bootloader/Smallbootloader" --include_path="/home/ismail/ti/ccs1271/ccs/tools/compiler/ti-cgt-c2000_22.6.1.LTS/include" --advice:performance=all --define=_LAUNCHXL_F28379D --define=_DUAL_HEADERS --define=DEBUG --define=CPU1 --diag_suppress=10063 --diag_warning=225 --diag_wrap=off --display_error_number --abi=coffabi --section_sizes=on --preproc_with_compile --preproc_dependency="src/SCI_Boot.d_raw" --obj_directory="src"  "../src/SCI_Boot.c"
FILE: src/SCI_Boot.obj
CODE  size (bytes): 57
 
Finished building: "../src/SCI_Boot.c"
 
Building target: "Smallbootloader.out"
Invoking: C2000 Linker
"/home/ismail/ti/ccs1271/ccs/tools/compiler/ti-cgt-c2000_22.6.1.LTS/bin/cl2000" -v28 -ml -mt --cla_support=cla1 --float_support=fpu32 --tmu_support=tmu0 --vcu_support=vcu2 -Ooff --advice:performance=all --define=_LAUNCHXL_F28379D --define=_DUAL_HEADERS --define=DEBUG --define=CPU1 --diag_suppress=10063 --diag_warning=225 --diag_wrap=off --display_error_number --abi=coffabi --section_sizes=on -z -m"Smallbootloader.map" --stack_size=0x100 --warn_sections -i"/home/ismail/ti/ccs1271/ccs/tools/compiler/ti-cgt-c2000_22.6.1.LTS/lib" -i"/home/ismail/ti/C2000Ware_5_02_00_00/device_support/f2837xd/common/cmd" -i"/home/ismail/ti/C2000Ware_5_02_00_00/device_support/f2837xd/headers/cmd" -i"/home/ismail/ti/ccs1271/ccs/tools/compiler/ti-cgt-c2000_22.6.1.LTS/include" --reread_libs --diag_wrap=off --display_error_number --xml_link_info="Smallbootloader_linkInfo.xml" --rom_model -o "Smallbootloader.out" "./assembly/F2837xD_usDelay.obj" "./assembly/fwupgradec1toc2_start.obj" "./src/F2837xD_DefaultISR.obj" "./src/F2837xD_GlobalVariableDefs.obj" "./src/F2837xD_Gpio.obj" "./src/F2837xD_Ipc.obj" "./src/F2837xD_Ipc_Driver_Util.obj" "./src/F2837xD_PieCtrl.obj" "./src/F2837xD_PieVect.obj" "./src/F2837xD_SysCtrl.obj" "./src/Fapi_UserDefinedFunctions.obj" "./src/SCI_Boot.obj" "./src/SCI_GetFunction.obj" "./src/Shared_Boot.obj" "./src/Shared_Erase.obj" "./src/Shared_Verify.obj" "./src/main.obj" "/home/ismail/ti/C2000Ware_5_02_00_00/libraries/flash_api/f2837xd/lib/F021_API_F2837xD_FPU32.lib" "/home/ismail/ti/C2000Ware_5_02_00_00/libraries/boot_rom/f2837xd/rev0/rom_symbol_libs/c1_ROM_API/c1bootROM_BootROMSymbols_fpu32.lib" "../linker/2837xD_FLASH_lnk_cpu1.cmd" "../linker/F2837xD_Headers_nonBIOS_cpu1.cmd" "../linker/flash_programming_cpu1tocpu2_RAM.cmd"  -l"/home/ismail/ti/ccs1271/ccs/tools/compiler/ti-cgt-c2000_22.6.1.LTS/lib/libc.a" 
<Linking>
warning #10247-D: creating output section "CONST_INFO" without a SECTIONS specification
warning #10247-D: creating output section "REV_INFO" without a SECTIONS specification
FILE: Smallbootloader.out
CODE  size (bytes): 8032
CONST size (bytes): 94
DATA  size (bytes): 10174
 
Finished building target: "Smallbootloader.out"
 

**** Build Finished ****

**** Build of configuration CPU1_RAM for project Smallbootloader ****

/home/ismail/ti/ccs1271/ccs/utils/bin/gmake -k -j 4 all -O 
 
Building target: "Smallbootloader.out"
Invoking: C2000 Linker
"/home/ismail/ti/ccs1271/ccs/tools/compiler/ti-cgt-c2000_22.6.1.LTS/bin/cl2000" -v28 -ml -mt --cla_support=cla1 --float_support=fpu32 --tmu_support=tmu0 --vcu_support=vcu2 -Ooff --advice:performance=all --define=_LAUNCHXL_F28379D --define=_DUAL_HEADERS --define=DEBUG --define=CPU1 --diag_suppress=10063 --diag_warning=225 --diag_wrap=off --display_error_number --abi=coffabi --section_sizes=on -z -m"Smallbootloader.map" --stack_size=0x100 --warn_sections -i"/home/ismail/ti/ccs1271/ccs/tools/compiler/ti-cgt-c2000_22.6.1.LTS/lib" -i"/home/ismail/ti/C2000Ware_5_02_00_00/device_support/f2837xd/common/cmd" -i"/home/ismail/ti/C2000Ware_5_02_00_00/device_support/f2837xd/headers/cmd" -i"/home/ismail/ti/ccs1271/ccs/tools/compiler/ti-cgt-c2000_22.6.1.LTS/include" --reread_libs --diag_wrap=off --display_error_number --xml_link_info="Smallbootloader_linkInfo.xml" --rom_model -o "Smallbootloader.out" "./assembly/F2837xD_usDelay.obj" "./assembly/fwupgradec1toc2_start.obj" "./src/F2837xD_DefaultISR.obj" "./src/F2837xD_GlobalVariableDefs.obj" "./src/F2837xD_Gpio.obj" "./src/F2837xD_PieCtrl.obj" "./src/F2837xD_PieVect.obj" "./src/F2837xD_SysCtrl.obj" "./src/Fapi_UserDefinedFunctions.obj" "./src/SCI_Boot.obj" "./src/SCI_GetFunction.obj" "./src/Shared_Boot.obj" "./src/Shared_Erase.obj" "./src/Shared_Verify.obj" "./src/main.obj" "/home/ismail/ti/C2000Ware_5_02_00_00/libraries/flash_api/f2837xd/lib/F021_API_F2837xD_FPU32.lib" "/home/ismail/ti/C2000Ware_5_02_00_00/libraries/boot_rom/f2837xd/rev0/rom_symbol_libs/c1_ROM_API/c1bootROM_BootROMSymbols_fpu32.lib" "../linker/2837xD_FLASH_lnk_cpu1.cmd" "../linker/F2837xD_Headers_nonBIOS_cpu1.cmd" "../linker/flash_programming_cpu1tocpu2_RAM.cmd"  -l"/home/ismail/ti/ccs1271/ccs/tools/compiler/ti-cgt-c2000_22.6.1.LTS/lib/libc.a" 
<Linking>
warning #10247-D: creating output section "CONST_INFO" without a SECTIONS specification
warning #10247-D: creating output section "REV_INFO" without a SECTIONS specification
FILE: Smallbootloader.out
CODE  size (bytes): 8008
CONST size (bytes): 94
DATA  size (bytes): 10174
 
Finished building target: "Smallbootloader.out"
 

**** Build Finished ****

**** Build of configuration CPU1_RAM for project Smallbootloader ****

/home/ismail/ti/ccs1271/ccs/utils/bin/gmake -k -j 4 all -O 
 
Building target: "Smallbootloader.out"
Invoking: C2000 Linker
"/home/ismail/ti/ccs1271/ccs/tools/compiler/ti-cgt-c2000_22.6.1.LTS/bin/cl2000" -v28 -ml -mt --cla_support=cla1 --float_support=fpu32 --tmu_support=tmu0 --vcu_support=vcu2 -Ooff --advice:performance=all --define=_LAUNCHXL_F28379D --define=_DUAL_HEADERS --define=DEBUG --define=CPU1 --diag_suppress=10063 --diag_warning=225 --diag_wrap=off --display_error_number --abi=coffabi --section_sizes=on -z -m"Smallbootloader.map" --stack_size=0x100 --warn_sections -i"/home/ismail/ti/ccs1271/ccs/tools/compiler/ti-cgt-c2000_22.6.1.LTS/lib" -i"/home/ismail/ti/C2000Ware_5_02_00_00/device_support/f2837xd/common/cmd" -i"/home/ismail/ti/C2000Ware_5_02_00_00/device_support/f2837xd/headers/cmd" -i"/home/ismail/ti/ccs1271/ccs/tools/compiler/ti-cgt-c2000_22.6.1.LTS/include" --reread_libs --diag_wrap=off --display_error_number --xml_link_info="Smallbootloader_linkInfo.xml" --rom_model -o "Smallbootloader.out" "./assembly/F2837xD_usDelay.obj" "./assembly/fwupgradec1toc2_start.obj" "./src/F2837xD_DefaultISR.obj" "./src/F2837xD_GlobalVariableDefs.obj" "./src/F2837xD_Gpio.obj" "./src/F2837xD_SysCtrl.obj" "./src/Fapi_UserDefinedFunctions.obj" "./src/SCI_Boot.obj" "./src/SCI_GetFunction.obj" "./src/Shared_Boot.obj" "./src/Shared_Erase.obj" "./src/Shared_Verify.obj" "./src/main.obj" "/home/ismail/ti/C2000Ware_5_02_00_00/libraries/flash_api/f2837xd/lib/F021_API_F2837xD_FPU32.lib" "/home/ismail/ti/C2000Ware_5_02_00_00/libraries/boot_rom/f2837xd/rev0/rom_symbol_libs/c1_ROM_API/c1bootROM_BootROMSymbols_fpu32.lib" "../linker/2837xD_FLASH_lnk_cpu1.cmd" "../linker/F2837xD_Headers_nonBIOS_cpu1.cmd" "../linker/flash_programming_cpu1tocpu2_RAM.cmd"  -l"/home/ismail/ti/ccs1271/ccs/tools/compiler/ti-cgt-c2000_22.6.1.LTS/lib/libc.a" 
<Linking>
warning #10247-D: creating output section "CONST_INFO" without a SECTIONS specification
warning #10247-D: creating output section "REV_INFO" without a SECTIONS specification
FILE: Smallbootloader.out
CODE  size (bytes): 8008
CONST size (bytes): 94
DATA  size (bytes): 10174
 
Finished building target: "Smallbootloader.out"
 

**** Build Finished ****

**** Build of configuration CPU1_RAM for project Smallbootloader ****

/home/ismail/ti/ccs1271/ccs/utils/bin/gmake -k -j 4 all -O 
 
Building file: "../src/SCI_GetFunction.c"
Invoking: C2000 Compiler
"/home/ismail/ti/ccs1271/ccs/tools/compiler/ti-cgt-c2000_22.6.1.LTS/bin/cl2000" -v28 -ml -mt --cla_support=cla1 --float_support=fpu32 --tmu_support=tmu0 --vcu_support=vcu2 -Ooff --include_path="/home/ismail/IOT-CANBus/TI/Bootloader/Smallbootloader/linker" --include_path="/home/ismail/IOT-CANBus/TI/Bootloader/Smallbootloader/headers" --include_path="/home/ismail/ti/C2000Ware_5_02_00_00/libraries/flash_api/f2837xd/include" --include_path="/home/ismail/IOT-CANBus/TI/Bootloader/Smallbootloader/src" --include_path="/home/ismail/IOT-CANBus/TI/Bootloader/Smallbootloader/assembly" --include_path="/home/ismail/ti/C2000Ware_5_02_00_00/device_support/f2837xd/headers/include" --include_path="/home/ismail/ti/C2000Ware_5_02_00_00/device_support/f2837xd/common/include" --include_path="/home/ismail/IOT-CANBus/TI/Bootloader/Smallbootloader" --include_path="/home/ismail/ti/ccs1271/ccs/tools/compiler/ti-cgt-c2000_22.6.1.LTS/include" --advice:performance=all --define=_LAUNCHXL_F28379D --define=_DUAL_HEADERS --define=DEBUG --define=CPU1 --diag_suppress=10063 --diag_warning=225 --diag_wrap=off --display_error_number --abi=coffabi --section_sizes=on --preproc_with_compile --preproc_dependency="src/SCI_GetFunction.d_raw" --obj_directory="src"  "../src/SCI_GetFunction.c"
FILE: src/SCI_GetFunction.obj
CODE  size (bytes): 619
DATA  size (bytes): 10
 
Finished building: "../src/SCI_GetFunction.c"
 
Building target: "Smallbootloader.out"
Invoking: C2000 Linker
"/home/ismail/ti/ccs1271/ccs/tools/compiler/ti-cgt-c2000_22.6.1.LTS/bin/cl2000" -v28 -ml -mt --cla_support=cla1 --float_support=fpu32 --tmu_support=tmu0 --vcu_support=vcu2 -Ooff --advice:performance=all --define=_LAUNCHXL_F28379D --define=_DUAL_HEADERS --define=DEBUG --define=CPU1 --diag_suppress=10063 --diag_warning=225 --diag_wrap=off --display_error_number --abi=coffabi --section_sizes=on -z -m"Smallbootloader.map" --stack_size=0x100 --warn_sections -i"/home/ismail/ti/ccs1271/ccs/tools/compiler/ti-cgt-c2000_22.6.1.LTS/lib" -i"/home/ismail/ti/C2000Ware_5_02_00_00/device_support/f2837xd/common/cmd" -i"/home/ismail/ti/C2000Ware_5_02_00_00/device_support/f2837xd/headers/cmd" -i"/home/ismail/ti/ccs1271/ccs/tools/compiler/ti-cgt-c2000_22.6.1.LTS/include" --reread_libs --diag_wrap=off --display_error_number --xml_link_info="Smallbootloader_linkInfo.xml" --rom_model -o "Smallbootloader.out" "./assembly/F2837xD_usDelay.obj" "./assembly/fwupgradec1toc2_start.obj" "./src/F2837xD_DefaultISR.obj" "./src/F2837xD_GlobalVariableDefs.obj" "./src/F2837xD_Gpio.obj" "./src/F2837xD_SysCtrl.obj" "./src/Fapi_UserDefinedFunctions.obj" "./src/SCI_Boot.obj" "./src/SCI_GetFunction.obj" "./src/Shared_Boot.obj" "./src/Shared_Erase.obj" "./src/Shared_Verify.obj" "./src/main.obj" "/home/ismail/ti/C2000Ware_5_02_00_00/libraries/flash_api/f2837xd/lib/F021_API_F2837xD_FPU32.lib" "/home/ismail/ti/C2000Ware_5_02_00_00/libraries/boot_rom/f2837xd/rev0/rom_symbol_libs/c1_ROM_API/c1bootROM_BootROMSymbols_fpu32.lib" "../linker/2837xD_FLASH_lnk_cpu1.cmd" "../linker/F2837xD_Headers_nonBIOS_cpu1.cmd" "../linker/flash_programming_cpu1tocpu2_RAM.cmd"  -l"/home/ismail/ti/ccs1271/ccs/tools/compiler/ti-cgt-c2000_22.6.1.LTS/lib/libc.a" 
<Linking>
warning #10247-D: creating output section "CONST_INFO" without a SECTIONS specification
warning #10247-D: creating output section "REV_INFO" without a SECTIONS specification
FILE: Smallbootloader.out
CODE  size (bytes): 8008
CONST size (bytes): 94
DATA  size (bytes): 10174
 
Finished building target: "Smallbootloader.out"
 

**** Build Finished ****

**** Build of configuration CPU1_RAM for project Smallbootloader ****

/home/ismail/ti/ccs1271/ccs/utils/bin/gmake -k -j 4 all -O 
 
Building file: "../src/main.c"
Invoking: C2000 Compiler
"/home/ismail/ti/ccs1271/ccs/tools/compiler/ti-cgt-c2000_22.6.1.LTS/bin/cl2000" -v28 -ml -mt --cla_support=cla1 --float_support=fpu32 --tmu_support=tmu0 --vcu_support=vcu2 -Ooff --include_path="/home/ismail/IOT-CANBus/TI/Bootloader/Smallbootloader/linker" --include_path="/home/ismail/IOT-CANBus/TI/Bootloader/Smallbootloader/headers" --include_path="/home/ismail/ti/C2000Ware_5_02_00_00/libraries/flash_api/f2837xd/include" --include_path="/home/ismail/IOT-CANBus/TI/Bootloader/Smallbootloader/src" --include_path="/home/ismail/IOT-CANBus/TI/Bootloader/Smallbootloader/assembly" --include_path="/home/ismail/ti/C2000Ware_5_02_00_00/device_support/f2837xd/headers/include" --include_path="/home/ismail/ti/C2000Ware_5_02_00_00/device_support/f2837xd/common/include" --include_path="/home/ismail/IOT-CANBus/TI/Bootloader/Smallbootloader" --include_path="/home/ismail/ti/ccs1271/ccs/tools/compiler/ti-cgt-c2000_22.6.1.LTS/include" --advice:performance=all --define=_LAUNCHXL_F28379D --define=_DUAL_HEADERS --define=DEBUG --define=CPU1 --diag_suppress=10063 --diag_warning=225 --diag_wrap=off --display_error_number --abi=coffabi --section_sizes=on --preproc_with_compile --preproc_dependency="src/main.d_raw" --obj_directory="src"  "../src/main.c"
FILE: src/main.obj
CODE  size (bytes): 194
 
Finished building: "../src/main.c"
 
Building target: "Smallbootloader.out"
Invoking: C2000 Linker
"/home/ismail/ti/ccs1271/ccs/tools/compiler/ti-cgt-c2000_22.6.1.LTS/bin/cl2000" -v28 -ml -mt --cla_support=cla1 --float_support=fpu32 --tmu_support=tmu0 --vcu_support=vcu2 -Ooff --advice:performance=all --define=_LAUNCHXL_F28379D --define=_DUAL_HEADERS --define=DEBUG --define=CPU1 --diag_suppress=10063 --diag_warning=225 --diag_wrap=off --display_error_number --abi=coffabi --section_sizes=on -z -m"Smallbootloader.map" --stack_size=0x100 --warn_sections -i"/home/ismail/ti/ccs1271/ccs/tools/compiler/ti-cgt-c2000_22.6.1.LTS/lib" -i"/home/ismail/ti/C2000Ware_5_02_00_00/device_support/f2837xd/common/cmd" -i"/home/ismail/ti/C2000Ware_5_02_00_00/device_support/f2837xd/headers/cmd" -i"/home/ismail/ti/ccs1271/ccs/tools/compiler/ti-cgt-c2000_22.6.1.LTS/include" --reread_libs --diag_wrap=off --display_error_number --xml_link_info="Smallbootloader_linkInfo.xml" --rom_model -o "Smallbootloader.out" "./assembly/F2837xD_usDelay.obj" "./assembly/fwupgradec1toc2_start.obj" "./src/F2837xD_DefaultISR.obj" "./src/F2837xD_GlobalVariableDefs.obj" "./src/F2837xD_Gpio.obj" "./src/F2837xD_SysCtrl.obj" "./src/Fapi_UserDefinedFunctions.obj" "./src/SCI_Boot.obj" "./src/SCI_GetFunction.obj" "./src/Shared_Boot.obj" "./src/Shared_Erase.obj" "./src/Shared_Verify.obj" "./src/main.obj" "/home/ismail/ti/C2000Ware_5_02_00_00/libraries/flash_api/f2837xd/lib/F021_API_F2837xD_FPU32.lib" "/home/ismail/ti/C2000Ware_5_02_00_00/libraries/boot_rom/f2837xd/rev0/rom_symbol_libs/c1_ROM_API/c1bootROM_BootROMSymbols_fpu32.lib" "../linker/2837xD_FLASH_lnk_cpu1.cmd" "../linker/F2837xD_Headers_nonBIOS_cpu1.cmd" "../linker/flash_programming_cpu1tocpu2_RAM.cmd"  -l"/home/ismail/ti/ccs1271/ccs/tools/compiler/ti-cgt-c2000_22.6.1.LTS/lib/libc.a" 
<Linking>
FILE: Smallbootloader.out
CODE  size (bytes): 8008
CONST size (bytes): 85
DATA  size (bytes): 10174
 
Finished building target: "Smallbootloader.out"
 

**** Build Finished ****

**** Build of configuration CPU1_RAM for project Smallbootloader ****

/home/ismail/ti/ccs1271/ccs/utils/bin/gmake -k -j 4 all -O 
 
Building file: "../src/main.c"
Invoking: C2000 Compiler
"/home/ismail/ti/ccs1271/ccs/tools/compiler/ti-cgt-c2000_22.6.1.LTS/bin/cl2000" -v28 -ml -mt --cla_support=cla1 --float_support=fpu32 --tmu_support=tmu0 --vcu_support=vcu2 -Ooff --include_path="/home/ismail/IOT-CANBus/TI/Bootloader/Smallbootloader/linker" --include_path="/home/ismail/IOT-CANBus/TI/Bootloader/Smallbootloader/headers" --include_path="/home/ismail/ti/C2000Ware_5_02_00_00/libraries/flash_api/f2837xd/include" --include_path="/home/ismail/IOT-CANBus/TI/Bootloader/Smallbootloader/src" --include_path="/home/ismail/IOT-CANBus/TI/Bootloader/Smallbootloader/assembly" --include_path="/home/ismail/ti/C2000Ware_5_02_00_00/device_support/f2837xd/headers/include" --include_path="/home/ismail/ti/C2000Ware_5_02_00_00/device_support/f2837xd/common/include" --include_path="/home/ismail/IOT-CANBus/TI/Bootloader/Smallbootloader" --include_path="/home/ismail/ti/ccs1271/ccs/tools/compiler/ti-cgt-c2000_22.6.1.LTS/include" --advice:performance=all --define=_LAUNCHXL_F28379D --define=_DUAL_HEADERS --define=DEBUG --define=CPU1 --diag_suppress=10063 --diag_warning=225 --diag_wrap=off --display_error_number --abi=coffabi --section_sizes=on --preproc_with_compile --preproc_dependency="src/main.d_raw" --obj_directory="src"  "../src/main.c"
FILE: src/main.obj
CODE  size (bytes): 194
CONST size (bytes): 9
 
Finished building: "../src/main.c"
 
Building target: "Smallbootloader.out"
Invoking: C2000 Linker
"/home/ismail/ti/ccs1271/ccs/tools/compiler/ti-cgt-c2000_22.6.1.LTS/bin/cl2000" -v28 -ml -mt --cla_support=cla1 --float_support=fpu32 --tmu_support=tmu0 --vcu_support=vcu2 -Ooff --advice:performance=all --define=_LAUNCHXL_F28379D --define=_DUAL_HEADERS --define=DEBUG --define=CPU1 --diag_suppress=10063 --diag_warning=225 --diag_wrap=off --display_error_number --abi=coffabi --section_sizes=on -z -m"Smallbootloader.map" --stack_size=0x100 --warn_sections -i"/home/ismail/ti/ccs1271/ccs/tools/compiler/ti-cgt-c2000_22.6.1.LTS/lib" -i"/home/ismail/ti/C2000Ware_5_02_00_00/device_support/f2837xd/common/cmd" -i"/home/ismail/ti/C2000Ware_5_02_00_00/device_support/f2837xd/headers/cmd" -i"/home/ismail/ti/ccs1271/ccs/tools/compiler/ti-cgt-c2000_22.6.1.LTS/include" --reread_libs --diag_wrap=off --display_error_number --xml_link_info="Smallbootloader_linkInfo.xml" --rom_model -o "Smallbootloader.out" "./assembly/F2837xD_usDelay.obj" "./assembly/fwupgradec1toc2_start.obj" "./src/F2837xD_DefaultISR.obj" "./src/F2837xD_GlobalVariableDefs.obj" "./src/F2837xD_Gpio.obj" "./src/F2837xD_SysCtrl.obj" "./src/Fapi_UserDefinedFunctions.obj" "./src/SCI_Boot.obj" "./src/SCI_GetFunction.obj" "./src/Shared_Boot.obj" "./src/Shared_Erase.obj" "./src/Shared_Verify.obj" "./src/main.obj" "/home/ismail/ti/C2000Ware_5_02_00_00/libraries/flash_api/f2837xd/lib/F021_API_F2837xD_FPU32.lib" "/home/ismail/ti/C2000Ware_5_02_00_00/libraries/boot_rom/f2837xd/rev0/rom_symbol_libs/c1_ROM_API/c1bootROM_BootROMSymbols_fpu32.lib" "../linker/2837xD_FLASH_lnk_cpu1.cmd" "../linker/F2837xD_Headers_nonBIOS_cpu1.cmd" "../linker/flash_programming_cpu1tocpu2_RAM.cmd"  -l"/home/ismail/ti/ccs1271/ccs/tools/compiler/ti-cgt-c2000_22.6.1.LTS/lib/libc.a" 
<Linking>
warning #10247-D: creating output section "CONST_INFO" without a SECTIONS specification
warning #10247-D: creating output section "REV_INFO" without a SECTIONS specification
FILE: Smallbootloader.out
CODE  size (bytes): 8008
CONST size (bytes): 94
DATA  size (bytes): 10174
 
Finished building target: "Smallbootloader.out"
 

**** Build Finished ****

**** Build of configuration CPU1_RAM for project Smallbootloader ****

/home/ismail/ti/ccs1271/ccs/utils/bin/gmake -k -j 4 all -O 
 
Building file: "../src/main.c"
Invoking: C2000 Compiler
"/home/ismail/ti/ccs1271/ccs/tools/compiler/ti-cgt-c2000_22.6.1.LTS/bin/cl2000" -v28 -ml -mt --cla_support=cla1 --float_support=fpu32 --tmu_support=tmu0 --vcu_support=vcu2 -Ooff --include_path="/home/ismail/IOT-CANBus/TI/Bootloader/Smallbootloader/linker" --include_path="/home/ismail/IOT-CANBus/TI/Bootloader/Smallbootloader/headers" --include_path="/home/ismail/ti/C2000Ware_5_02_00_00/libraries/flash_api/f2837xd/include" --include_path="/home/ismail/IOT-CANBus/TI/Bootloader/Smallbootloader/src" --include_path="/home/ismail/IOT-CANBus/TI/Bootloader/Smallbootloader/assembly" --include_path="/home/ismail/ti/C2000Ware_5_02_00_00/device_support/f2837xd/headers/include" --include_path="/home/ismail/ti/C2000Ware_5_02_00_00/device_support/f2837xd/common/include" --include_path="/home/ismail/IOT-CANBus/TI/Bootloader/Smallbootloader" --include_path="/home/ismail/ti/ccs1271/ccs/tools/compiler/ti-cgt-c2000_22.6.1.LTS/include" --advice:performance=all --define=_LAUNCHXL_F28379D --define=_DUAL_HEADERS --define=DEBUG --define=CPU1 --diag_suppress=10063 --diag_warning=225 --diag_wrap=off --display_error_number --abi=coffabi --section_sizes=on --preproc_with_compile --preproc_dependency="src/main.d_raw" --obj_directory="src"  "../src/main.c"
FILE: src/main.obj
CODE  size (bytes): 194
 
Finished building: "../src/main.c"
 
Building target: "Smallbootloader.out"
Invoking: C2000 Linker
"/home/ismail/ti/ccs1271/ccs/tools/compiler/ti-cgt-c2000_22.6.1.LTS/bin/cl2000" -v28 -ml -mt --cla_support=cla1 --float_support=fpu32 --tmu_support=tmu0 --vcu_support=vcu2 -Ooff --advice:performance=all --define=_LAUNCHXL_F28379D --define=_DUAL_HEADERS --define=DEBUG --define=CPU1 --diag_suppress=10063 --diag_warning=225 --diag_wrap=off --display_error_number --abi=coffabi --section_sizes=on -z -m"Smallbootloader.map" --stack_size=0x100 --warn_sections -i"/home/ismail/ti/ccs1271/ccs/tools/compiler/ti-cgt-c2000_22.6.1.LTS/lib" -i"/home/ismail/ti/C2000Ware_5_02_00_00/device_support/f2837xd/common/cmd" -i"/home/ismail/ti/C2000Ware_5_02_00_00/device_support/f2837xd/headers/cmd" -i"/home/ismail/ti/ccs1271/ccs/tools/compiler/ti-cgt-c2000_22.6.1.LTS/include" --reread_libs --diag_wrap=off --display_error_number --xml_link_info="Smallbootloader_linkInfo.xml" --rom_model -o "Smallbootloader.out" "./assembly/F2837xD_usDelay.obj" "./assembly/fwupgradec1toc2_start.obj" "./src/F2837xD_DefaultISR.obj" "./src/F2837xD_GlobalVariableDefs.obj" "./src/F2837xD_Gpio.obj" "./src/F2837xD_SysCtrl.obj" "./src/Fapi_UserDefinedFunctions.obj" "./src/SCI_Boot.obj" "./src/SCI_GetFunction.obj" "./src/Shared_Boot.obj" "./src/Shared_Erase.obj" "./src/Shared_Verify.obj" "./src/main.obj" "/home/ismail/ti/C2000Ware_5_02_00_00/libraries/flash_api/f2837xd/lib/F021_API_F2837xD_FPU32.lib" "/home/ismail/ti/C2000Ware_5_02_00_00/libraries/boot_rom/f2837xd/rev0/rom_symbol_libs/c1_ROM_API/c1bootROM_BootROMSymbols_fpu32.lib" "../linker/2837xD_FLASH_lnk_cpu1.cmd" "../linker/F2837xD_Headers_nonBIOS_cpu1.cmd" "../linker/flash_programming_cpu1tocpu2_RAM.cmd"  -l"/home/ismail/ti/ccs1271/ccs/tools/compiler/ti-cgt-c2000_22.6.1.LTS/lib/libc.a" 
<Linking>
FILE: Smallbootloader.out
CODE  size (bytes): 8008
CONST size (bytes): 85
DATA  size (bytes): 10174
 
Finished building target: "Smallbootloader.out"
 

**** Build Finished ****

**** Build of configuration CPU1_RAM for project Smallbootloader ****

/home/ismail/ti/ccs1271/ccs/utils/bin/gmake -k -j 4 all -O 
 
Building file: "../src/main.c"
Invoking: C2000 Compiler
"/home/ismail/ti/ccs1271/ccs/tools/compiler/ti-cgt-c2000_22.6.1.LTS/bin/cl2000" -v28 -ml -mt --cla_support=cla1 --float_support=fpu32 --tmu_support=tmu0 --vcu_support=vcu2 -Ooff --include_path="/home/ismail/IOT-CANBus/TI/Bootloader/Smallbootloader/linker" --include_path="/home/ismail/IOT-CANBus/TI/Bootloader/Smallbootloader/headers" --include_path="/home/ismail/ti/C2000Ware_5_02_00_00/libraries/flash_api/f2837xd/include" --include_path="/home/ismail/IOT-CANBus/TI/Bootloader/Smallbootloader/src" --include_path="/home/ismail/IOT-CANBus/TI/Bootloader/Smallbootloader/assembly" --include_path="/home/ismail/ti/C2000Ware_5_02_00_00/device_support/f2837xd/headers/include" --include_path="/home/ismail/ti/C2000Ware_5_02_00_00/device_support/f2837xd/common/include" --include_path="/home/ismail/IOT-CANBus/TI/Bootloader/Smallbootloader" --include_path="/home/ismail/ti/ccs1271/ccs/tools/compiler/ti-cgt-c2000_22.6.1.LTS/include" --advice:performance=all --define=_LAUNCHXL_F28379D --define=_DUAL_HEADERS --define=DEBUG --define=CPU1 --diag_suppress=10063 --diag_warning=225 --diag_wrap=off --display_error_number --abi=coffabi --section_sizes=on --preproc_with_compile --preproc_dependency="src/main.d_raw" --obj_directory="src"  "../src/main.c"
FILE: src/main.obj
CODE  size (bytes): 178
 
"../src/main.c", line 214: warning #112-D: statement is unreachable
Finished building: "../src/main.c"
 
Building target: "Smallbootloader.out"
Invoking: C2000 Linker
"/home/ismail/ti/ccs1271/ccs/tools/compiler/ti-cgt-c2000_22.6.1.LTS/bin/cl2000" -v28 -ml -mt --cla_support=cla1 --float_support=fpu32 --tmu_support=tmu0 --vcu_support=vcu2 -Ooff --advice:performance=all --define=_LAUNCHXL_F28379D --define=_DUAL_HEADERS --define=DEBUG --define=CPU1 --diag_suppress=10063 --diag_warning=225 --diag_wrap=off --display_error_number --abi=coffabi --section_sizes=on -z -m"Smallbootloader.map" --stack_size=0x100 --warn_sections -i"/home/ismail/ti/ccs1271/ccs/tools/compiler/ti-cgt-c2000_22.6.1.LTS/lib" -i"/home/ismail/ti/C2000Ware_5_02_00_00/device_support/f2837xd/common/cmd" -i"/home/ismail/ti/C2000Ware_5_02_00_00/device_support/f2837xd/headers/cmd" -i"/home/ismail/ti/ccs1271/ccs/tools/compiler/ti-cgt-c2000_22.6.1.LTS/include" --reread_libs --diag_wrap=off --display_error_number --xml_link_info="Smallbootloader_linkInfo.xml" --rom_model -o "Smallbootloader.out" "./assembly/F2837xD_usDelay.obj" "./assembly/fwupgradec1toc2_start.obj" "./src/F2837xD_DefaultISR.obj" "./src/F2837xD_GlobalVariableDefs.obj" "./src/F2837xD_Gpio.obj" "./src/F2837xD_SysCtrl.obj" "./src/Fapi_UserDefinedFunctions.obj" "./src/SCI_Boot.obj" "./src/SCI_GetFunction.obj" "./src/Shared_Boot.obj" "./src/Shared_Erase.obj" "./src/Shared_Verify.obj" "./src/main.obj" "/home/ismail/ti/C2000Ware_5_02_00_00/libraries/flash_api/f2837xd/lib/F021_API_F2837xD_FPU32.lib" "/home/ismail/ti/C2000Ware_5_02_00_00/libraries/boot_rom/f2837xd/rev0/rom_symbol_libs/c1_ROM_API/c1bootROM_BootROMSymbols_fpu32.lib" "../linker/2837xD_FLASH_lnk_cpu1.cmd" "../linker/F2837xD_Headers_nonBIOS_cpu1.cmd" "../linker/flash_programming_cpu1tocpu2_RAM.cmd"  -l"/home/ismail/ti/ccs1271/ccs/tools/compiler/ti-cgt-c2000_22.6.1.LTS/lib/libc.a" 
<Linking>
FILE: Smallbootloader.out
CODE  size (bytes): 4716
CONST size (bytes): 26
DATA  size (bytes): 10160
 
Finished building target: "Smallbootloader.out"
 

**** Build Finished ****

**** Build of configuration CPU1_RAM for project Smallbootloader ****

/home/ismail/ti/ccs1271/ccs/utils/bin/gmake -k -j 4 all -O 
 
Building file: "../src/main.c"
Invoking: C2000 Compiler
"/home/ismail/ti/ccs1271/ccs/tools/compiler/ti-cgt-c2000_22.6.1.LTS/bin/cl2000" -v28 -ml -mt --cla_support=cla1 --float_support=fpu32 --tmu_support=tmu0 --vcu_support=vcu2 -Ooff --include_path="/home/ismail/IOT-CANBus/TI/Bootloader/Smallbootloader/linker" --include_path="/home/ismail/IOT-CANBus/TI/Bootloader/Smallbootloader/headers" --include_path="/home/ismail/ti/C2000Ware_5_02_00_00/libraries/flash_api/f2837xd/include" --include_path="/home/ismail/IOT-CANBus/TI/Bootloader/Smallbootloader/src" --include_path="/home/ismail/IOT-CANBus/TI/Bootloader/Smallbootloader/assembly" --include_path="/home/ismail/ti/C2000Ware_5_02_00_00/device_support/f2837xd/headers/include" --include_path="/home/ismail/ti/C2000Ware_5_02_00_00/device_support/f2837xd/common/include" --include_path="/home/ismail/IOT-CANBus/TI/Bootloader/Smallbootloader" --include_path="/home/ismail/ti/ccs1271/ccs/tools/compiler/ti-cgt-c2000_22.6.1.LTS/include" --advice:performance=all --define=_LAUNCHXL_F28379D --define=_DUAL_HEADERS --define=DEBUG --define=CPU1 --diag_suppress=10063 --diag_warning=225 --diag_wrap=off --display_error_number --abi=coffabi --section_sizes=on --preproc_with_compile --preproc_dependency="src/main.d_raw" --obj_directory="src"  "../src/main.c"
FILE: src/main.obj
CODE  size (bytes): 236
 
Finished building: "../src/main.c"
 
Building target: "Smallbootloader.out"
Invoking: C2000 Linker
"/home/ismail/ti/ccs1271/ccs/tools/compiler/ti-cgt-c2000_22.6.1.LTS/bin/cl2000" -v28 -ml -mt --cla_support=cla1 --float_support=fpu32 --tmu_support=tmu0 --vcu_support=vcu2 -Ooff --advice:performance=all --define=_LAUNCHXL_F28379D --define=_DUAL_HEADERS --define=DEBUG --define=CPU1 --diag_suppress=10063 --diag_warning=225 --diag_wrap=off --display_error_number --abi=coffabi --section_sizes=on -z -m"Smallbootloader.map" --stack_size=0x100 --warn_sections -i"/home/ismail/ti/ccs1271/ccs/tools/compiler/ti-cgt-c2000_22.6.1.LTS/lib" -i"/home/ismail/ti/C2000Ware_5_02_00_00/device_support/f2837xd/common/cmd" -i"/home/ismail/ti/C2000Ware_5_02_00_00/device_support/f2837xd/headers/cmd" -i"/home/ismail/ti/ccs1271/ccs/tools/compiler/ti-cgt-c2000_22.6.1.LTS/include" --reread_libs --diag_wrap=off --display_error_number --xml_link_info="Smallbootloader_linkInfo.xml" --rom_model -o "Smallbootloader.out" "./assembly/F2837xD_usDelay.obj" "./assembly/fwupgradec1toc2_start.obj" "./src/F2837xD_DefaultISR.obj" "./src/F2837xD_GlobalVariableDefs.obj" "./src/F2837xD_Gpio.obj" "./src/F2837xD_SysCtrl.obj" "./src/Fapi_UserDefinedFunctions.obj" "./src/SCI_Boot.obj" "./src/SCI_GetFunction.obj" "./src/Shared_Boot.obj" "./src/Shared_Erase.obj" "./src/Shared_Verify.obj" "./src/main.obj" "/home/ismail/ti/C2000Ware_5_02_00_00/libraries/flash_api/f2837xd/lib/F021_API_F2837xD_FPU32.lib" "/home/ismail/ti/C2000Ware_5_02_00_00/libraries/boot_rom/f2837xd/rev0/rom_symbol_libs/c1_ROM_API/c1bootROM_BootROMSymbols_fpu32.lib" "../linker/2837xD_FLASH_lnk_cpu1.cmd" "../linker/F2837xD_Headers_nonBIOS_cpu1.cmd" "../linker/flash_programming_cpu1tocpu2_RAM.cmd"  -l"/home/ismail/ti/ccs1271/ccs/tools/compiler/ti-cgt-c2000_22.6.1.LTS/lib/libc.a" 
<Linking>
FILE: Smallbootloader.out
CODE  size (bytes): 8050
CONST size (bytes): 85
DATA  size (bytes): 10174
 
Finished building target: "Smallbootloader.out"
 

**** Build Finished ****

**** Build of configuration CPU1_RAM for project Smallbootloader ****

/home/ismail/ti/ccs1271/ccs/utils/bin/gmake -k -j 4 all -O 
 
Building file: "../src/main.c"
Invoking: C2000 Compiler
"/home/ismail/ti/ccs1271/ccs/tools/compiler/ti-cgt-c2000_22.6.1.LTS/bin/cl2000" -v28 -ml -mt --cla_support=cla1 --float_support=fpu32 --tmu_support=tmu0 --vcu_support=vcu2 -Ooff --include_path="/home/ismail/IOT-CANBus/TI/Bootloader/Smallbootloader/linker" --include_path="/home/ismail/IOT-CANBus/TI/Bootloader/Smallbootloader/headers" --include_path="/home/ismail/ti/C2000Ware_5_02_00_00/libraries/flash_api/f2837xd/include" --include_path="/home/ismail/IOT-CANBus/TI/Bootloader/Smallbootloader/src" --include_path="/home/ismail/IOT-CANBus/TI/Bootloader/Smallbootloader/assembly" --include_path="/home/ismail/ti/C2000Ware_5_02_00_00/device_support/f2837xd/headers/include" --include_path="/home/ismail/ti/C2000Ware_5_02_00_00/device_support/f2837xd/common/include" --include_path="/home/ismail/IOT-CANBus/TI/Bootloader/Smallbootloader" --include_path="/home/ismail/ti/ccs1271/ccs/tools/compiler/ti-cgt-c2000_22.6.1.LTS/include" --advice:performance=all --define=_LAUNCHXL_F28379D --define=_DUAL_HEADERS --define=DEBUG --define=CPU1 --diag_suppress=10063 --diag_warning=225 --diag_wrap=off --display_error_number --abi=coffabi --section_sizes=on --preproc_with_compile --preproc_dependency="src/main.d_raw" --obj_directory="src"  "../src/main.c"
FILE: src/main.obj
CODE  size (bytes): 234
 
Finished building: "../src/main.c"
 
Building target: "Smallbootloader.out"
Invoking: C2000 Linker
"/home/ismail/ti/ccs1271/ccs/tools/compiler/ti-cgt-c2000_22.6.1.LTS/bin/cl2000" -v28 -ml -mt --cla_support=cla1 --float_support=fpu32 --tmu_support=tmu0 --vcu_support=vcu2 -Ooff --advice:performance=all --define=_LAUNCHXL_F28379D --define=_DUAL_HEADERS --define=DEBUG --define=CPU1 --diag_suppress=10063 --diag_warning=225 --diag_wrap=off --display_error_number --abi=coffabi --section_sizes=on -z -m"Smallbootloader.map" --stack_size=0x100 --warn_sections -i"/home/ismail/ti/ccs1271/ccs/tools/compiler/ti-cgt-c2000_22.6.1.LTS/lib" -i"/home/ismail/ti/C2000Ware_5_02_00_00/device_support/f2837xd/common/cmd" -i"/home/ismail/ti/C2000Ware_5_02_00_00/device_support/f2837xd/headers/cmd" -i"/home/ismail/ti/ccs1271/ccs/tools/compiler/ti-cgt-c2000_22.6.1.LTS/include" --reread_libs --diag_wrap=off --display_error_number --xml_link_info="Smallbootloader_linkInfo.xml" --rom_model -o "Smallbootloader.out" "./assembly/F2837xD_usDelay.obj" "./assembly/fwupgradec1toc2_start.obj" "./src/F2837xD_DefaultISR.obj" "./src/F2837xD_GlobalVariableDefs.obj" "./src/F2837xD_Gpio.obj" "./src/F2837xD_SysCtrl.obj" "./src/Fapi_UserDefinedFunctions.obj" "./src/SCI_Boot.obj" "./src/SCI_GetFunction.obj" "./src/Shared_Boot.obj" "./src/Shared_Erase.obj" "./src/Shared_Verify.obj" "./src/main.obj" "/home/ismail/ti/C2000Ware_5_02_00_00/libraries/flash_api/f2837xd/lib/F021_API_F2837xD_FPU32.lib" "/home/ismail/ti/C2000Ware_5_02_00_00/libraries/boot_rom/f2837xd/rev0/rom_symbol_libs/c1_ROM_API/c1bootROM_BootROMSymbols_fpu32.lib" "../linker/2837xD_FLASH_lnk_cpu1.cmd" "../linker/F2837xD_Headers_nonBIOS_cpu1.cmd" "../linker/flash_programming_cpu1tocpu2_RAM.cmd"  -l"/home/ismail/ti/ccs1271/ccs/tools/compiler/ti-cgt-c2000_22.6.1.LTS/lib/libc.a" 
<Linking>
FILE: Smallbootloader.out
CODE  size (bytes): 7993
CONST size (bytes): 85
DATA  size (bytes): 10174
 
Finished building target: "Smallbootloader.out"
 

**** Build Finished ****

**** Build of configuration CPU1_RAM for project Smallbootloader ****

/home/ismail/ti/ccs1271/ccs/utils/bin/gmake -k -j 4 all -O 
 
Building file: "../src/main.c"
Invoking: C2000 Compiler
"/home/ismail/ti/ccs1271/ccs/tools/compiler/ti-cgt-c2000_22.6.1.LTS/bin/cl2000" -v28 -ml -mt --cla_support=cla1 --float_support=fpu32 --tmu_support=tmu0 --vcu_support=vcu2 -Ooff --include_path="/home/ismail/IOT-CANBus/TI/Bootloader/Smallbootloader/linker" --include_path="/home/ismail/IOT-CANBus/TI/Bootloader/Smallbootloader/headers" --include_path="/home/ismail/ti/C2000Ware_5_02_00_00/libraries/flash_api/f2837xd/include" --include_path="/home/ismail/IOT-CANBus/TI/Bootloader/Smallbootloader/src" --include_path="/home/ismail/IOT-CANBus/TI/Bootloader/Smallbootloader/assembly" --include_path="/home/ismail/ti/C2000Ware_5_02_00_00/device_support/f2837xd/headers/include" --include_path="/home/ismail/ti/C2000Ware_5_02_00_00/device_support/f2837xd/common/include" --include_path="/home/ismail/IOT-CANBus/TI/Bootloader/Smallbootloader" --include_path="/home/ismail/ti/ccs1271/ccs/tools/compiler/ti-cgt-c2000_22.6.1.LTS/include" --advice:performance=all --define=_LAUNCHXL_F28379D --define=_DUAL_HEADERS --define=DEBUG --define=CPU1 --diag_suppress=10063 --diag_warning=225 --diag_wrap=off --display_error_number --abi=coffabi --section_sizes=on --preproc_with_compile --preproc_dependency="src/main.d_raw" --obj_directory="src"  "../src/main.c"
FILE: src/main.obj
CODE  size (bytes): 236
 
Finished building: "../src/main.c"
 
Building target: "Smallbootloader.out"
Invoking: C2000 Linker
"/home/ismail/ti/ccs1271/ccs/tools/compiler/ti-cgt-c2000_22.6.1.LTS/bin/cl2000" -v28 -ml -mt --cla_support=cla1 --float_support=fpu32 --tmu_support=tmu0 --vcu_support=vcu2 -Ooff --advice:performance=all --define=_LAUNCHXL_F28379D --define=_DUAL_HEADERS --define=DEBUG --define=CPU1 --diag_suppress=10063 --diag_warning=225 --diag_wrap=off --display_error_number --abi=coffabi --section_sizes=on -z -m"Smallbootloader.map" --stack_size=0x100 --warn_sections -i"/home/ismail/ti/ccs1271/ccs/tools/compiler/ti-cgt-c2000_22.6.1.LTS/lib" -i"/home/ismail/ti/C2000Ware_5_02_00_00/device_support/f2837xd/common/cmd" -i"/home/ismail/ti/C2000Ware_5_02_00_00/device_support/f2837xd/headers/cmd" -i"/home/ismail/ti/ccs1271/ccs/tools/compiler/ti-cgt-c2000_22.6.1.LTS/include" --reread_libs --diag_wrap=off --display_error_number --xml_link_info="Smallbootloader_linkInfo.xml" --rom_model -o "Smallbootloader.out" "./assembly/F2837xD_usDelay.obj" "./assembly/fwupgradec1toc2_start.obj" "./src/F2837xD_DefaultISR.obj" "./src/F2837xD_GlobalVariableDefs.obj" "./src/F2837xD_Gpio.obj" "./src/F2837xD_SysCtrl.obj" "./src/Fapi_UserDefinedFunctions.obj" "./src/SCI_Boot.obj" "./src/SCI_GetFunction.obj" "./src/Shared_Boot.obj" "./src/Shared_Erase.obj" "./src/Shared_Verify.obj" "./src/main.obj" "/home/ismail/ti/C2000Ware_5_02_00_00/libraries/flash_api/f2837xd/lib/F021_API_F2837xD_FPU32.lib" "/home/ismail/ti/C2000Ware_5_02_00_00/libraries/boot_rom/f2837xd/rev0/rom_symbol_libs/c1_ROM_API/c1bootROM_BootROMSymbols_fpu32.lib" "../linker/2837xD_FLASH_lnk_cpu1.cmd" "../linker/F2837xD_Headers_nonBIOS_cpu1.cmd" "../linker/flash_programming_cpu1tocpu2_RAM.cmd"  -l"/home/ismail/ti/ccs1271/ccs/tools/compiler/ti-cgt-c2000_22.6.1.LTS/lib/libc.a" 
<Linking>
FILE: Smallbootloader.out
CODE  size (bytes): 8050
CONST size (bytes): 85
DATA  size (bytes): 10174
 
Finished building target: "Smallbootloader.out"
 

**** Build Finished ****

**** Build of configuration CPU1_FLASH for project Smallbootloader ****

/home/ismail/ti/ccs1271/ccs/utils/bin/gmake -k -j 4 all -O 
 
Building file: "../assembly/fwupgradec1toc2_start.asm"
Invoking: C2000 Compiler
"/home/ismail/ti/ccs1271/ccs/tools/compiler/ti-cgt-c2000_22.6.1.LTS/bin/cl2000" -v28 -ml -mt --cla_support=cla1 --float_support=fpu32 --tmu_support=tmu0 --vcu_support=vcu2 -Ooff --include_path="/home/ismail/IOT-CANBus/TI/Bootloader/Smallbootloader/src" --include_path="/home/ismail/IOT-CANBus/TI/Bootloader/Smallbootloader/assembly" --include_path="/home/ismail/IOT-CANBus/TI/Bootloader/Smallbootloader/linker" --include_path="/home/ismail/IOT-CANBus/TI/Bootloader/Smallbootloader/headers" --include_path="/home/ismail/ti/C2000Ware_5_02_00_00/device_support/f2837xd/common/include" --include_path="/home/ismail/ti/C2000Ware_5_02_00_00/device_support/f2837xd/headers/include" --include_path="/home/ismail/ti/C2000Ware_5_02_00_00/libraries/flash_api/f2837xd/include/Constants" --include_path="/home/ismail/ti/C2000Ware_5_02_00_00/libraries/flash_api/f2837xd/include" --include_path="/home/ismail/IOT-CANBus/TI/Bootloader/Smallbootloader" --include_path="/home/ismail/ti/ccs1271/ccs/tools/compiler/ti-cgt-c2000_22.6.1.LTS/include" --advice:performance=all --define=_STANDALONE --define=_FLASH --define=_LAUNCHXL_F28379D --define=DEBUG --define=_DUAL_HEADERS --define=CPU1 --diag_suppress=10063 --diag_warning=225 --diag_wrap=off --display_error_number --abi=coffabi --section_sizes=on --preproc_with_compile --preproc_dependency="assembly/fwupgradec1toc2_start.d_raw" --obj_directory="assembly"  "../assembly/fwupgradec1toc2_start.asm"
Finished building: "../assembly/fwupgradec1toc2_start.asm"
 
Building file: "../assembly/F2837xD_usDelay.asm"
Invoking: C2000 Compiler
"/home/ismail/ti/ccs1271/ccs/tools/compiler/ti-cgt-c2000_22.6.1.LTS/bin/cl2000" -v28 -ml -mt --cla_support=cla1 --float_support=fpu32 --tmu_support=tmu0 --vcu_support=vcu2 -Ooff --include_path="/home/ismail/IOT-CANBus/TI/Bootloader/Smallbootloader/src" --include_path="/home/ismail/IOT-CANBus/TI/Bootloader/Smallbootloader/assembly" --include_path="/home/ismail/IOT-CANBus/TI/Bootloader/Smallbootloader/linker" --include_path="/home/ismail/IOT-CANBus/TI/Bootloader/Smallbootloader/headers" --include_path="/home/ismail/ti/C2000Ware_5_02_00_00/device_support/f2837xd/common/include" --include_path="/home/ismail/ti/C2000Ware_5_02_00_00/device_support/f2837xd/headers/include" --include_path="/home/ismail/ti/C2000Ware_5_02_00_00/libraries/flash_api/f2837xd/include/Constants" --include_path="/home/ismail/ti/C2000Ware_5_02_00_00/libraries/flash_api/f2837xd/include" --include_path="/home/ismail/IOT-CANBus/TI/Bootloader/Smallbootloader" --include_path="/home/ismail/ti/ccs1271/ccs/tools/compiler/ti-cgt-c2000_22.6.1.LTS/include" --advice:performance=all --define=_STANDALONE --define=_FLASH --define=_LAUNCHXL_F28379D --define=DEBUG --define=_DUAL_HEADERS --define=CPU1 --diag_suppress=10063 --diag_warning=225 --diag_wrap=off --display_error_number --abi=coffabi --section_sizes=on --preproc_with_compile --preproc_dependency="assembly/F2837xD_usDelay.d_raw" --obj_directory="assembly"  "../assembly/F2837xD_usDelay.asm"
Finished building: "../assembly/F2837xD_usDelay.asm"
 
Building file: "../src/F2837xD_DefaultISR.c"
Invoking: C2000 Compiler
"/home/ismail/ti/ccs1271/ccs/tools/compiler/ti-cgt-c2000_22.6.1.LTS/bin/cl2000" -v28 -ml -mt --cla_support=cla1 --float_support=fpu32 --tmu_support=tmu0 --vcu_support=vcu2 -Ooff --include_path="/home/ismail/IOT-CANBus/TI/Bootloader/Smallbootloader/src" --include_path="/home/ismail/IOT-CANBus/TI/Bootloader/Smallbootloader/assembly" --include_path="/home/ismail/IOT-CANBus/TI/Bootloader/Smallbootloader/linker" --include_path="/home/ismail/IOT-CANBus/TI/Bootloader/Smallbootloader/headers" --include_path="/home/ismail/ti/C2000Ware_5_02_00_00/device_support/f2837xd/common/include" --include_path="/home/ismail/ti/C2000Ware_5_02_00_00/device_support/f2837xd/headers/include" --include_path="/home/ismail/ti/C2000Ware_5_02_00_00/libraries/flash_api/f2837xd/include/Constants" --include_path="/home/ismail/ti/C2000Ware_5_02_00_00/libraries/flash_api/f2837xd/include" --include_path="/home/ismail/IOT-CANBus/TI/Bootloader/Smallbootloader" --include_path="/home/ismail/ti/ccs1271/ccs/tools/compiler/ti-cgt-c2000_22.6.1.LTS/include" --advice:performance=all --define=_STANDALONE --define=_FLASH --define=_LAUNCHXL_F28379D --define=DEBUG --define=_DUAL_HEADERS --define=CPU1 --diag_suppress=10063 --diag_warning=225 --diag_wrap=off --display_error_number --abi=coffabi --section_sizes=on --preproc_with_compile --preproc_dependency="src/F2837xD_DefaultISR.d_raw" --obj_directory="src"  "../src/F2837xD_DefaultISR.c"
FILE: src/F2837xD_DefaultISR.obj
CODE  size (bytes): 1413
 
Finished building: "../src/F2837xD_DefaultISR.c"
 
Building file: "../src/F2837xD_Gpio.c"
Invoking: C2000 Compiler
"/home/ismail/ti/ccs1271/ccs/tools/compiler/ti-cgt-c2000_22.6.1.LTS/bin/cl2000" -v28 -ml -mt --cla_support=cla1 --float_support=fpu32 --tmu_support=tmu0 --vcu_support=vcu2 -Ooff --include_path="/home/ismail/IOT-CANBus/TI/Bootloader/Smallbootloader/src" --include_path="/home/ismail/IOT-CANBus/TI/Bootloader/Smallbootloader/assembly" --include_path="/home/ismail/IOT-CANBus/TI/Bootloader/Smallbootloader/linker" --include_path="/home/ismail/IOT-CANBus/TI/Bootloader/Smallbootloader/headers" --include_path="/home/ismail/ti/C2000Ware_5_02_00_00/device_support/f2837xd/common/include" --include_path="/home/ismail/ti/C2000Ware_5_02_00_00/device_support/f2837xd/headers/include" --include_path="/home/ismail/ti/C2000Ware_5_02_00_00/libraries/flash_api/f2837xd/include/Constants" --include_path="/home/ismail/ti/C2000Ware_5_02_00_00/libraries/flash_api/f2837xd/include" --include_path="/home/ismail/IOT-CANBus/TI/Bootloader/Smallbootloader" --include_path="/home/ismail/ti/ccs1271/ccs/tools/compiler/ti-cgt-c2000_22.6.1.LTS/include" --advice:performance=all --define=_STANDALONE --define=_FLASH --define=_LAUNCHXL_F28379D --define=DEBUG --define=_DUAL_HEADERS --define=CPU1 --diag_suppress=10063 --diag_warning=225 --diag_wrap=off --display_error_number --abi=coffabi --section_sizes=on --preproc_with_compile --preproc_dependency="src/F2837xD_Gpio.d_raw" --obj_directory="src"  "../src/F2837xD_Gpio.c"
FILE: src/F2837xD_Gpio.obj
CODE  size (bytes): 580
 
Finished building: "../src/F2837xD_Gpio.c"
 
Building file: "../src/Fapi_UserDefinedFunctions.c"
Invoking: C2000 Compiler
"/home/ismail/ti/ccs1271/ccs/tools/compiler/ti-cgt-c2000_22.6.1.LTS/bin/cl2000" -v28 -ml -mt --cla_support=cla1 --float_support=fpu32 --tmu_support=tmu0 --vcu_support=vcu2 -Ooff --include_path="/home/ismail/IOT-CANBus/TI/Bootloader/Smallbootloader/src" --include_path="/home/ismail/IOT-CANBus/TI/Bootloader/Smallbootloader/assembly" --include_path="/home/ismail/IOT-CANBus/TI/Bootloader/Smallbootloader/linker" --include_path="/home/ismail/IOT-CANBus/TI/Bootloader/Smallbootloader/headers" --include_path="/home/ismail/ti/C2000Ware_5_02_00_00/device_support/f2837xd/common/include" --include_path="/home/ismail/ti/C2000Ware_5_02_00_00/device_support/f2837xd/headers/include" --include_path="/home/ismail/ti/C2000Ware_5_02_00_00/libraries/flash_api/f2837xd/include/Constants" --include_path="/home/ismail/ti/C2000Ware_5_02_00_00/libraries/flash_api/f2837xd/include" --include_path="/home/ismail/IOT-CANBus/TI/Bootloader/Smallbootloader" --include_path="/home/ismail/ti/ccs1271/ccs/tools/compiler/ti-cgt-c2000_22.6.1.LTS/include" --advice:performance=all --define=_STANDALONE --define=_FLASH --define=_LAUNCHXL_F28379D --define=DEBUG --define=_DUAL_HEADERS --define=CPU1 --diag_suppress=10063 --diag_warning=225 --diag_wrap=off --display_error_number --abi=coffabi --section_sizes=on --preproc_with_compile --preproc_dependency="src/Fapi_UserDefinedFunctions.d_raw" --obj_directory="src"  "../src/Fapi_UserDefinedFunctions.c"
FILE: src/Fapi_UserDefinedFunctions.obj
CODE  size (bytes): 148
 
Finished building: "../src/Fapi_UserDefinedFunctions.c"
 
Building file: "../src/F2837xD_SysCtrl.c"
Invoking: C2000 Compiler
"/home/ismail/ti/ccs1271/ccs/tools/compiler/ti-cgt-c2000_22.6.1.LTS/bin/cl2000" -v28 -ml -mt --cla_support=cla1 --float_support=fpu32 --tmu_support=tmu0 --vcu_support=vcu2 -Ooff --include_path="/home/ismail/IOT-CANBus/TI/Bootloader/Smallbootloader/src" --include_path="/home/ismail/IOT-CANBus/TI/Bootloader/Smallbootloader/assembly" --include_path="/home/ismail/IOT-CANBus/TI/Bootloader/Smallbootloader/linker" --include_path="/home/ismail/IOT-CANBus/TI/Bootloader/Smallbootloader/headers" --include_path="/home/ismail/ti/C2000Ware_5_02_00_00/device_support/f2837xd/common/include" --include_path="/home/ismail/ti/C2000Ware_5_02_00_00/device_support/f2837xd/headers/include" --include_path="/home/ismail/ti/C2000Ware_5_02_00_00/libraries/flash_api/f2837xd/include/Constants" --include_path="/home/ismail/ti/C2000Ware_5_02_00_00/libraries/flash_api/f2837xd/include" --include_path="/home/ismail/IOT-CANBus/TI/Bootloader/Smallbootloader" --include_path="/home/ismail/ti/ccs1271/ccs/tools/compiler/ti-cgt-c2000_22.6.1.LTS/include" --advice:performance=all --define=_STANDALONE --define=_FLASH --define=_LAUNCHXL_F28379D --define=DEBUG --define=_DUAL_HEADERS --define=CPU1 --diag_suppress=10063 --diag_warning=225 --diag_wrap=off --display_error_number --abi=coffabi --section_sizes=on --preproc_with_compile --preproc_dependency="src/F2837xD_SysCtrl.d_raw" --obj_directory="src"  "../src/F2837xD_SysCtrl.c"
FILE: src/F2837xD_SysCtrl.obj
CODE  size (bytes): 1259
 
"../src/F2837xD_SysCtrl.c", line 837 (col. 47): advice #2614-D: (Performance) Use --fp_mode=relaxed to enable TMU hardware support for FP division.
Finished building: "../src/F2837xD_SysCtrl.c"
 
Building file: "../src/SCI_Boot.c"
Invoking: C2000 Compiler
"/home/ismail/ti/ccs1271/ccs/tools/compiler/ti-cgt-c2000_22.6.1.LTS/bin/cl2000" -v28 -ml -mt --cla_support=cla1 --float_support=fpu32 --tmu_support=tmu0 --vcu_support=vcu2 -Ooff --include_path="/home/ismail/IOT-CANBus/TI/Bootloader/Smallbootloader/src" --include_path="/home/ismail/IOT-CANBus/TI/Bootloader/Smallbootloader/assembly" --include_path="/home/ismail/IOT-CANBus/TI/Bootloader/Smallbootloader/linker" --include_path="/home/ismail/IOT-CANBus/TI/Bootloader/Smallbootloader/headers" --include_path="/home/ismail/ti/C2000Ware_5_02_00_00/device_support/f2837xd/common/include" --include_path="/home/ismail/ti/C2000Ware_5_02_00_00/device_support/f2837xd/headers/include" --include_path="/home/ismail/ti/C2000Ware_5_02_00_00/libraries/flash_api/f2837xd/include/Constants" --include_path="/home/ismail/ti/C2000Ware_5_02_00_00/libraries/flash_api/f2837xd/include" --include_path="/home/ismail/IOT-CANBus/TI/Bootloader/Smallbootloader" --include_path="/home/ismail/ti/ccs1271/ccs/tools/compiler/ti-cgt-c2000_22.6.1.LTS/include" --advice:performance=all --define=_STANDALONE --define=_FLASH --define=_LAUNCHXL_F28379D --define=DEBUG --define=_DUAL_HEADERS --define=CPU1 --diag_suppress=10063 --diag_warning=225 --diag_wrap=off --display_error_number --abi=coffabi --section_sizes=on --preproc_with_compile --preproc_dependency="src/SCI_Boot.d_raw" --obj_directory="src"  "../src/SCI_Boot.c"
FILE: src/SCI_Boot.obj
CODE  size (bytes): 57
 
Finished building: "../src/SCI_Boot.c"
 
Building file: "../src/Shared_Erase.c"
Invoking: C2000 Compiler
"/home/ismail/ti/ccs1271/ccs/tools/compiler/ti-cgt-c2000_22.6.1.LTS/bin/cl2000" -v28 -ml -mt --cla_support=cla1 --float_support=fpu32 --tmu_support=tmu0 --vcu_support=vcu2 -Ooff --include_path="/home/ismail/IOT-CANBus/TI/Bootloader/Smallbootloader/src" --include_path="/home/ismail/IOT-CANBus/TI/Bootloader/Smallbootloader/assembly" --include_path="/home/ismail/IOT-CANBus/TI/Bootloader/Smallbootloader/linker" --include_path="/home/ismail/IOT-CANBus/TI/Bootloader/Smallbootloader/headers" --include_path="/home/ismail/ti/C2000Ware_5_02_00_00/device_support/f2837xd/common/include" --include_path="/home/ismail/ti/C2000Ware_5_02_00_00/device_support/f2837xd/headers/include" --include_path="/home/ismail/ti/C2000Ware_5_02_00_00/libraries/flash_api/f2837xd/include/Constants" --include_path="/home/ismail/ti/C2000Ware_5_02_00_00/libraries/flash_api/f2837xd/include" --include_path="/home/ismail/IOT-CANBus/TI/Bootloader/Smallbootloader" --include_path="/home/ismail/ti/ccs1271/ccs/tools/compiler/ti-cgt-c2000_22.6.1.LTS/include" --advice:performance=all --define=_STANDALONE --define=_FLASH --define=_LAUNCHXL_F28379D --define=DEBUG --define=_DUAL_HEADERS --define=CPU1 --diag_suppress=10063 --diag_warning=225 --diag_wrap=off --display_error_number --abi=coffabi --section_sizes=on --preproc_with_compile --preproc_dependency="src/Shared_Erase.d_raw" --obj_directory="src"  "../src/Shared_Erase.c"
FILE: src/Shared_Erase.obj
CODE  size (bytes): 98
CONST size (bytes): 42
 
Finished building: "../src/Shared_Erase.c"
 
Building file: "../src/Shared_Boot.c"
Invoking: C2000 Compiler
"/home/ismail/ti/ccs1271/ccs/tools/compiler/ti-cgt-c2000_22.6.1.LTS/bin/cl2000" -v28 -ml -mt --cla_support=cla1 --float_support=fpu32 --tmu_support=tmu0 --vcu_support=vcu2 -Ooff --include_path="/home/ismail/IOT-CANBus/TI/Bootloader/Smallbootloader/src" --include_path="/home/ismail/IOT-CANBus/TI/Bootloader/Smallbootloader/assembly" --include_path="/home/ismail/IOT-CANBus/TI/Bootloader/Smallbootloader/linker" --include_path="/home/ismail/IOT-CANBus/TI/Bootloader/Smallbootloader/headers" --include_path="/home/ismail/ti/C2000Ware_5_02_00_00/device_support/f2837xd/common/include" --include_path="/home/ismail/ti/C2000Ware_5_02_00_00/device_support/f2837xd/headers/include" --include_path="/home/ismail/ti/C2000Ware_5_02_00_00/libraries/flash_api/f2837xd/include/Constants" --include_path="/home/ismail/ti/C2000Ware_5_02_00_00/libraries/flash_api/f2837xd/include" --include_path="/home/ismail/IOT-CANBus/TI/Bootloader/Smallbootloader" --include_path="/home/ismail/ti/ccs1271/ccs/tools/compiler/ti-cgt-c2000_22.6.1.LTS/include" --advice:performance=all --define=_STANDALONE --define=_FLASH --define=_LAUNCHXL_F28379D --define=DEBUG --define=_DUAL_HEADERS --define=CPU1 --diag_suppress=10063 --diag_warning=225 --diag_wrap=off --display_error_number --abi=coffabi --section_sizes=on --preproc_with_compile --preproc_dependency="src/Shared_Boot.d_raw" --obj_directory="src"  "../src/Shared_Boot.c"
FILE: src/Shared_Boot.obj
CODE  size (bytes): 1076
CONST size (bytes): 17
DATA  size (bytes): 16
 
Finished building: "../src/Shared_Boot.c"
 
Building file: "../src/SCI_GetFunction.c"
Invoking: C2000 Compiler
"/home/ismail/ti/ccs1271/ccs/tools/compiler/ti-cgt-c2000_22.6.1.LTS/bin/cl2000" -v28 -ml -mt --cla_support=cla1 --float_support=fpu32 --tmu_support=tmu0 --vcu_support=vcu2 -Ooff --include_path="/home/ismail/IOT-CANBus/TI/Bootloader/Smallbootloader/src" --include_path="/home/ismail/IOT-CANBus/TI/Bootloader/Smallbootloader/assembly" --include_path="/home/ismail/IOT-CANBus/TI/Bootloader/Smallbootloader/linker" --include_path="/home/ismail/IOT-CANBus/TI/Bootloader/Smallbootloader/headers" --include_path="/home/ismail/ti/C2000Ware_5_02_00_00/device_support/f2837xd/common/include" --include_path="/home/ismail/ti/C2000Ware_5_02_00_00/device_support/f2837xd/headers/include" --include_path="/home/ismail/ti/C2000Ware_5_02_00_00/libraries/flash_api/f2837xd/include/Constants" --include_path="/home/ismail/ti/C2000Ware_5_02_00_00/libraries/flash_api/f2837xd/include" --include_path="/home/ismail/IOT-CANBus/TI/Bootloader/Smallbootloader" --include_path="/home/ismail/ti/ccs1271/ccs/tools/compiler/ti-cgt-c2000_22.6.1.LTS/include" --advice:performance=all --define=_STANDALONE --define=_FLASH --define=_LAUNCHXL_F28379D --define=DEBUG --define=_DUAL_HEADERS --define=CPU1 --diag_suppress=10063 --diag_warning=225 --diag_wrap=off --display_error_number --abi=coffabi --section_sizes=on --preproc_with_compile --preproc_dependency="src/SCI_GetFunction.d_raw" --obj_directory="src"  "../src/SCI_GetFunction.c"
FILE: src/SCI_GetFunction.obj
CODE  size (bytes): 619
DATA  size (bytes): 10
 
Finished building: "../src/SCI_GetFunction.c"
 
Building file: "../src/Shared_Verify.c"
Invoking: C2000 Compiler
"/home/ismail/ti/ccs1271/ccs/tools/compiler/ti-cgt-c2000_22.6.1.LTS/bin/cl2000" -v28 -ml -mt --cla_support=cla1 --float_support=fpu32 --tmu_support=tmu0 --vcu_support=vcu2 -Ooff --include_path="/home/ismail/IOT-CANBus/TI/Bootloader/Smallbootloader/src" --include_path="/home/ismail/IOT-CANBus/TI/Bootloader/Smallbootloader/assembly" --include_path="/home/ismail/IOT-CANBus/TI/Bootloader/Smallbootloader/linker" --include_path="/home/ismail/IOT-CANBus/TI/Bootloader/Smallbootloader/headers" --include_path="/home/ismail/ti/C2000Ware_5_02_00_00/device_support/f2837xd/common/include" --include_path="/home/ismail/ti/C2000Ware_5_02_00_00/device_support/f2837xd/headers/include" --include_path="/home/ismail/ti/C2000Ware_5_02_00_00/libraries/flash_api/f2837xd/include/Constants" --include_path="/home/ismail/ti/C2000Ware_5_02_00_00/libraries/flash_api/f2837xd/include" --include_path="/home/ismail/IOT-CANBus/TI/Bootloader/Smallbootloader" --include_path="/home/ismail/ti/ccs1271/ccs/tools/compiler/ti-cgt-c2000_22.6.1.LTS/include" --advice:performance=all --define=_STANDALONE --define=_FLASH --define=_LAUNCHXL_F28379D --define=DEBUG --define=_DUAL_HEADERS --define=CPU1 --diag_suppress=10063 --diag_warning=225 --diag_wrap=off --display_error_number --abi=coffabi --section_sizes=on --preproc_with_compile --preproc_dependency="src/Shared_Verify.d_raw" --obj_directory="src"  "../src/Shared_Verify.c"
FILE: src/Shared_Verify.obj
CODE  size (bytes): 405
 
Finished building: "../src/Shared_Verify.c"
 
Building file: "../src/F2837xD_GlobalVariableDefs.c"
Invoking: C2000 Compiler
"/home/ismail/ti/ccs1271/ccs/tools/compiler/ti-cgt-c2000_22.6.1.LTS/bin/cl2000" -v28 -ml -mt --cla_support=cla1 --float_support=fpu32 --tmu_support=tmu0 --vcu_support=vcu2 -Ooff --include_path="/home/ismail/IOT-CANBus/TI/Bootloader/Smallbootloader/src" --include_path="/home/ismail/IOT-CANBus/TI/Bootloader/Smallbootloader/assembly" --include_path="/home/ismail/IOT-CANBus/TI/Bootloader/Smallbootloader/linker" --include_path="/home/ismail/IOT-CANBus/TI/Bootloader/Smallbootloader/headers" --include_path="/home/ismail/ti/C2000Ware_5_02_00_00/device_support/f2837xd/common/include" --include_path="/home/ismail/ti/C2000Ware_5_02_00_00/device_support/f2837xd/headers/include" --include_path="/home/ismail/ti/C2000Ware_5_02_00_00/libraries/flash_api/f2837xd/include/Constants" --include_path="/home/ismail/ti/C2000Ware_5_02_00_00/libraries/flash_api/f2837xd/include" --include_path="/home/ismail/IOT-CANBus/TI/Bootloader/Smallbootloader" --include_path="/home/ismail/ti/ccs1271/ccs/tools/compiler/ti-cgt-c2000_22.6.1.LTS/include" --advice:performance=all --define=_STANDALONE --define=_FLASH --define=_LAUNCHXL_F28379D --define=DEBUG --define=_DUAL_HEADERS --define=CPU1 --diag_suppress=10063 --diag_warning=225 --diag_wrap=off --display_error_number --abi=coffabi --section_sizes=on --preproc_with_compile --preproc_dependency="src/F2837xD_GlobalVariableDefs.d_raw" --obj_directory="src"  "../src/F2837xD_GlobalVariableDefs.c"
FILE: src/F2837xD_GlobalVariableDefs.obj
DATA  size (bytes): 9870
 
Finished building: "../src/F2837xD_GlobalVariableDefs.c"
 
Building file: "../src/main.c"
Invoking: C2000 Compiler
"/home/ismail/ti/ccs1271/ccs/tools/compiler/ti-cgt-c2000_22.6.1.LTS/bin/cl2000" -v28 -ml -mt --cla_support=cla1 --float_support=fpu32 --tmu_support=tmu0 --vcu_support=vcu2 -Ooff --include_path="/home/ismail/IOT-CANBus/TI/Bootloader/Smallbootloader/src" --include_path="/home/ismail/IOT-CANBus/TI/Bootloader/Smallbootloader/assembly" --include_path="/home/ismail/IOT-CANBus/TI/Bootloader/Smallbootloader/linker" --include_path="/home/ismail/IOT-CANBus/TI/Bootloader/Smallbootloader/headers" --include_path="/home/ismail/ti/C2000Ware_5_02_00_00/device_support/f2837xd/common/include" --include_path="/home/ismail/ti/C2000Ware_5_02_00_00/device_support/f2837xd/headers/include" --include_path="/home/ismail/ti/C2000Ware_5_02_00_00/libraries/flash_api/f2837xd/include/Constants" --include_path="/home/ismail/ti/C2000Ware_5_02_00_00/libraries/flash_api/f2837xd/include" --include_path="/home/ismail/IOT-CANBus/TI/Bootloader/Smallbootloader" --include_path="/home/ismail/ti/ccs1271/ccs/tools/compiler/ti-cgt-c2000_22.6.1.LTS/include" --advice:performance=all --define=_STANDALONE --define=_FLASH --define=_LAUNCHXL_F28379D --define=DEBUG --define=_DUAL_HEADERS --define=CPU1 --diag_suppress=10063 --diag_warning=225 --diag_wrap=off --display_error_number --abi=coffabi --section_sizes=on --preproc_with_compile --preproc_dependency="src/main.d_raw" --obj_directory="src"  "../src/main.c"
FILE: src/main.obj
CODE  size (bytes): 236
 
Finished building: "../src/main.c"
 
Building target: "Smallbootloader.out"
Invoking: C2000 Linker
"/home/ismail/ti/ccs1271/ccs/tools/compiler/ti-cgt-c2000_22.6.1.LTS/bin/cl2000" -v28 -ml -mt --cla_support=cla1 --float_support=fpu32 --tmu_support=tmu0 --vcu_support=vcu2 -Ooff --advice:performance=all --define=_STANDALONE --define=_FLASH --define=_LAUNCHXL_F28379D --define=DEBUG --define=_DUAL_HEADERS --define=CPU1 --diag_suppress=10063 --diag_warning=225 --diag_wrap=off --display_error_number --abi=coffabi --section_sizes=on -z -m"Smallbootloader.map" --stack_size=0x100 --warn_sections -i"/home/ismail/ti/C2000Ware_5_02_00_00/device_support/f2837xd/common/cmd" -i"/home/ismail/ti/C2000Ware_5_02_00_00/device_support/f2837xd/headers/cmd" -i"/home/ismail/ti/ccs1271/ccs/tools/compiler/ti-cgt-c2000_22.6.1.LTS/lib" -i"/home/ismail/ti/ccs1271/ccs/tools/compiler/ti-cgt-c2000_22.6.1.LTS/include" --reread_libs --diag_wrap=off --display_error_number --xml_link_info="Smallbootloader_linkInfo.xml" --entry_point=code_start --rom_model -o "Smallbootloader.out" "./assembly/F2837xD_usDelay.obj" "./assembly/fwupgradec1toc2_start.obj" "./src/F2837xD_DefaultISR.obj" "./src/F2837xD_GlobalVariableDefs.obj" "./src/F2837xD_Gpio.obj" "./src/F2837xD_SysCtrl.obj" "./src/Fapi_UserDefinedFunctions.obj" "./src/SCI_Boot.obj" "./src/SCI_GetFunction.obj" "./src/Shared_Boot.obj" "./src/Shared_Erase.obj" "./src/Shared_Verify.obj" "./src/main.obj" "/home/ismail/ti/C2000Ware_5_02_00_00/libraries/flash_api/f2837xd/lib/F021_API_F2837xD_FPU32.lib" "/home/ismail/ti/C2000Ware_5_02_00_00/libraries/boot_rom/f2837xd/rev0/rom_symbol_libs/c1_ROM_API/c1bootROM_BootROMSymbols_fpu32.lib" "../linker/2837xD_FLASH_lnk_cpu1.cmd" "../linker/F2837xD_Headers_nonBIOS_cpu1.cmd" "../linker/flash_programming_cpu1tocpu2_RAM.cmd"  -l"/home/ismail/ti/ccs1271/ccs/tools/compiler/ti-cgt-c2000_22.6.1.LTS/lib/rts2800_fpu32.lib" -llibc.a 
<Linking>
FILE: Smallbootloader.out
CODE  size (bytes): 7866
CONST size (bytes): 61
DATA  size (bytes): 10164
 
Finished building target: "Smallbootloader.out"
 

**** Build Finished ****

**** Build of configuration CPU1_FLASH for project Smallbootloader ****

/home/ismail/ti/ccs1271/ccs/utils/bin/gmake -k -j 4 all -O 
 
gmake[1]: 'Smallbootloader.out' is up to date.

**** Build Finished ****

**** Build of configuration CPU1_FLASH for project Smallbootloader ****

/home/ismail/ti/ccs1271/ccs/utils/bin/gmake -k -j 4 all -O 
 
Building file: "../assembly/fwupgradec1toc2_start.asm"
Invoking: C2000 Compiler
"/home/ismail/ti/ccs1271/ccs/tools/compiler/ti-cgt-c2000_22.6.1.LTS/bin/cl2000" -v28 -ml -mt --cla_support=cla1 --float_support=fpu32 --tmu_support=tmu0 --vcu_support=vcu2 -O2 --include_path="/home/ismail/IOT-CANBus/TI/Bootloader/Smallbootloader/src" --include_path="/home/ismail/IOT-CANBus/TI/Bootloader/Smallbootloader/assembly" --include_path="/home/ismail/IOT-CANBus/TI/Bootloader/Smallbootloader/linker" --include_path="/home/ismail/IOT-CANBus/TI/Bootloader/Smallbootloader/headers" --include_path="/home/ismail/ti/C2000Ware_5_02_00_00/device_support/f2837xd/common/include" --include_path="/home/ismail/ti/C2000Ware_5_02_00_00/device_support/f2837xd/headers/include" --include_path="/home/ismail/ti/C2000Ware_5_02_00_00/libraries/flash_api/f2837xd/include/Constants" --include_path="/home/ismail/ti/C2000Ware_5_02_00_00/libraries/flash_api/f2837xd/include" --include_path="/home/ismail/IOT-CANBus/TI/Bootloader/Smallbootloader" --include_path="/home/ismail/ti/ccs1271/ccs/tools/compiler/ti-cgt-c2000_22.6.1.LTS/include" --advice:performance=all --define=_STANDALONE --define=_FLASH --define=_LAUNCHXL_F28379D --define=DEBUG --define=_DUAL_HEADERS --define=CPU1 --diag_suppress=10063 --diag_warning=225 --diag_wrap=off --display_error_number --abi=coffabi --section_sizes=on --preproc_with_compile --preproc_dependency="assembly/fwupgradec1toc2_start.d_raw" --obj_directory="assembly"  "../assembly/fwupgradec1toc2_start.asm"
Finished building: "../assembly/fwupgradec1toc2_start.asm"
 
Building file: "../assembly/F2837xD_usDelay.asm"
Invoking: C2000 Compiler
"/home/ismail/ti/ccs1271/ccs/tools/compiler/ti-cgt-c2000_22.6.1.LTS/bin/cl2000" -v28 -ml -mt --cla_support=cla1 --float_support=fpu32 --tmu_support=tmu0 --vcu_support=vcu2 -O2 --include_path="/home/ismail/IOT-CANBus/TI/Bootloader/Smallbootloader/src" --include_path="/home/ismail/IOT-CANBus/TI/Bootloader/Smallbootloader/assembly" --include_path="/home/ismail/IOT-CANBus/TI/Bootloader/Smallbootloader/linker" --include_path="/home/ismail/IOT-CANBus/TI/Bootloader/Smallbootloader/headers" --include_path="/home/ismail/ti/C2000Ware_5_02_00_00/device_support/f2837xd/common/include" --include_path="/home/ismail/ti/C2000Ware_5_02_00_00/device_support/f2837xd/headers/include" --include_path="/home/ismail/ti/C2000Ware_5_02_00_00/libraries/flash_api/f2837xd/include/Constants" --include_path="/home/ismail/ti/C2000Ware_5_02_00_00/libraries/flash_api/f2837xd/include" --include_path="/home/ismail/IOT-CANBus/TI/Bootloader/Smallbootloader" --include_path="/home/ismail/ti/ccs1271/ccs/tools/compiler/ti-cgt-c2000_22.6.1.LTS/include" --advice:performance=all --define=_STANDALONE --define=_FLASH --define=_LAUNCHXL_F28379D --define=DEBUG --define=_DUAL_HEADERS --define=CPU1 --diag_suppress=10063 --diag_warning=225 --diag_wrap=off --display_error_number --abi=coffabi --section_sizes=on --preproc_with_compile --preproc_dependency="assembly/F2837xD_usDelay.d_raw" --obj_directory="assembly"  "../assembly/F2837xD_usDelay.asm"
Finished building: "../assembly/F2837xD_usDelay.asm"
 
Building file: "../src/F2837xD_DefaultISR.c"
Invoking: C2000 Compiler
"/home/ismail/ti/ccs1271/ccs/tools/compiler/ti-cgt-c2000_22.6.1.LTS/bin/cl2000" -v28 -ml -mt --cla_support=cla1 --float_support=fpu32 --tmu_support=tmu0 --vcu_support=vcu2 -O2 --include_path="/home/ismail/IOT-CANBus/TI/Bootloader/Smallbootloader/src" --include_path="/home/ismail/IOT-CANBus/TI/Bootloader/Smallbootloader/assembly" --include_path="/home/ismail/IOT-CANBus/TI/Bootloader/Smallbootloader/linker" --include_path="/home/ismail/IOT-CANBus/TI/Bootloader/Smallbootloader/headers" --include_path="/home/ismail/ti/C2000Ware_5_02_00_00/device_support/f2837xd/common/include" --include_path="/home/ismail/ti/C2000Ware_5_02_00_00/device_support/f2837xd/headers/include" --include_path="/home/ismail/ti/C2000Ware_5_02_00_00/libraries/flash_api/f2837xd/include/Constants" --include_path="/home/ismail/ti/C2000Ware_5_02_00_00/libraries/flash_api/f2837xd/include" --include_path="/home/ismail/IOT-CANBus/TI/Bootloader/Smallbootloader" --include_path="/home/ismail/ti/ccs1271/ccs/tools/compiler/ti-cgt-c2000_22.6.1.LTS/include" --advice:performance=all --define=_STANDALONE --define=_FLASH --define=_LAUNCHXL_F28379D --define=DEBUG --define=_DUAL_HEADERS --define=CPU1 --diag_suppress=10063 --diag_warning=225 --diag_wrap=off --display_error_number --abi=coffabi --section_sizes=on --preproc_with_compile --preproc_dependency="src/F2837xD_DefaultISR.d_raw" --obj_directory="src"  "../src/F2837xD_DefaultISR.c"
FILE: src/F2837xD_DefaultISR.obj
CODE  size (bytes): 1413
 
Finished building: "../src/F2837xD_DefaultISR.c"
 
Building file: "../src/Fapi_UserDefinedFunctions.c"
Invoking: C2000 Compiler
"/home/ismail/ti/ccs1271/ccs/tools/compiler/ti-cgt-c2000_22.6.1.LTS/bin/cl2000" -v28 -ml -mt --cla_support=cla1 --float_support=fpu32 --tmu_support=tmu0 --vcu_support=vcu2 -O2 --include_path="/home/ismail/IOT-CANBus/TI/Bootloader/Smallbootloader/src" --include_path="/home/ismail/IOT-CANBus/TI/Bootloader/Smallbootloader/assembly" --include_path="/home/ismail/IOT-CANBus/TI/Bootloader/Smallbootloader/linker" --include_path="/home/ismail/IOT-CANBus/TI/Bootloader/Smallbootloader/headers" --include_path="/home/ismail/ti/C2000Ware_5_02_00_00/device_support/f2837xd/common/include" --include_path="/home/ismail/ti/C2000Ware_5_02_00_00/device_support/f2837xd/headers/include" --include_path="/home/ismail/ti/C2000Ware_5_02_00_00/libraries/flash_api/f2837xd/include/Constants" --include_path="/home/ismail/ti/C2000Ware_5_02_00_00/libraries/flash_api/f2837xd/include" --include_path="/home/ismail/IOT-CANBus/TI/Bootloader/Smallbootloader" --include_path="/home/ismail/ti/ccs1271/ccs/tools/compiler/ti-cgt-c2000_22.6.1.LTS/include" --advice:performance=all --define=_STANDALONE --define=_FLASH --define=_LAUNCHXL_F28379D --define=DEBUG --define=_DUAL_HEADERS --define=CPU1 --diag_suppress=10063 --diag_warning=225 --diag_wrap=off --display_error_number --abi=coffabi --section_sizes=on --preproc_with_compile --preproc_dependency="src/Fapi_UserDefinedFunctions.d_raw" --obj_directory="src"  "../src/Fapi_UserDefinedFunctions.c"
FILE: src/Fapi_UserDefinedFunctions.obj
CODE  size (bytes): 84
 
Finished building: "../src/Fapi_UserDefinedFunctions.c"
 
Building file: "../src/F2837xD_Gpio.c"
Invoking: C2000 Compiler
"/home/ismail/ti/ccs1271/ccs/tools/compiler/ti-cgt-c2000_22.6.1.LTS/bin/cl2000" -v28 -ml -mt --cla_support=cla1 --float_support=fpu32 --tmu_support=tmu0 --vcu_support=vcu2 -O2 --include_path="/home/ismail/IOT-CANBus/TI/Bootloader/Smallbootloader/src" --include_path="/home/ismail/IOT-CANBus/TI/Bootloader/Smallbootloader/assembly" --include_path="/home/ismail/IOT-CANBus/TI/Bootloader/Smallbootloader/linker" --include_path="/home/ismail/IOT-CANBus/TI/Bootloader/Smallbootloader/headers" --include_path="/home/ismail/ti/C2000Ware_5_02_00_00/device_support/f2837xd/common/include" --include_path="/home/ismail/ti/C2000Ware_5_02_00_00/device_support/f2837xd/headers/include" --include_path="/home/ismail/ti/C2000Ware_5_02_00_00/libraries/flash_api/f2837xd/include/Constants" --include_path="/home/ismail/ti/C2000Ware_5_02_00_00/libraries/flash_api/f2837xd/include" --include_path="/home/ismail/IOT-CANBus/TI/Bootloader/Smallbootloader" --include_path="/home/ismail/ti/ccs1271/ccs/tools/compiler/ti-cgt-c2000_22.6.1.LTS/include" --advice:performance=all --define=_STANDALONE --define=_FLASH --define=_LAUNCHXL_F28379D --define=DEBUG --define=_DUAL_HEADERS --define=CPU1 --diag_suppress=10063 --diag_warning=225 --diag_wrap=off --display_error_number --abi=coffabi --section_sizes=on --preproc_with_compile --preproc_dependency="src/F2837xD_Gpio.d_raw" --obj_directory="src"  "../src/F2837xD_Gpio.c"
FILE: src/F2837xD_Gpio.obj
CODE  size (bytes): 458
 
Finished building: "../src/F2837xD_Gpio.c"
 
Building file: "../src/SCI_Boot.c"
Invoking: C2000 Compiler
"/home/ismail/ti/ccs1271/ccs/tools/compiler/ti-cgt-c2000_22.6.1.LTS/bin/cl2000" -v28 -ml -mt --cla_support=cla1 --float_support=fpu32 --tmu_support=tmu0 --vcu_support=vcu2 -O2 --include_path="/home/ismail/IOT-CANBus/TI/Bootloader/Smallbootloader/src" --include_path="/home/ismail/IOT-CANBus/TI/Bootloader/Smallbootloader/assembly" --include_path="/home/ismail/IOT-CANBus/TI/Bootloader/Smallbootloader/linker" --include_path="/home/ismail/IOT-CANBus/TI/Bootloader/Smallbootloader/headers" --include_path="/home/ismail/ti/C2000Ware_5_02_00_00/device_support/f2837xd/common/include" --include_path="/home/ismail/ti/C2000Ware_5_02_00_00/device_support/f2837xd/headers/include" --include_path="/home/ismail/ti/C2000Ware_5_02_00_00/libraries/flash_api/f2837xd/include/Constants" --include_path="/home/ismail/ti/C2000Ware_5_02_00_00/libraries/flash_api/f2837xd/include" --include_path="/home/ismail/IOT-CANBus/TI/Bootloader/Smallbootloader" --include_path="/home/ismail/ti/ccs1271/ccs/tools/compiler/ti-cgt-c2000_22.6.1.LTS/include" --advice:performance=all --define=_STANDALONE --define=_FLASH --define=_LAUNCHXL_F28379D --define=DEBUG --define=_DUAL_HEADERS --define=CPU1 --diag_suppress=10063 --diag_warning=225 --diag_wrap=off --display_error_number --abi=coffabi --section_sizes=on --preproc_with_compile --preproc_dependency="src/SCI_Boot.d_raw" --obj_directory="src"  "../src/SCI_Boot.c"
FILE: src/SCI_Boot.obj
CODE  size (bytes): 41
 
Finished building: "../src/SCI_Boot.c"
 
Building file: "../src/F2837xD_SysCtrl.c"
Invoking: C2000 Compiler
"/home/ismail/ti/ccs1271/ccs/tools/compiler/ti-cgt-c2000_22.6.1.LTS/bin/cl2000" -v28 -ml -mt --cla_support=cla1 --float_support=fpu32 --tmu_support=tmu0 --vcu_support=vcu2 -O2 --include_path="/home/ismail/IOT-CANBus/TI/Bootloader/Smallbootloader/src" --include_path="/home/ismail/IOT-CANBus/TI/Bootloader/Smallbootloader/assembly" --include_path="/home/ismail/IOT-CANBus/TI/Bootloader/Smallbootloader/linker" --include_path="/home/ismail/IOT-CANBus/TI/Bootloader/Smallbootloader/headers" --include_path="/home/ismail/ti/C2000Ware_5_02_00_00/device_support/f2837xd/common/include" --include_path="/home/ismail/ti/C2000Ware_5_02_00_00/device_support/f2837xd/headers/include" --include_path="/home/ismail/ti/C2000Ware_5_02_00_00/libraries/flash_api/f2837xd/include/Constants" --include_path="/home/ismail/ti/C2000Ware_5_02_00_00/libraries/flash_api/f2837xd/include" --include_path="/home/ismail/IOT-CANBus/TI/Bootloader/Smallbootloader" --include_path="/home/ismail/ti/ccs1271/ccs/tools/compiler/ti-cgt-c2000_22.6.1.LTS/include" --advice:performance=all --define=_STANDALONE --define=_FLASH --define=_LAUNCHXL_F28379D --define=DEBUG --define=_DUAL_HEADERS --define=CPU1 --diag_suppress=10063 --diag_warning=225 --diag_wrap=off --display_error_number --abi=coffabi --section_sizes=on --preproc_with_compile --preproc_dependency="src/F2837xD_SysCtrl.d_raw" --obj_directory="src"  "../src/F2837xD_SysCtrl.c"
FILE: src/F2837xD_SysCtrl.obj
CODE  size (bytes): 1353
 
"../src/F2837xD_SysCtrl.c", line 837 (col. 47): advice #2614-D: (Performance) Use --fp_mode=relaxed to enable TMU hardware support for FP division.
Finished building: "../src/F2837xD_SysCtrl.c"
 
Building file: "../src/Shared_Erase.c"
Invoking: C2000 Compiler
"/home/ismail/ti/ccs1271/ccs/tools/compiler/ti-cgt-c2000_22.6.1.LTS/bin/cl2000" -v28 -ml -mt --cla_support=cla1 --float_support=fpu32 --tmu_support=tmu0 --vcu_support=vcu2 -O2 --include_path="/home/ismail/IOT-CANBus/TI/Bootloader/Smallbootloader/src" --include_path="/home/ismail/IOT-CANBus/TI/Bootloader/Smallbootloader/assembly" --include_path="/home/ismail/IOT-CANBus/TI/Bootloader/Smallbootloader/linker" --include_path="/home/ismail/IOT-CANBus/TI/Bootloader/Smallbootloader/headers" --include_path="/home/ismail/ti/C2000Ware_5_02_00_00/device_support/f2837xd/common/include" --include_path="/home/ismail/ti/C2000Ware_5_02_00_00/device_support/f2837xd/headers/include" --include_path="/home/ismail/ti/C2000Ware_5_02_00_00/libraries/flash_api/f2837xd/include/Constants" --include_path="/home/ismail/ti/C2000Ware_5_02_00_00/libraries/flash_api/f2837xd/include" --include_path="/home/ismail/IOT-CANBus/TI/Bootloader/Smallbootloader" --include_path="/home/ismail/ti/ccs1271/ccs/tools/compiler/ti-cgt-c2000_22.6.1.LTS/include" --advice:performance=all --define=_STANDALONE --define=_FLASH --define=_LAUNCHXL_F28379D --define=DEBUG --define=_DUAL_HEADERS --define=CPU1 --diag_suppress=10063 --diag_warning=225 --diag_wrap=off --display_error_number --abi=coffabi --section_sizes=on --preproc_with_compile --preproc_dependency="src/Shared_Erase.d_raw" --obj_directory="src"  "../src/Shared_Erase.c"
FILE: src/Shared_Erase.obj
CODE  size (bytes): 87
CONST size (bytes): 42
 
Finished building: "../src/Shared_Erase.c"
 
Building file: "../src/SCI_GetFunction.c"
Invoking: C2000 Compiler
"/home/ismail/ti/ccs1271/ccs/tools/compiler/ti-cgt-c2000_22.6.1.LTS/bin/cl2000" -v28 -ml -mt --cla_support=cla1 --float_support=fpu32 --tmu_support=tmu0 --vcu_support=vcu2 -O2 --include_path="/home/ismail/IOT-CANBus/TI/Bootloader/Smallbootloader/src" --include_path="/home/ismail/IOT-CANBus/TI/Bootloader/Smallbootloader/assembly" --include_path="/home/ismail/IOT-CANBus/TI/Bootloader/Smallbootloader/linker" --include_path="/home/ismail/IOT-CANBus/TI/Bootloader/Smallbootloader/headers" --include_path="/home/ismail/ti/C2000Ware_5_02_00_00/device_support/f2837xd/common/include" --include_path="/home/ismail/ti/C2000Ware_5_02_00_00/device_support/f2837xd/headers/include" --include_path="/home/ismail/ti/C2000Ware_5_02_00_00/libraries/flash_api/f2837xd/include/Constants" --include_path="/home/ismail/ti/C2000Ware_5_02_00_00/libraries/flash_api/f2837xd/include" --include_path="/home/ismail/IOT-CANBus/TI/Bootloader/Smallbootloader" --include_path="/home/ismail/ti/ccs1271/ccs/tools/compiler/ti-cgt-c2000_22.6.1.LTS/include" --advice:performance=all --define=_STANDALONE --define=_FLASH --define=_LAUNCHXL_F28379D --define=DEBUG --define=_DUAL_HEADERS --define=CPU1 --diag_suppress=10063 --diag_warning=225 --diag_wrap=off --display_error_number --abi=coffabi --section_sizes=on --preproc_with_compile --preproc_dependency="src/SCI_GetFunction.d_raw" --obj_directory="src"  "../src/SCI_GetFunction.c"
FILE: src/SCI_GetFunction.obj
CODE  size (bytes): 583
DATA  size (bytes): 10
 
Finished building: "../src/SCI_GetFunction.c"
 
Building file: "../src/Shared_Verify.c"
Invoking: C2000 Compiler
"/home/ismail/ti/ccs1271/ccs/tools/compiler/ti-cgt-c2000_22.6.1.LTS/bin/cl2000" -v28 -ml -mt --cla_support=cla1 --float_support=fpu32 --tmu_support=tmu0 --vcu_support=vcu2 -O2 --include_path="/home/ismail/IOT-CANBus/TI/Bootloader/Smallbootloader/src" --include_path="/home/ismail/IOT-CANBus/TI/Bootloader/Smallbootloader/assembly" --include_path="/home/ismail/IOT-CANBus/TI/Bootloader/Smallbootloader/linker" --include_path="/home/ismail/IOT-CANBus/TI/Bootloader/Smallbootloader/headers" --include_path="/home/ismail/ti/C2000Ware_5_02_00_00/device_support/f2837xd/common/include" --include_path="/home/ismail/ti/C2000Ware_5_02_00_00/device_support/f2837xd/headers/include" --include_path="/home/ismail/ti/C2000Ware_5_02_00_00/libraries/flash_api/f2837xd/include/Constants" --include_path="/home/ismail/ti/C2000Ware_5_02_00_00/libraries/flash_api/f2837xd/include" --include_path="/home/ismail/IOT-CANBus/TI/Bootloader/Smallbootloader" --include_path="/home/ismail/ti/ccs1271/ccs/tools/compiler/ti-cgt-c2000_22.6.1.LTS/include" --advice:performance=all --define=_STANDALONE --define=_FLASH --define=_LAUNCHXL_F28379D --define=DEBUG --define=_DUAL_HEADERS --define=CPU1 --diag_suppress=10063 --diag_warning=225 --diag_wrap=off --display_error_number --abi=coffabi --section_sizes=on --preproc_with_compile --preproc_dependency="src/Shared_Verify.d_raw" --obj_directory="src"  "../src/Shared_Verify.c"
FILE: src/Shared_Verify.obj
CODE  size (bytes): 359
 
Finished building: "../src/Shared_Verify.c"
 
Building file: "../src/Shared_Boot.c"
Invoking: C2000 Compiler
"/home/ismail/ti/ccs1271/ccs/tools/compiler/ti-cgt-c2000_22.6.1.LTS/bin/cl2000" -v28 -ml -mt --cla_support=cla1 --float_support=fpu32 --tmu_support=tmu0 --vcu_support=vcu2 -O2 --include_path="/home/ismail/IOT-CANBus/TI/Bootloader/Smallbootloader/src" --include_path="/home/ismail/IOT-CANBus/TI/Bootloader/Smallbootloader/assembly" --include_path="/home/ismail/IOT-CANBus/TI/Bootloader/Smallbootloader/linker" --include_path="/home/ismail/IOT-CANBus/TI/Bootloader/Smallbootloader/headers" --include_path="/home/ismail/ti/C2000Ware_5_02_00_00/device_support/f2837xd/common/include" --include_path="/home/ismail/ti/C2000Ware_5_02_00_00/device_support/f2837xd/headers/include" --include_path="/home/ismail/ti/C2000Ware_5_02_00_00/libraries/flash_api/f2837xd/include/Constants" --include_path="/home/ismail/ti/C2000Ware_5_02_00_00/libraries/flash_api/f2837xd/include" --include_path="/home/ismail/IOT-CANBus/TI/Bootloader/Smallbootloader" --include_path="/home/ismail/ti/ccs1271/ccs/tools/compiler/ti-cgt-c2000_22.6.1.LTS/include" --advice:performance=all --define=_STANDALONE --define=_FLASH --define=_LAUNCHXL_F28379D --define=DEBUG --define=_DUAL_HEADERS --define=CPU1 --diag_suppress=10063 --diag_warning=225 --diag_wrap=off --display_error_number --abi=coffabi --section_sizes=on --preproc_with_compile --preproc_dependency="src/Shared_Boot.d_raw" --obj_directory="src"  "../src/Shared_Boot.c"
FILE: src/Shared_Boot.obj
CODE  size (bytes): 962
CONST size (bytes): 17
DATA  size (bytes): 16
 
Finished building: "../src/Shared_Boot.c"
 
Building file: "../src/main.c"
Invoking: C2000 Compiler
"/home/ismail/ti/ccs1271/ccs/tools/compiler/ti-cgt-c2000_22.6.1.LTS/bin/cl2000" -v28 -ml -mt --cla_support=cla1 --float_support=fpu32 --tmu_support=tmu0 --vcu_support=vcu2 -O2 --include_path="/home/ismail/IOT-CANBus/TI/Bootloader/Smallbootloader/src" --include_path="/home/ismail/IOT-CANBus/TI/Bootloader/Smallbootloader/assembly" --include_path="/home/ismail/IOT-CANBus/TI/Bootloader/Smallbootloader/linker" --include_path="/home/ismail/IOT-CANBus/TI/Bootloader/Smallbootloader/headers" --include_path="/home/ismail/ti/C2000Ware_5_02_00_00/device_support/f2837xd/common/include" --include_path="/home/ismail/ti/C2000Ware_5_02_00_00/device_support/f2837xd/headers/include" --include_path="/home/ismail/ti/C2000Ware_5_02_00_00/libraries/flash_api/f2837xd/include/Constants" --include_path="/home/ismail/ti/C2000Ware_5_02_00_00/libraries/flash_api/f2837xd/include" --include_path="/home/ismail/IOT-CANBus/TI/Bootloader/Smallbootloader" --include_path="/home/ismail/ti/ccs1271/ccs/tools/compiler/ti-cgt-c2000_22.6.1.LTS/include" --advice:performance=all --define=_STANDALONE --define=_FLASH --define=_LAUNCHXL_F28379D --define=DEBUG --define=_DUAL_HEADERS --define=CPU1 --diag_suppress=10063 --diag_warning=225 --diag_wrap=off --display_error_number --abi=coffabi --section_sizes=on --preproc_with_compile --preproc_dependency="src/main.d_raw" --obj_directory="src"  "../src/main.c"
FILE: src/main.obj
CODE  size (bytes): 68
 
Finished building: "../src/main.c"
 
Building file: "../src/F2837xD_GlobalVariableDefs.c"
Invoking: C2000 Compiler
"/home/ismail/ti/ccs1271/ccs/tools/compiler/ti-cgt-c2000_22.6.1.LTS/bin/cl2000" -v28 -ml -mt --cla_support=cla1 --float_support=fpu32 --tmu_support=tmu0 --vcu_support=vcu2 -O2 --include_path="/home/ismail/IOT-CANBus/TI/Bootloader/Smallbootloader/src" --include_path="/home/ismail/IOT-CANBus/TI/Bootloader/Smallbootloader/assembly" --include_path="/home/ismail/IOT-CANBus/TI/Bootloader/Smallbootloader/linker" --include_path="/home/ismail/IOT-CANBus/TI/Bootloader/Smallbootloader/headers" --include_path="/home/ismail/ti/C2000Ware_5_02_00_00/device_support/f2837xd/common/include" --include_path="/home/ismail/ti/C2000Ware_5_02_00_00/device_support/f2837xd/headers/include" --include_path="/home/ismail/ti/C2000Ware_5_02_00_00/libraries/flash_api/f2837xd/include/Constants" --include_path="/home/ismail/ti/C2000Ware_5_02_00_00/libraries/flash_api/f2837xd/include" --include_path="/home/ismail/IOT-CANBus/TI/Bootloader/Smallbootloader" --include_path="/home/ismail/ti/ccs1271/ccs/tools/compiler/ti-cgt-c2000_22.6.1.LTS/include" --advice:performance=all --define=_STANDALONE --define=_FLASH --define=_LAUNCHXL_F28379D --define=DEBUG --define=_DUAL_HEADERS --define=CPU1 --diag_suppress=10063 --diag_warning=225 --diag_wrap=off --display_error_number --abi=coffabi --section_sizes=on --preproc_with_compile --preproc_dependency="src/F2837xD_GlobalVariableDefs.d_raw" --obj_directory="src"  "../src/F2837xD_GlobalVariableDefs.c"
FILE: src/F2837xD_GlobalVariableDefs.obj
DATA  size (bytes): 9870
 
Finished building: "../src/F2837xD_GlobalVariableDefs.c"
 
Building target: "Smallbootloader.out"
Invoking: C2000 Linker
"/home/ismail/ti/ccs1271/ccs/tools/compiler/ti-cgt-c2000_22.6.1.LTS/bin/cl2000" -v28 -ml -mt --cla_support=cla1 --float_support=fpu32 --tmu_support=tmu0 --vcu_support=vcu2 -O2 --advice:performance=all --define=_STANDALONE --define=_FLASH --define=_LAUNCHXL_F28379D --define=DEBUG --define=_DUAL_HEADERS --define=CPU1 --diag_suppress=10063 --diag_warning=225 --diag_wrap=off --display_error_number --abi=coffabi --section_sizes=on -z -m"Smallbootloader.map" --stack_size=0x100 --warn_sections -i"/home/ismail/ti/C2000Ware_5_02_00_00/device_support/f2837xd/common/cmd" -i"/home/ismail/ti/C2000Ware_5_02_00_00/device_support/f2837xd/headers/cmd" -i"/home/ismail/ti/ccs1271/ccs/tools/compiler/ti-cgt-c2000_22.6.1.LTS/lib" -i"/home/ismail/ti/ccs1271/ccs/tools/compiler/ti-cgt-c2000_22.6.1.LTS/include" --reread_libs --diag_wrap=off --display_error_number --xml_link_info="Smallbootloader_linkInfo.xml" --entry_point=code_start --rom_model -o "Smallbootloader.out" "./assembly/F2837xD_usDelay.obj" "./assembly/fwupgradec1toc2_start.obj" "./src/F2837xD_DefaultISR.obj" "./src/F2837xD_GlobalVariableDefs.obj" "./src/F2837xD_Gpio.obj" "./src/F2837xD_SysCtrl.obj" "./src/Fapi_UserDefinedFunctions.obj" "./src/SCI_Boot.obj" "./src/SCI_GetFunction.obj" "./src/Shared_Boot.obj" "./src/Shared_Erase.obj" "./src/Shared_Verify.obj" "./src/main.obj" "/home/ismail/ti/C2000Ware_5_02_00_00/libraries/flash_api/f2837xd/lib/F021_API_F2837xD_FPU32.lib" "/home/ismail/ti/C2000Ware_5_02_00_00/libraries/boot_rom/f2837xd/rev0/rom_symbol_libs/c1_ROM_API/c1bootROM_BootROMSymbols_fpu32.lib" "../linker/2837xD_FLASH_lnk_cpu1.cmd" "../linker/F2837xD_Headers_nonBIOS_cpu1.cmd" "../linker/flash_programming_cpu1tocpu2_RAM.cmd"  -l"/home/ismail/ti/ccs1271/ccs/tools/compiler/ti-cgt-c2000_22.6.1.LTS/lib/rts2800_fpu32.lib" -llibc.a 
<Linking>
FILE: Smallbootloader.out
CODE  size (bytes): 7383
CONST size (bytes): 61
DATA  size (bytes): 10164
 
Finished building target: "Smallbootloader.out"
 

**** Build Finished ****

**** Build of configuration CPU1_FLASH for project Smallbootloader ****

/home/ismail/ti/ccs1271/ccs/utils/bin/gmake -k -j 4 all -O 
 
Building file: "../src/main.c"
Invoking: C2000 Compiler
"/home/ismail/ti/ccs1271/ccs/tools/compiler/ti-cgt-c2000_22.6.1.LTS/bin/cl2000" -v28 -ml -mt --cla_support=cla1 --float_support=fpu32 --tmu_support=tmu0 --vcu_support=vcu2 -O2 --include_path="/home/ismail/IOT-CANBus/TI/Bootloader/Smallbootloader/src" --include_path="/home/ismail/IOT-CANBus/TI/Bootloader/Smallbootloader/assembly" --include_path="/home/ismail/IOT-CANBus/TI/Bootloader/Smallbootloader/linker" --include_path="/home/ismail/IOT-CANBus/TI/Bootloader/Smallbootloader/headers" --include_path="/home/ismail/ti/C2000Ware_5_02_00_00/device_support/f2837xd/common/include" --include_path="/home/ismail/ti/C2000Ware_5_02_00_00/device_support/f2837xd/headers/include" --include_path="/home/ismail/ti/C2000Ware_5_02_00_00/libraries/flash_api/f2837xd/include/Constants" --include_path="/home/ismail/ti/C2000Ware_5_02_00_00/libraries/flash_api/f2837xd/include" --include_path="/home/ismail/IOT-CANBus/TI/Bootloader/Smallbootloader" --include_path="/home/ismail/ti/ccs1271/ccs/tools/compiler/ti-cgt-c2000_22.6.1.LTS/include" --advice:performance=all --define=_STANDALONE --define=_FLASH --define=_LAUNCHXL_F28379D --define=DEBUG --define=_DUAL_HEADERS --define=CPU1 --diag_suppress=10063 --diag_warning=225 --diag_wrap=off --display_error_number --abi=coffabi --section_sizes=on --preproc_with_compile --preproc_dependency="src/main.d_raw" --obj_directory="src"  "../src/main.c"
FILE: src/main.obj
CODE  size (bytes): 68
 
Finished building: "../src/main.c"
 
Building target: "Smallbootloader.out"
Invoking: C2000 Linker
"/home/ismail/ti/ccs1271/ccs/tools/compiler/ti-cgt-c2000_22.6.1.LTS/bin/cl2000" -v28 -ml -mt --cla_support=cla1 --float_support=fpu32 --tmu_support=tmu0 --vcu_support=vcu2 -O2 --advice:performance=all --define=_STANDALONE --define=_FLASH --define=_LAUNCHXL_F28379D --define=DEBUG --define=_DUAL_HEADERS --define=CPU1 --diag_suppress=10063 --diag_warning=225 --diag_wrap=off --display_error_number --abi=coffabi --section_sizes=on -z -m"Smallbootloader.map" --stack_size=0x100 --warn_sections -i"/home/ismail/ti/C2000Ware_5_02_00_00/device_support/f2837xd/common/cmd" -i"/home/ismail/ti/C2000Ware_5_02_00_00/device_support/f2837xd/headers/cmd" -i"/home/ismail/ti/ccs1271/ccs/tools/compiler/ti-cgt-c2000_22.6.1.LTS/lib" -i"/home/ismail/ti/ccs1271/ccs/tools/compiler/ti-cgt-c2000_22.6.1.LTS/include" --reread_libs --diag_wrap=off --display_error_number --xml_link_info="Smallbootloader_linkInfo.xml" --entry_point=code_start --rom_model -o "Smallbootloader.out" "./assembly/F2837xD_usDelay.obj" "./assembly/fwupgradec1toc2_start.obj" "./src/F2837xD_DefaultISR.obj" "./src/F2837xD_GlobalVariableDefs.obj" "./src/F2837xD_Gpio.obj" "./src/F2837xD_SysCtrl.obj" "./src/Fapi_UserDefinedFunctions.obj" "./src/SCI_Boot.obj" "./src/SCI_GetFunction.obj" "./src/Shared_Boot.obj" "./src/Shared_Erase.obj" "./src/Shared_Verify.obj" "./src/main.obj" "/home/ismail/ti/C2000Ware_5_02_00_00/libraries/flash_api/f2837xd/lib/F021_API_F2837xD_FPU32.lib" "/home/ismail/ti/C2000Ware_5_02_00_00/libraries/boot_rom/f2837xd/rev0/rom_symbol_libs/c1_ROM_API/c1bootROM_BootROMSymbols_fpu32.lib" "../linker/2837xD_FLASH_lnk_cpu1.cmd" "../linker/F2837xD_Headers_nonBIOS_cpu1.cmd" "../linker/flash_programming_cpu1tocpu2_RAM.cmd"  -l"/home/ismail/ti/ccs1271/ccs/tools/compiler/ti-cgt-c2000_22.6.1.LTS/lib/rts2800_fpu32.lib" -llibc.a 
<Linking>
FILE: Smallbootloader.out
CODE  size (bytes): 7383
CONST size (bytes): 61
DATA  size (bytes): 10164
 
Finished building target: "Smallbootloader.out"
 

**** Build Finished ****

**** Build of configuration CPU1_FLASH for project Smallbootloader ****

/home/ismail/ti/ccs1271/ccs/utils/bin/gmake -k -j 4 all -O 
 
Building file: "../assembly/fwupgradec1toc2_start.asm"
Invoking: C2000 Compiler
"/home/ismail/ti/ccs1271/ccs/tools/compiler/ti-cgt-c2000_22.6.1.LTS/bin/cl2000" -v28 -ml -mt --cla_support=cla1 --float_support=fpu32 --tmu_support=tmu0 --vcu_support=vcu2 -O0 --include_path="/home/ismail/IOT-CANBus/TI/Bootloader/Smallbootloader/src" --include_path="/home/ismail/IOT-CANBus/TI/Bootloader/Smallbootloader/assembly" --include_path="/home/ismail/IOT-CANBus/TI/Bootloader/Smallbootloader/linker" --include_path="/home/ismail/IOT-CANBus/TI/Bootloader/Smallbootloader/headers" --include_path="/home/ismail/ti/C2000Ware_5_02_00_00/device_support/f2837xd/common/include" --include_path="/home/ismail/ti/C2000Ware_5_02_00_00/device_support/f2837xd/headers/include" --include_path="/home/ismail/ti/C2000Ware_5_02_00_00/libraries/flash_api/f2837xd/include/Constants" --include_path="/home/ismail/ti/C2000Ware_5_02_00_00/libraries/flash_api/f2837xd/include" --include_path="/home/ismail/IOT-CANBus/TI/Bootloader/Smallbootloader" --include_path="/home/ismail/ti/ccs1271/ccs/tools/compiler/ti-cgt-c2000_22.6.1.LTS/include" --advice:performance=all --define=_STANDALONE --define=_FLASH --define=_LAUNCHXL_F28379D --define=DEBUG --define=_DUAL_HEADERS --define=CPU1 --diag_suppress=10063 --diag_warning=225 --diag_wrap=off --display_error_number --abi=coffabi --section_sizes=on --preproc_with_compile --preproc_dependency="assembly/fwupgradec1toc2_start.d_raw" --obj_directory="assembly"  "../assembly/fwupgradec1toc2_start.asm"
Finished building: "../assembly/fwupgradec1toc2_start.asm"
 
Building file: "../assembly/F2837xD_usDelay.asm"
Invoking: C2000 Compiler
"/home/ismail/ti/ccs1271/ccs/tools/compiler/ti-cgt-c2000_22.6.1.LTS/bin/cl2000" -v28 -ml -mt --cla_support=cla1 --float_support=fpu32 --tmu_support=tmu0 --vcu_support=vcu2 -O0 --include_path="/home/ismail/IOT-CANBus/TI/Bootloader/Smallbootloader/src" --include_path="/home/ismail/IOT-CANBus/TI/Bootloader/Smallbootloader/assembly" --include_path="/home/ismail/IOT-CANBus/TI/Bootloader/Smallbootloader/linker" --include_path="/home/ismail/IOT-CANBus/TI/Bootloader/Smallbootloader/headers" --include_path="/home/ismail/ti/C2000Ware_5_02_00_00/device_support/f2837xd/common/include" --include_path="/home/ismail/ti/C2000Ware_5_02_00_00/device_support/f2837xd/headers/include" --include_path="/home/ismail/ti/C2000Ware_5_02_00_00/libraries/flash_api/f2837xd/include/Constants" --include_path="/home/ismail/ti/C2000Ware_5_02_00_00/libraries/flash_api/f2837xd/include" --include_path="/home/ismail/IOT-CANBus/TI/Bootloader/Smallbootloader" --include_path="/home/ismail/ti/ccs1271/ccs/tools/compiler/ti-cgt-c2000_22.6.1.LTS/include" --advice:performance=all --define=_STANDALONE --define=_FLASH --define=_LAUNCHXL_F28379D --define=DEBUG --define=_DUAL_HEADERS --define=CPU1 --diag_suppress=10063 --diag_warning=225 --diag_wrap=off --display_error_number --abi=coffabi --section_sizes=on --preproc_with_compile --preproc_dependency="assembly/F2837xD_usDelay.d_raw" --obj_directory="assembly"  "../assembly/F2837xD_usDelay.asm"
Finished building: "../assembly/F2837xD_usDelay.asm"
 
Building file: "../src/F2837xD_DefaultISR.c"
Invoking: C2000 Compiler
"/home/ismail/ti/ccs1271/ccs/tools/compiler/ti-cgt-c2000_22.6.1.LTS/bin/cl2000" -v28 -ml -mt --cla_support=cla1 --float_support=fpu32 --tmu_support=tmu0 --vcu_support=vcu2 -O0 --include_path="/home/ismail/IOT-CANBus/TI/Bootloader/Smallbootloader/src" --include_path="/home/ismail/IOT-CANBus/TI/Bootloader/Smallbootloader/assembly" --include_path="/home/ismail/IOT-CANBus/TI/Bootloader/Smallbootloader/linker" --include_path="/home/ismail/IOT-CANBus/TI/Bootloader/Smallbootloader/headers" --include_path="/home/ismail/ti/C2000Ware_5_02_00_00/device_support/f2837xd/common/include" --include_path="/home/ismail/ti/C2000Ware_5_02_00_00/device_support/f2837xd/headers/include" --include_path="/home/ismail/ti/C2000Ware_5_02_00_00/libraries/flash_api/f2837xd/include/Constants" --include_path="/home/ismail/ti/C2000Ware_5_02_00_00/libraries/flash_api/f2837xd/include" --include_path="/home/ismail/IOT-CANBus/TI/Bootloader/Smallbootloader" --include_path="/home/ismail/ti/ccs1271/ccs/tools/compiler/ti-cgt-c2000_22.6.1.LTS/include" --advice:performance=all --define=_STANDALONE --define=_FLASH --define=_LAUNCHXL_F28379D --define=DEBUG --define=_DUAL_HEADERS --define=CPU1 --diag_suppress=10063 --diag_warning=225 --diag_wrap=off --display_error_number --abi=coffabi --section_sizes=on --preproc_with_compile --preproc_dependency="src/F2837xD_DefaultISR.d_raw" --obj_directory="src"  "../src/F2837xD_DefaultISR.c"
FILE: src/F2837xD_DefaultISR.obj
CODE  size (bytes): 1413
 
Finished building: "../src/F2837xD_DefaultISR.c"
 
Building file: "../src/F2837xD_Gpio.c"
Invoking: C2000 Compiler
"/home/ismail/ti/ccs1271/ccs/tools/compiler/ti-cgt-c2000_22.6.1.LTS/bin/cl2000" -v28 -ml -mt --cla_support=cla1 --float_support=fpu32 --tmu_support=tmu0 --vcu_support=vcu2 -O0 --include_path="/home/ismail/IOT-CANBus/TI/Bootloader/Smallbootloader/src" --include_path="/home/ismail/IOT-CANBus/TI/Bootloader/Smallbootloader/assembly" --include_path="/home/ismail/IOT-CANBus/TI/Bootloader/Smallbootloader/linker" --include_path="/home/ismail/IOT-CANBus/TI/Bootloader/Smallbootloader/headers" --include_path="/home/ismail/ti/C2000Ware_5_02_00_00/device_support/f2837xd/common/include" --include_path="/home/ismail/ti/C2000Ware_5_02_00_00/device_support/f2837xd/headers/include" --include_path="/home/ismail/ti/C2000Ware_5_02_00_00/libraries/flash_api/f2837xd/include/Constants" --include_path="/home/ismail/ti/C2000Ware_5_02_00_00/libraries/flash_api/f2837xd/include" --include_path="/home/ismail/IOT-CANBus/TI/Bootloader/Smallbootloader" --include_path="/home/ismail/ti/ccs1271/ccs/tools/compiler/ti-cgt-c2000_22.6.1.LTS/include" --advice:performance=all --define=_STANDALONE --define=_FLASH --define=_LAUNCHXL_F28379D --define=DEBUG --define=_DUAL_HEADERS --define=CPU1 --diag_suppress=10063 --diag_warning=225 --diag_wrap=off --display_error_number --abi=coffabi --section_sizes=on --preproc_with_compile --preproc_dependency="src/F2837xD_Gpio.d_raw" --obj_directory="src"  "../src/F2837xD_Gpio.c"
FILE: src/F2837xD_Gpio.obj
CODE  size (bytes): 519
 
Finished building: "../src/F2837xD_Gpio.c"
 
Building file: "../src/SCI_Boot.c"
Invoking: C2000 Compiler
"/home/ismail/ti/ccs1271/ccs/tools/compiler/ti-cgt-c2000_22.6.1.LTS/bin/cl2000" -v28 -ml -mt --cla_support=cla1 --float_support=fpu32 --tmu_support=tmu0 --vcu_support=vcu2 -O0 --include_path="/home/ismail/IOT-CANBus/TI/Bootloader/Smallbootloader/src" --include_path="/home/ismail/IOT-CANBus/TI/Bootloader/Smallbootloader/assembly" --include_path="/home/ismail/IOT-CANBus/TI/Bootloader/Smallbootloader/linker" --include_path="/home/ismail/IOT-CANBus/TI/Bootloader/Smallbootloader/headers" --include_path="/home/ismail/ti/C2000Ware_5_02_00_00/device_support/f2837xd/common/include" --include_path="/home/ismail/ti/C2000Ware_5_02_00_00/device_support/f2837xd/headers/include" --include_path="/home/ismail/ti/C2000Ware_5_02_00_00/libraries/flash_api/f2837xd/include/Constants" --include_path="/home/ismail/ti/C2000Ware_5_02_00_00/libraries/flash_api/f2837xd/include" --include_path="/home/ismail/IOT-CANBus/TI/Bootloader/Smallbootloader" --include_path="/home/ismail/ti/ccs1271/ccs/tools/compiler/ti-cgt-c2000_22.6.1.LTS/include" --advice:performance=all --define=_STANDALONE --define=_FLASH --define=_LAUNCHXL_F28379D --define=DEBUG --define=_DUAL_HEADERS --define=CPU1 --diag_suppress=10063 --diag_warning=225 --diag_wrap=off --display_error_number --abi=coffabi --section_sizes=on --preproc_with_compile --preproc_dependency="src/SCI_Boot.d_raw" --obj_directory="src"  "../src/SCI_Boot.c"
FILE: src/SCI_Boot.obj
CODE  size (bytes): 55
 
Finished building: "../src/SCI_Boot.c"
 
Building file: "../src/Fapi_UserDefinedFunctions.c"
Invoking: C2000 Compiler
"/home/ismail/ti/ccs1271/ccs/tools/compiler/ti-cgt-c2000_22.6.1.LTS/bin/cl2000" -v28 -ml -mt --cla_support=cla1 --float_support=fpu32 --tmu_support=tmu0 --vcu_support=vcu2 -O0 --include_path="/home/ismail/IOT-CANBus/TI/Bootloader/Smallbootloader/src" --include_path="/home/ismail/IOT-CANBus/TI/Bootloader/Smallbootloader/assembly" --include_path="/home/ismail/IOT-CANBus/TI/Bootloader/Smallbootloader/linker" --include_path="/home/ismail/IOT-CANBus/TI/Bootloader/Smallbootloader/headers" --include_path="/home/ismail/ti/C2000Ware_5_02_00_00/device_support/f2837xd/common/include" --include_path="/home/ismail/ti/C2000Ware_5_02_00_00/device_support/f2837xd/headers/include" --include_path="/home/ismail/ti/C2000Ware_5_02_00_00/libraries/flash_api/f2837xd/include/Constants" --include_path="/home/ismail/ti/C2000Ware_5_02_00_00/libraries/flash_api/f2837xd/include" --include_path="/home/ismail/IOT-CANBus/TI/Bootloader/Smallbootloader" --include_path="/home/ismail/ti/ccs1271/ccs/tools/compiler/ti-cgt-c2000_22.6.1.LTS/include" --advice:performance=all --define=_STANDALONE --define=_FLASH --define=_LAUNCHXL_F28379D --define=DEBUG --define=_DUAL_HEADERS --define=CPU1 --diag_suppress=10063 --diag_warning=225 --diag_wrap=off --display_error_number --abi=coffabi --section_sizes=on --preproc_with_compile --preproc_dependency="src/Fapi_UserDefinedFunctions.d_raw" --obj_directory="src"  "../src/Fapi_UserDefinedFunctions.c"
FILE: src/Fapi_UserDefinedFunctions.obj
CODE  size (bytes): 148
 
Finished building: "../src/Fapi_UserDefinedFunctions.c"
 
Building file: "../src/F2837xD_SysCtrl.c"
Invoking: C2000 Compiler
"/home/ismail/ti/ccs1271/ccs/tools/compiler/ti-cgt-c2000_22.6.1.LTS/bin/cl2000" -v28 -ml -mt --cla_support=cla1 --float_support=fpu32 --tmu_support=tmu0 --vcu_support=vcu2 -O0 --include_path="/home/ismail/IOT-CANBus/TI/Bootloader/Smallbootloader/src" --include_path="/home/ismail/IOT-CANBus/TI/Bootloader/Smallbootloader/assembly" --include_path="/home/ismail/IOT-CANBus/TI/Bootloader/Smallbootloader/linker" --include_path="/home/ismail/IOT-CANBus/TI/Bootloader/Smallbootloader/headers" --include_path="/home/ismail/ti/C2000Ware_5_02_00_00/device_support/f2837xd/common/include" --include_path="/home/ismail/ti/C2000Ware_5_02_00_00/device_support/f2837xd/headers/include" --include_path="/home/ismail/ti/C2000Ware_5_02_00_00/libraries/flash_api/f2837xd/include/Constants" --include_path="/home/ismail/ti/C2000Ware_5_02_00_00/libraries/flash_api/f2837xd/include" --include_path="/home/ismail/IOT-CANBus/TI/Bootloader/Smallbootloader" --include_path="/home/ismail/ti/ccs1271/ccs/tools/compiler/ti-cgt-c2000_22.6.1.LTS/include" --advice:performance=all --define=_STANDALONE --define=_FLASH --define=_LAUNCHXL_F28379D --define=DEBUG --define=_DUAL_HEADERS --define=CPU1 --diag_suppress=10063 --diag_warning=225 --diag_wrap=off --display_error_number --abi=coffabi --section_sizes=on --preproc_with_compile --preproc_dependency="src/F2837xD_SysCtrl.d_raw" --obj_directory="src"  "../src/F2837xD_SysCtrl.c"
FILE: src/F2837xD_SysCtrl.obj
CODE  size (bytes): 1212
 
"../src/F2837xD_SysCtrl.c", line 837 (col. 47): advice #2614-D: (Performance) Use --fp_mode=relaxed to enable TMU hardware support for FP division.
Finished building: "../src/F2837xD_SysCtrl.c"
 
Building file: "../src/Shared_Erase.c"
Invoking: C2000 Compiler
"/home/ismail/ti/ccs1271/ccs/tools/compiler/ti-cgt-c2000_22.6.1.LTS/bin/cl2000" -v28 -ml -mt --cla_support=cla1 --float_support=fpu32 --tmu_support=tmu0 --vcu_support=vcu2 -O0 --include_path="/home/ismail/IOT-CANBus/TI/Bootloader/Smallbootloader/src" --include_path="/home/ismail/IOT-CANBus/TI/Bootloader/Smallbootloader/assembly" --include_path="/home/ismail/IOT-CANBus/TI/Bootloader/Smallbootloader/linker" --include_path="/home/ismail/IOT-CANBus/TI/Bootloader/Smallbootloader/headers" --include_path="/home/ismail/ti/C2000Ware_5_02_00_00/device_support/f2837xd/common/include" --include_path="/home/ismail/ti/C2000Ware_5_02_00_00/device_support/f2837xd/headers/include" --include_path="/home/ismail/ti/C2000Ware_5_02_00_00/libraries/flash_api/f2837xd/include/Constants" --include_path="/home/ismail/ti/C2000Ware_5_02_00_00/libraries/flash_api/f2837xd/include" --include_path="/home/ismail/IOT-CANBus/TI/Bootloader/Smallbootloader" --include_path="/home/ismail/ti/ccs1271/ccs/tools/compiler/ti-cgt-c2000_22.6.1.LTS/include" --advice:performance=all --define=_STANDALONE --define=_FLASH --define=_LAUNCHXL_F28379D --define=DEBUG --define=_DUAL_HEADERS --define=CPU1 --diag_suppress=10063 --diag_warning=225 --diag_wrap=off --display_error_number --abi=coffabi --section_sizes=on --preproc_with_compile --preproc_dependency="src/Shared_Erase.d_raw" --obj_directory="src"  "../src/Shared_Erase.c"
FILE: src/Shared_Erase.obj
CODE  size (bytes): 98
CONST size (bytes): 42
 
Finished building: "../src/Shared_Erase.c"
 
Building file: "../src/SCI_GetFunction.c"
Invoking: C2000 Compiler
"/home/ismail/ti/ccs1271/ccs/tools/compiler/ti-cgt-c2000_22.6.1.LTS/bin/cl2000" -v28 -ml -mt --cla_support=cla1 --float_support=fpu32 --tmu_support=tmu0 --vcu_support=vcu2 -O0 --include_path="/home/ismail/IOT-CANBus/TI/Bootloader/Smallbootloader/src" --include_path="/home/ismail/IOT-CANBus/TI/Bootloader/Smallbootloader/assembly" --include_path="/home/ismail/IOT-CANBus/TI/Bootloader/Smallbootloader/linker" --include_path="/home/ismail/IOT-CANBus/TI/Bootloader/Smallbootloader/headers" --include_path="/home/ismail/ti/C2000Ware_5_02_00_00/device_support/f2837xd/common/include" --include_path="/home/ismail/ti/C2000Ware_5_02_00_00/device_support/f2837xd/headers/include" --include_path="/home/ismail/ti/C2000Ware_5_02_00_00/libraries/flash_api/f2837xd/include/Constants" --include_path="/home/ismail/ti/C2000Ware_5_02_00_00/libraries/flash_api/f2837xd/include" --include_path="/home/ismail/IOT-CANBus/TI/Bootloader/Smallbootloader" --include_path="/home/ismail/ti/ccs1271/ccs/tools/compiler/ti-cgt-c2000_22.6.1.LTS/include" --advice:performance=all --define=_STANDALONE --define=_FLASH --define=_LAUNCHXL_F28379D --define=DEBUG --define=_DUAL_HEADERS --define=CPU1 --diag_suppress=10063 --diag_warning=225 --diag_wrap=off --display_error_number --abi=coffabi --section_sizes=on --preproc_with_compile --preproc_dependency="src/SCI_GetFunction.d_raw" --obj_directory="src"  "../src/SCI_GetFunction.c"
FILE: src/SCI_GetFunction.obj
CODE  size (bytes): 573
DATA  size (bytes): 10
 
Finished building: "../src/SCI_GetFunction.c"
 
Building file: "../src/Shared_Boot.c"
Invoking: C2000 Compiler
"/home/ismail/ti/ccs1271/ccs/tools/compiler/ti-cgt-c2000_22.6.1.LTS/bin/cl2000" -v28 -ml -mt --cla_support=cla1 --float_support=fpu32 --tmu_support=tmu0 --vcu_support=vcu2 -O0 --include_path="/home/ismail/IOT-CANBus/TI/Bootloader/Smallbootloader/src" --include_path="/home/ismail/IOT-CANBus/TI/Bootloader/Smallbootloader/assembly" --include_path="/home/ismail/IOT-CANBus/TI/Bootloader/Smallbootloader/linker" --include_path="/home/ismail/IOT-CANBus/TI/Bootloader/Smallbootloader/headers" --include_path="/home/ismail/ti/C2000Ware_5_02_00_00/device_support/f2837xd/common/include" --include_path="/home/ismail/ti/C2000Ware_5_02_00_00/device_support/f2837xd/headers/include" --include_path="/home/ismail/ti/C2000Ware_5_02_00_00/libraries/flash_api/f2837xd/include/Constants" --include_path="/home/ismail/ti/C2000Ware_5_02_00_00/libraries/flash_api/f2837xd/include" --include_path="/home/ismail/IOT-CANBus/TI/Bootloader/Smallbootloader" --include_path="/home/ismail/ti/ccs1271/ccs/tools/compiler/ti-cgt-c2000_22.6.1.LTS/include" --advice:performance=all --define=_STANDALONE --define=_FLASH --define=_LAUNCHXL_F28379D --define=DEBUG --define=_DUAL_HEADERS --define=CPU1 --diag_suppress=10063 --diag_warning=225 --diag_wrap=off --display_error_number --abi=coffabi --section_sizes=on --preproc_with_compile --preproc_dependency="src/Shared_Boot.d_raw" --obj_directory="src"  "../src/Shared_Boot.c"
FILE: src/Shared_Boot.obj
CODE  size (bytes): 966
CONST size (bytes): 17
DATA  size (bytes): 16
 
Finished building: "../src/Shared_Boot.c"
 
Building file: "../src/Shared_Verify.c"
Invoking: C2000 Compiler
"/home/ismail/ti/ccs1271/ccs/tools/compiler/ti-cgt-c2000_22.6.1.LTS/bin/cl2000" -v28 -ml -mt --cla_support=cla1 --float_support=fpu32 --tmu_support=tmu0 --vcu_support=vcu2 -O0 --include_path="/home/ismail/IOT-CANBus/TI/Bootloader/Smallbootloader/src" --include_path="/home/ismail/IOT-CANBus/TI/Bootloader/Smallbootloader/assembly" --include_path="/home/ismail/IOT-CANBus/TI/Bootloader/Smallbootloader/linker" --include_path="/home/ismail/IOT-CANBus/TI/Bootloader/Smallbootloader/headers" --include_path="/home/ismail/ti/C2000Ware_5_02_00_00/device_support/f2837xd/common/include" --include_path="/home/ismail/ti/C2000Ware_5_02_00_00/device_support/f2837xd/headers/include" --include_path="/home/ismail/ti/C2000Ware_5_02_00_00/libraries/flash_api/f2837xd/include/Constants" --include_path="/home/ismail/ti/C2000Ware_5_02_00_00/libraries/flash_api/f2837xd/include" --include_path="/home/ismail/IOT-CANBus/TI/Bootloader/Smallbootloader" --include_path="/home/ismail/ti/ccs1271/ccs/tools/compiler/ti-cgt-c2000_22.6.1.LTS/include" --advice:performance=all --define=_STANDALONE --define=_FLASH --define=_LAUNCHXL_F28379D --define=DEBUG --define=_DUAL_HEADERS --define=CPU1 --diag_suppress=10063 --diag_warning=225 --diag_wrap=off --display_error_number --abi=coffabi --section_sizes=on --preproc_with_compile --preproc_dependency="src/Shared_Verify.d_raw" --obj_directory="src"  "../src/Shared_Verify.c"
FILE: src/Shared_Verify.obj
CODE  size (bytes): 325
 
Finished building: "../src/Shared_Verify.c"
 
Building file: "../src/main.c"
Invoking: C2000 Compiler
"/home/ismail/ti/ccs1271/ccs/tools/compiler/ti-cgt-c2000_22.6.1.LTS/bin/cl2000" -v28 -ml -mt --cla_support=cla1 --float_support=fpu32 --tmu_support=tmu0 --vcu_support=vcu2 -O0 --include_path="/home/ismail/IOT-CANBus/TI/Bootloader/Smallbootloader/src" --include_path="/home/ismail/IOT-CANBus/TI/Bootloader/Smallbootloader/assembly" --include_path="/home/ismail/IOT-CANBus/TI/Bootloader/Smallbootloader/linker" --include_path="/home/ismail/IOT-CANBus/TI/Bootloader/Smallbootloader/headers" --include_path="/home/ismail/ti/C2000Ware_5_02_00_00/device_support/f2837xd/common/include" --include_path="/home/ismail/ti/C2000Ware_5_02_00_00/device_support/f2837xd/headers/include" --include_path="/home/ismail/ti/C2000Ware_5_02_00_00/libraries/flash_api/f2837xd/include/Constants" --include_path="/home/ismail/ti/C2000Ware_5_02_00_00/libraries/flash_api/f2837xd/include" --include_path="/home/ismail/IOT-CANBus/TI/Bootloader/Smallbootloader" --include_path="/home/ismail/ti/ccs1271/ccs/tools/compiler/ti-cgt-c2000_22.6.1.LTS/include" --advice:performance=all --define=_STANDALONE --define=_FLASH --define=_LAUNCHXL_F28379D --define=DEBUG --define=_DUAL_HEADERS --define=CPU1 --diag_suppress=10063 --diag_warning=225 --diag_wrap=off --display_error_number --abi=coffabi --section_sizes=on --preproc_with_compile --preproc_dependency="src/main.d_raw" --obj_directory="src"  "../src/main.c"
FILE: src/main.obj
CODE  size (bytes): 186
 
Finished building: "../src/main.c"
 
Building file: "../src/F2837xD_GlobalVariableDefs.c"
Invoking: C2000 Compiler
"/home/ismail/ti/ccs1271/ccs/tools/compiler/ti-cgt-c2000_22.6.1.LTS/bin/cl2000" -v28 -ml -mt --cla_support=cla1 --float_support=fpu32 --tmu_support=tmu0 --vcu_support=vcu2 -O0 --include_path="/home/ismail/IOT-CANBus/TI/Bootloader/Smallbootloader/src" --include_path="/home/ismail/IOT-CANBus/TI/Bootloader/Smallbootloader/assembly" --include_path="/home/ismail/IOT-CANBus/TI/Bootloader/Smallbootloader/linker" --include_path="/home/ismail/IOT-CANBus/TI/Bootloader/Smallbootloader/headers" --include_path="/home/ismail/ti/C2000Ware_5_02_00_00/device_support/f2837xd/common/include" --include_path="/home/ismail/ti/C2000Ware_5_02_00_00/device_support/f2837xd/headers/include" --include_path="/home/ismail/ti/C2000Ware_5_02_00_00/libraries/flash_api/f2837xd/include/Constants" --include_path="/home/ismail/ti/C2000Ware_5_02_00_00/libraries/flash_api/f2837xd/include" --include_path="/home/ismail/IOT-CANBus/TI/Bootloader/Smallbootloader" --include_path="/home/ismail/ti/ccs1271/ccs/tools/compiler/ti-cgt-c2000_22.6.1.LTS/include" --advice:performance=all --define=_STANDALONE --define=_FLASH --define=_LAUNCHXL_F28379D --define=DEBUG --define=_DUAL_HEADERS --define=CPU1 --diag_suppress=10063 --diag_warning=225 --diag_wrap=off --display_error_number --abi=coffabi --section_sizes=on --preproc_with_compile --preproc_dependency="src/F2837xD_GlobalVariableDefs.d_raw" --obj_directory="src"  "../src/F2837xD_GlobalVariableDefs.c"
FILE: src/F2837xD_GlobalVariableDefs.obj
DATA  size (bytes): 9870
 
Finished building: "../src/F2837xD_GlobalVariableDefs.c"
 
Building target: "Smallbootloader.out"
Invoking: C2000 Linker
"/home/ismail/ti/ccs1271/ccs/tools/compiler/ti-cgt-c2000_22.6.1.LTS/bin/cl2000" -v28 -ml -mt --cla_support=cla1 --float_support=fpu32 --tmu_support=tmu0 --vcu_support=vcu2 -O0 --advice:performance=all --define=_STANDALONE --define=_FLASH --define=_LAUNCHXL_F28379D --define=DEBUG --define=_DUAL_HEADERS --define=CPU1 --diag_suppress=10063 --diag_warning=225 --diag_wrap=off --display_error_number --abi=coffabi --section_sizes=on -z -m"Smallbootloader.map" --stack_size=0x100 --warn_sections -i"/home/ismail/ti/C2000Ware_5_02_00_00/device_support/f2837xd/common/cmd" -i"/home/ismail/ti/C2000Ware_5_02_00_00/device_support/f2837xd/headers/cmd" -i"/home/ismail/ti/ccs1271/ccs/tools/compiler/ti-cgt-c2000_22.6.1.LTS/lib" -i"/home/ismail/ti/ccs1271/ccs/tools/compiler/ti-cgt-c2000_22.6.1.LTS/include" --reread_libs --diag_wrap=off --display_error_number --xml_link_info="Smallbootloader_linkInfo.xml" --entry_point=code_start --rom_model -o "Smallbootloader.out" "./assembly/F2837xD_usDelay.obj" "./assembly/fwupgradec1toc2_start.obj" "./src/F2837xD_DefaultISR.obj" "./src/F2837xD_GlobalVariableDefs.obj" "./src/F2837xD_Gpio.obj" "./src/F2837xD_SysCtrl.obj" "./src/Fapi_UserDefinedFunctions.obj" "./src/SCI_Boot.obj" "./src/SCI_GetFunction.obj" "./src/Shared_Boot.obj" "./src/Shared_Erase.obj" "./src/Shared_Verify.obj" "./src/main.obj" "/home/ismail/ti/C2000Ware_5_02_00_00/libraries/flash_api/f2837xd/lib/F021_API_F2837xD_FPU32.lib" "/home/ismail/ti/C2000Ware_5_02_00_00/libraries/boot_rom/f2837xd/rev0/rom_symbol_libs/c1_ROM_API/c1bootROM_BootROMSymbols_fpu32.lib" "../linker/2837xD_FLASH_lnk_cpu1.cmd" "../linker/F2837xD_Headers_nonBIOS_cpu1.cmd" "../linker/flash_programming_cpu1tocpu2_RAM.cmd"  -l"/home/ismail/ti/ccs1271/ccs/tools/compiler/ti-cgt-c2000_22.6.1.LTS/lib/rts2800_fpu32.lib" -llibc.a 
<Linking>
FILE: Smallbootloader.out
CODE  size (bytes): 7470
CONST size (bytes): 61
DATA  size (bytes): 10164
 
Finished building target: "Smallbootloader.out"
 

**** Build Finished ****

**** Build of configuration CPU1_FLASH for project Smallbootloader ****

/home/ismail/ti/ccs1271/ccs/utils/bin/gmake -k -j 4 all -O 
 
Building file: "../assembly/fwupgradec1toc2_start.asm"
Invoking: C2000 Compiler
"/home/ismail/ti/ccs1271/ccs/tools/compiler/ti-cgt-c2000_22.6.1.LTS/bin/cl2000" -v28 -ml -mt --cla_support=cla1 --float_support=fpu32 --tmu_support=tmu0 --vcu_support=vcu2 -O4 --include_path="/home/ismail/IOT-CANBus/TI/Bootloader/Smallbootloader/src" --include_path="/home/ismail/IOT-CANBus/TI/Bootloader/Smallbootloader/assembly" --include_path="/home/ismail/IOT-CANBus/TI/Bootloader/Smallbootloader/linker" --include_path="/home/ismail/IOT-CANBus/TI/Bootloader/Smallbootloader/headers" --include_path="/home/ismail/ti/C2000Ware_5_02_00_00/device_support/f2837xd/common/include" --include_path="/home/ismail/ti/C2000Ware_5_02_00_00/device_support/f2837xd/headers/include" --include_path="/home/ismail/ti/C2000Ware_5_02_00_00/libraries/flash_api/f2837xd/include/Constants" --include_path="/home/ismail/ti/C2000Ware_5_02_00_00/libraries/flash_api/f2837xd/include" --include_path="/home/ismail/IOT-CANBus/TI/Bootloader/Smallbootloader" --include_path="/home/ismail/ti/ccs1271/ccs/tools/compiler/ti-cgt-c2000_22.6.1.LTS/include" --advice:performance=all --define=_STANDALONE --define=_FLASH --define=_LAUNCHXL_F28379D --define=DEBUG --define=_DUAL_HEADERS --define=CPU1 --diag_suppress=10063 --diag_warning=225 --diag_wrap=off --display_error_number --abi=coffabi --section_sizes=on --preproc_with_compile --preproc_dependency="assembly/fwupgradec1toc2_start.d_raw" --obj_directory="assembly"  "../assembly/fwupgradec1toc2_start.asm"
Finished building: "../assembly/fwupgradec1toc2_start.asm"
 
Building file: "../assembly/F2837xD_usDelay.asm"
Invoking: C2000 Compiler
"/home/ismail/ti/ccs1271/ccs/tools/compiler/ti-cgt-c2000_22.6.1.LTS/bin/cl2000" -v28 -ml -mt --cla_support=cla1 --float_support=fpu32 --tmu_support=tmu0 --vcu_support=vcu2 -O4 --include_path="/home/ismail/IOT-CANBus/TI/Bootloader/Smallbootloader/src" --include_path="/home/ismail/IOT-CANBus/TI/Bootloader/Smallbootloader/assembly" --include_path="/home/ismail/IOT-CANBus/TI/Bootloader/Smallbootloader/linker" --include_path="/home/ismail/IOT-CANBus/TI/Bootloader/Smallbootloader/headers" --include_path="/home/ismail/ti/C2000Ware_5_02_00_00/device_support/f2837xd/common/include" --include_path="/home/ismail/ti/C2000Ware_5_02_00_00/device_support/f2837xd/headers/include" --include_path="/home/ismail/ti/C2000Ware_5_02_00_00/libraries/flash_api/f2837xd/include/Constants" --include_path="/home/ismail/ti/C2000Ware_5_02_00_00/libraries/flash_api/f2837xd/include" --include_path="/home/ismail/IOT-CANBus/TI/Bootloader/Smallbootloader" --include_path="/home/ismail/ti/ccs1271/ccs/tools/compiler/ti-cgt-c2000_22.6.1.LTS/include" --advice:performance=all --define=_STANDALONE --define=_FLASH --define=_LAUNCHXL_F28379D --define=DEBUG --define=_DUAL_HEADERS --define=CPU1 --diag_suppress=10063 --diag_warning=225 --diag_wrap=off --display_error_number --abi=coffabi --section_sizes=on --preproc_with_compile --preproc_dependency="assembly/F2837xD_usDelay.d_raw" --obj_directory="assembly"  "../assembly/F2837xD_usDelay.asm"
Finished building: "../assembly/F2837xD_usDelay.asm"
 
Building file: "../src/F2837xD_DefaultISR.c"
Invoking: C2000 Compiler
"/home/ismail/ti/ccs1271/ccs/tools/compiler/ti-cgt-c2000_22.6.1.LTS/bin/cl2000" -v28 -ml -mt --cla_support=cla1 --float_support=fpu32 --tmu_support=tmu0 --vcu_support=vcu2 -O4 --include_path="/home/ismail/IOT-CANBus/TI/Bootloader/Smallbootloader/src" --include_path="/home/ismail/IOT-CANBus/TI/Bootloader/Smallbootloader/assembly" --include_path="/home/ismail/IOT-CANBus/TI/Bootloader/Smallbootloader/linker" --include_path="/home/ismail/IOT-CANBus/TI/Bootloader/Smallbootloader/headers" --include_path="/home/ismail/ti/C2000Ware_5_02_00_00/device_support/f2837xd/common/include" --include_path="/home/ismail/ti/C2000Ware_5_02_00_00/device_support/f2837xd/headers/include" --include_path="/home/ismail/ti/C2000Ware_5_02_00_00/libraries/flash_api/f2837xd/include/Constants" --include_path="/home/ismail/ti/C2000Ware_5_02_00_00/libraries/flash_api/f2837xd/include" --include_path="/home/ismail/IOT-CANBus/TI/Bootloader/Smallbootloader" --include_path="/home/ismail/ti/ccs1271/ccs/tools/compiler/ti-cgt-c2000_22.6.1.LTS/include" --advice:performance=all --define=_STANDALONE --define=_FLASH --define=_LAUNCHXL_F28379D --define=DEBUG --define=_DUAL_HEADERS --define=CPU1 --diag_suppress=10063 --diag_warning=225 --diag_wrap=off --display_error_number --abi=coffabi --section_sizes=on --preproc_with_compile --preproc_dependency="src/F2837xD_DefaultISR.d_raw" --obj_directory="src"  "../src/F2837xD_DefaultISR.c"
FILE: src/F2837xD_DefaultISR.obj
CODE  size (bytes): 1413
 
Finished building: "../src/F2837xD_DefaultISR.c"
 
Building file: "../src/F2837xD_Gpio.c"
Invoking: C2000 Compiler
"/home/ismail/ti/ccs1271/ccs/tools/compiler/ti-cgt-c2000_22.6.1.LTS/bin/cl2000" -v28 -ml -mt --cla_support=cla1 --float_support=fpu32 --tmu_support=tmu0 --vcu_support=vcu2 -O4 --include_path="/home/ismail/IOT-CANBus/TI/Bootloader/Smallbootloader/src" --include_path="/home/ismail/IOT-CANBus/TI/Bootloader/Smallbootloader/assembly" --include_path="/home/ismail/IOT-CANBus/TI/Bootloader/Smallbootloader/linker" --include_path="/home/ismail/IOT-CANBus/TI/Bootloader/Smallbootloader/headers" --include_path="/home/ismail/ti/C2000Ware_5_02_00_00/device_support/f2837xd/common/include" --include_path="/home/ismail/ti/C2000Ware_5_02_00_00/device_support/f2837xd/headers/include" --include_path="/home/ismail/ti/C2000Ware_5_02_00_00/libraries/flash_api/f2837xd/include/Constants" --include_path="/home/ismail/ti/C2000Ware_5_02_00_00/libraries/flash_api/f2837xd/include" --include_path="/home/ismail/IOT-CANBus/TI/Bootloader/Smallbootloader" --include_path="/home/ismail/ti/ccs1271/ccs/tools/compiler/ti-cgt-c2000_22.6.1.LTS/include" --advice:performance=all --define=_STANDALONE --define=_FLASH --define=_LAUNCHXL_F28379D --define=DEBUG --define=_DUAL_HEADERS --define=CPU1 --diag_suppress=10063 --diag_warning=225 --diag_wrap=off --display_error_number --abi=coffabi --section_sizes=on --preproc_with_compile --preproc_dependency="src/F2837xD_Gpio.d_raw" --obj_directory="src"  "../src/F2837xD_Gpio.c"
FILE: src/F2837xD_Gpio.obj
CODE  size (bytes): 458
 
Finished building: "../src/F2837xD_Gpio.c"
 
Building file: "../src/Fapi_UserDefinedFunctions.c"
Invoking: C2000 Compiler
"/home/ismail/ti/ccs1271/ccs/tools/compiler/ti-cgt-c2000_22.6.1.LTS/bin/cl2000" -v28 -ml -mt --cla_support=cla1 --float_support=fpu32 --tmu_support=tmu0 --vcu_support=vcu2 -O4 --include_path="/home/ismail/IOT-CANBus/TI/Bootloader/Smallbootloader/src" --include_path="/home/ismail/IOT-CANBus/TI/Bootloader/Smallbootloader/assembly" --include_path="/home/ismail/IOT-CANBus/TI/Bootloader/Smallbootloader/linker" --include_path="/home/ismail/IOT-CANBus/TI/Bootloader/Smallbootloader/headers" --include_path="/home/ismail/ti/C2000Ware_5_02_00_00/device_support/f2837xd/common/include" --include_path="/home/ismail/ti/C2000Ware_5_02_00_00/device_support/f2837xd/headers/include" --include_path="/home/ismail/ti/C2000Ware_5_02_00_00/libraries/flash_api/f2837xd/include/Constants" --include_path="/home/ismail/ti/C2000Ware_5_02_00_00/libraries/flash_api/f2837xd/include" --include_path="/home/ismail/IOT-CANBus/TI/Bootloader/Smallbootloader" --include_path="/home/ismail/ti/ccs1271/ccs/tools/compiler/ti-cgt-c2000_22.6.1.LTS/include" --advice:performance=all --define=_STANDALONE --define=_FLASH --define=_LAUNCHXL_F28379D --define=DEBUG --define=_DUAL_HEADERS --define=CPU1 --diag_suppress=10063 --diag_warning=225 --diag_wrap=off --display_error_number --abi=coffabi --section_sizes=on --preproc_with_compile --preproc_dependency="src/Fapi_UserDefinedFunctions.d_raw" --obj_directory="src"  "../src/Fapi_UserDefinedFunctions.c"
FILE: src/Fapi_UserDefinedFunctions.obj
CODE  size (bytes): 84
 
Finished building: "../src/Fapi_UserDefinedFunctions.c"
 
Building file: "../src/SCI_Boot.c"
Invoking: C2000 Compiler
"/home/ismail/ti/ccs1271/ccs/tools/compiler/ti-cgt-c2000_22.6.1.LTS/bin/cl2000" -v28 -ml -mt --cla_support=cla1 --float_support=fpu32 --tmu_support=tmu0 --vcu_support=vcu2 -O4 --include_path="/home/ismail/IOT-CANBus/TI/Bootloader/Smallbootloader/src" --include_path="/home/ismail/IOT-CANBus/TI/Bootloader/Smallbootloader/assembly" --include_path="/home/ismail/IOT-CANBus/TI/Bootloader/Smallbootloader/linker" --include_path="/home/ismail/IOT-CANBus/TI/Bootloader/Smallbootloader/headers" --include_path="/home/ismail/ti/C2000Ware_5_02_00_00/device_support/f2837xd/common/include" --include_path="/home/ismail/ti/C2000Ware_5_02_00_00/device_support/f2837xd/headers/include" --include_path="/home/ismail/ti/C2000Ware_5_02_00_00/libraries/flash_api/f2837xd/include/Constants" --include_path="/home/ismail/ti/C2000Ware_5_02_00_00/libraries/flash_api/f2837xd/include" --include_path="/home/ismail/IOT-CANBus/TI/Bootloader/Smallbootloader" --include_path="/home/ismail/ti/ccs1271/ccs/tools/compiler/ti-cgt-c2000_22.6.1.LTS/include" --advice:performance=all --define=_STANDALONE --define=_FLASH --define=_LAUNCHXL_F28379D --define=DEBUG --define=_DUAL_HEADERS --define=CPU1 --diag_suppress=10063 --diag_warning=225 --diag_wrap=off --display_error_number --abi=coffabi --section_sizes=on --preproc_with_compile --preproc_dependency="src/SCI_Boot.d_raw" --obj_directory="src"  "../src/SCI_Boot.c"
FILE: src/SCI_Boot.obj
CODE  size (bytes): 41
 
Finished building: "../src/SCI_Boot.c"
 
Building file: "../src/F2837xD_SysCtrl.c"
Invoking: C2000 Compiler
"/home/ismail/ti/ccs1271/ccs/tools/compiler/ti-cgt-c2000_22.6.1.LTS/bin/cl2000" -v28 -ml -mt --cla_support=cla1 --float_support=fpu32 --tmu_support=tmu0 --vcu_support=vcu2 -O4 --include_path="/home/ismail/IOT-CANBus/TI/Bootloader/Smallbootloader/src" --include_path="/home/ismail/IOT-CANBus/TI/Bootloader/Smallbootloader/assembly" --include_path="/home/ismail/IOT-CANBus/TI/Bootloader/Smallbootloader/linker" --include_path="/home/ismail/IOT-CANBus/TI/Bootloader/Smallbootloader/headers" --include_path="/home/ismail/ti/C2000Ware_5_02_00_00/device_support/f2837xd/common/include" --include_path="/home/ismail/ti/C2000Ware_5_02_00_00/device_support/f2837xd/headers/include" --include_path="/home/ismail/ti/C2000Ware_5_02_00_00/libraries/flash_api/f2837xd/include/Constants" --include_path="/home/ismail/ti/C2000Ware_5_02_00_00/libraries/flash_api/f2837xd/include" --include_path="/home/ismail/IOT-CANBus/TI/Bootloader/Smallbootloader" --include_path="/home/ismail/ti/ccs1271/ccs/tools/compiler/ti-cgt-c2000_22.6.1.LTS/include" --advice:performance=all --define=_STANDALONE --define=_FLASH --define=_LAUNCHXL_F28379D --define=DEBUG --define=_DUAL_HEADERS --define=CPU1 --diag_suppress=10063 --diag_warning=225 --diag_wrap=off --display_error_number --abi=coffabi --section_sizes=on --preproc_with_compile --preproc_dependency="src/F2837xD_SysCtrl.d_raw" --obj_directory="src"  "../src/F2837xD_SysCtrl.c"
FILE: src/F2837xD_SysCtrl.obj
CODE  size (bytes): 1353
 
"../src/F2837xD_SysCtrl.c", line 837 (col. 47): advice #2614-D: (Performance) Use --fp_mode=relaxed to enable TMU hardware support for FP division.
Finished building: "../src/F2837xD_SysCtrl.c"
 
Building file: "../src/Shared_Erase.c"
Invoking: C2000 Compiler
"/home/ismail/ti/ccs1271/ccs/tools/compiler/ti-cgt-c2000_22.6.1.LTS/bin/cl2000" -v28 -ml -mt --cla_support=cla1 --float_support=fpu32 --tmu_support=tmu0 --vcu_support=vcu2 -O4 --include_path="/home/ismail/IOT-CANBus/TI/Bootloader/Smallbootloader/src" --include_path="/home/ismail/IOT-CANBus/TI/Bootloader/Smallbootloader/assembly" --include_path="/home/ismail/IOT-CANBus/TI/Bootloader/Smallbootloader/linker" --include_path="/home/ismail/IOT-CANBus/TI/Bootloader/Smallbootloader/headers" --include_path="/home/ismail/ti/C2000Ware_5_02_00_00/device_support/f2837xd/common/include" --include_path="/home/ismail/ti/C2000Ware_5_02_00_00/device_support/f2837xd/headers/include" --include_path="/home/ismail/ti/C2000Ware_5_02_00_00/libraries/flash_api/f2837xd/include/Constants" --include_path="/home/ismail/ti/C2000Ware_5_02_00_00/libraries/flash_api/f2837xd/include" --include_path="/home/ismail/IOT-CANBus/TI/Bootloader/Smallbootloader" --include_path="/home/ismail/ti/ccs1271/ccs/tools/compiler/ti-cgt-c2000_22.6.1.LTS/include" --advice:performance=all --define=_STANDALONE --define=_FLASH --define=_LAUNCHXL_F28379D --define=DEBUG --define=_DUAL_HEADERS --define=CPU1 --diag_suppress=10063 --diag_warning=225 --diag_wrap=off --display_error_number --abi=coffabi --section_sizes=on --preproc_with_compile --preproc_dependency="src/Shared_Erase.d_raw" --obj_directory="src"  "../src/Shared_Erase.c"
FILE: src/Shared_Erase.obj
CODE  size (bytes): 87
CONST size (bytes): 42
 
Finished building: "../src/Shared_Erase.c"
 
Building file: "../src/SCI_GetFunction.c"
Invoking: C2000 Compiler
"/home/ismail/ti/ccs1271/ccs/tools/compiler/ti-cgt-c2000_22.6.1.LTS/bin/cl2000" -v28 -ml -mt --cla_support=cla1 --float_support=fpu32 --tmu_support=tmu0 --vcu_support=vcu2 -O4 --include_path="/home/ismail/IOT-CANBus/TI/Bootloader/Smallbootloader/src" --include_path="/home/ismail/IOT-CANBus/TI/Bootloader/Smallbootloader/assembly" --include_path="/home/ismail/IOT-CANBus/TI/Bootloader/Smallbootloader/linker" --include_path="/home/ismail/IOT-CANBus/TI/Bootloader/Smallbootloader/headers" --include_path="/home/ismail/ti/C2000Ware_5_02_00_00/device_support/f2837xd/common/include" --include_path="/home/ismail/ti/C2000Ware_5_02_00_00/device_support/f2837xd/headers/include" --include_path="/home/ismail/ti/C2000Ware_5_02_00_00/libraries/flash_api/f2837xd/include/Constants" --include_path="/home/ismail/ti/C2000Ware_5_02_00_00/libraries/flash_api/f2837xd/include" --include_path="/home/ismail/IOT-CANBus/TI/Bootloader/Smallbootloader" --include_path="/home/ismail/ti/ccs1271/ccs/tools/compiler/ti-cgt-c2000_22.6.1.LTS/include" --advice:performance=all --define=_STANDALONE --define=_FLASH --define=_LAUNCHXL_F28379D --define=DEBUG --define=_DUAL_HEADERS --define=CPU1 --diag_suppress=10063 --diag_warning=225 --diag_wrap=off --display_error_number --abi=coffabi --section_sizes=on --preproc_with_compile --preproc_dependency="src/SCI_GetFunction.d_raw" --obj_directory="src"  "../src/SCI_GetFunction.c"
FILE: src/SCI_GetFunction.obj
CODE  size (bytes): 583
DATA  size (bytes): 10
 
Finished building: "../src/SCI_GetFunction.c"
 
Building file: "../src/F2837xD_GlobalVariableDefs.c"
Invoking: C2000 Compiler
"/home/ismail/ti/ccs1271/ccs/tools/compiler/ti-cgt-c2000_22.6.1.LTS/bin/cl2000" -v28 -ml -mt --cla_support=cla1 --float_support=fpu32 --tmu_support=tmu0 --vcu_support=vcu2 -O4 --include_path="/home/ismail/IOT-CANBus/TI/Bootloader/Smallbootloader/src" --include_path="/home/ismail/IOT-CANBus/TI/Bootloader/Smallbootloader/assembly" --include_path="/home/ismail/IOT-CANBus/TI/Bootloader/Smallbootloader/linker" --include_path="/home/ismail/IOT-CANBus/TI/Bootloader/Smallbootloader/headers" --include_path="/home/ismail/ti/C2000Ware_5_02_00_00/device_support/f2837xd/common/include" --include_path="/home/ismail/ti/C2000Ware_5_02_00_00/device_support/f2837xd/headers/include" --include_path="/home/ismail/ti/C2000Ware_5_02_00_00/libraries/flash_api/f2837xd/include/Constants" --include_path="/home/ismail/ti/C2000Ware_5_02_00_00/libraries/flash_api/f2837xd/include" --include_path="/home/ismail/IOT-CANBus/TI/Bootloader/Smallbootloader" --include_path="/home/ismail/ti/ccs1271/ccs/tools/compiler/ti-cgt-c2000_22.6.1.LTS/include" --advice:performance=all --define=_STANDALONE --define=_FLASH --define=_LAUNCHXL_F28379D --define=DEBUG --define=_DUAL_HEADERS --define=CPU1 --diag_suppress=10063 --diag_warning=225 --diag_wrap=off --display_error_number --abi=coffabi --section_sizes=on --preproc_with_compile --preproc_dependency="src/F2837xD_GlobalVariableDefs.d_raw" --obj_directory="src"  "../src/F2837xD_GlobalVariableDefs.c"
FILE: src/F2837xD_GlobalVariableDefs.obj
DATA  size (bytes): 9870
 
Finished building: "../src/F2837xD_GlobalVariableDefs.c"
 
Building file: "../src/Shared_Boot.c"
Invoking: C2000 Compiler
"/home/ismail/ti/ccs1271/ccs/tools/compiler/ti-cgt-c2000_22.6.1.LTS/bin/cl2000" -v28 -ml -mt --cla_support=cla1 --float_support=fpu32 --tmu_support=tmu0 --vcu_support=vcu2 -O4 --include_path="/home/ismail/IOT-CANBus/TI/Bootloader/Smallbootloader/src" --include_path="/home/ismail/IOT-CANBus/TI/Bootloader/Smallbootloader/assembly" --include_path="/home/ismail/IOT-CANBus/TI/Bootloader/Smallbootloader/linker" --include_path="/home/ismail/IOT-CANBus/TI/Bootloader/Smallbootloader/headers" --include_path="/home/ismail/ti/C2000Ware_5_02_00_00/device_support/f2837xd/common/include" --include_path="/home/ismail/ti/C2000Ware_5_02_00_00/device_support/f2837xd/headers/include" --include_path="/home/ismail/ti/C2000Ware_5_02_00_00/libraries/flash_api/f2837xd/include/Constants" --include_path="/home/ismail/ti/C2000Ware_5_02_00_00/libraries/flash_api/f2837xd/include" --include_path="/home/ismail/IOT-CANBus/TI/Bootloader/Smallbootloader" --include_path="/home/ismail/ti/ccs1271/ccs/tools/compiler/ti-cgt-c2000_22.6.1.LTS/include" --advice:performance=all --define=_STANDALONE --define=_FLASH --define=_LAUNCHXL_F28379D --define=DEBUG --define=_DUAL_HEADERS --define=CPU1 --diag_suppress=10063 --diag_warning=225 --diag_wrap=off --display_error_number --abi=coffabi --section_sizes=on --preproc_with_compile --preproc_dependency="src/Shared_Boot.d_raw" --obj_directory="src"  "../src/Shared_Boot.c"
FILE: src/Shared_Boot.obj
CODE  size (bytes): 974
CONST size (bytes): 17
DATA  size (bytes): 16
 
Finished building: "../src/Shared_Boot.c"
 
Building file: "../src/Shared_Verify.c"
Invoking: C2000 Compiler
"/home/ismail/ti/ccs1271/ccs/tools/compiler/ti-cgt-c2000_22.6.1.LTS/bin/cl2000" -v28 -ml -mt --cla_support=cla1 --float_support=fpu32 --tmu_support=tmu0 --vcu_support=vcu2 -O4 --include_path="/home/ismail/IOT-CANBus/TI/Bootloader/Smallbootloader/src" --include_path="/home/ismail/IOT-CANBus/TI/Bootloader/Smallbootloader/assembly" --include_path="/home/ismail/IOT-CANBus/TI/Bootloader/Smallbootloader/linker" --include_path="/home/ismail/IOT-CANBus/TI/Bootloader/Smallbootloader/headers" --include_path="/home/ismail/ti/C2000Ware_5_02_00_00/device_support/f2837xd/common/include" --include_path="/home/ismail/ti/C2000Ware_5_02_00_00/device_support/f2837xd/headers/include" --include_path="/home/ismail/ti/C2000Ware_5_02_00_00/libraries/flash_api/f2837xd/include/Constants" --include_path="/home/ismail/ti/C2000Ware_5_02_00_00/libraries/flash_api/f2837xd/include" --include_path="/home/ismail/IOT-CANBus/TI/Bootloader/Smallbootloader" --include_path="/home/ismail/ti/ccs1271/ccs/tools/compiler/ti-cgt-c2000_22.6.1.LTS/include" --advice:performance=all --define=_STANDALONE --define=_FLASH --define=_LAUNCHXL_F28379D --define=DEBUG --define=_DUAL_HEADERS --define=CPU1 --diag_suppress=10063 --diag_warning=225 --diag_wrap=off --display_error_number --abi=coffabi --section_sizes=on --preproc_with_compile --preproc_dependency="src/Shared_Verify.d_raw" --obj_directory="src"  "../src/Shared_Verify.c"
FILE: src/Shared_Verify.obj
CODE  size (bytes): 359
 
Finished building: "../src/Shared_Verify.c"
 
Building file: "../src/main.c"
Invoking: C2000 Compiler
"/home/ismail/ti/ccs1271/ccs/tools/compiler/ti-cgt-c2000_22.6.1.LTS/bin/cl2000" -v28 -ml -mt --cla_support=cla1 --float_support=fpu32 --tmu_support=tmu0 --vcu_support=vcu2 -O4 --include_path="/home/ismail/IOT-CANBus/TI/Bootloader/Smallbootloader/src" --include_path="/home/ismail/IOT-CANBus/TI/Bootloader/Smallbootloader/assembly" --include_path="/home/ismail/IOT-CANBus/TI/Bootloader/Smallbootloader/linker" --include_path="/home/ismail/IOT-CANBus/TI/Bootloader/Smallbootloader/headers" --include_path="/home/ismail/ti/C2000Ware_5_02_00_00/device_support/f2837xd/common/include" --include_path="/home/ismail/ti/C2000Ware_5_02_00_00/device_support/f2837xd/headers/include" --include_path="/home/ismail/ti/C2000Ware_5_02_00_00/libraries/flash_api/f2837xd/include/Constants" --include_path="/home/ismail/ti/C2000Ware_5_02_00_00/libraries/flash_api/f2837xd/include" --include_path="/home/ismail/IOT-CANBus/TI/Bootloader/Smallbootloader" --include_path="/home/ismail/ti/ccs1271/ccs/tools/compiler/ti-cgt-c2000_22.6.1.LTS/include" --advice:performance=all --define=_STANDALONE --define=_FLASH --define=_LAUNCHXL_F28379D --define=DEBUG --define=_DUAL_HEADERS --define=CPU1 --diag_suppress=10063 --diag_warning=225 --diag_wrap=off --display_error_number --abi=coffabi --section_sizes=on --preproc_with_compile --preproc_dependency="src/main.d_raw" --obj_directory="src"  "../src/main.c"
FILE: src/main.obj
CODE  size (bytes): 68
 
Finished building: "../src/main.c"
 
Building target: "Smallbootloader.out"
Invoking: C2000 Linker
"/home/ismail/ti/ccs1271/ccs/tools/compiler/ti-cgt-c2000_22.6.1.LTS/bin/cl2000" -v28 -ml -mt --cla_support=cla1 --float_support=fpu32 --tmu_support=tmu0 --vcu_support=vcu2 -O4 --advice:performance=all --define=_STANDALONE --define=_FLASH --define=_LAUNCHXL_F28379D --define=DEBUG --define=_DUAL_HEADERS --define=CPU1 --diag_suppress=10063 --diag_warning=225 --diag_wrap=off --display_error_number --abi=coffabi --section_sizes=on -z -m"Smallbootloader.map" --stack_size=0x100 --warn_sections -i"/home/ismail/ti/C2000Ware_5_02_00_00/device_support/f2837xd/common/cmd" -i"/home/ismail/ti/C2000Ware_5_02_00_00/device_support/f2837xd/headers/cmd" -i"/home/ismail/ti/ccs1271/ccs/tools/compiler/ti-cgt-c2000_22.6.1.LTS/lib" -i"/home/ismail/ti/ccs1271/ccs/tools/compiler/ti-cgt-c2000_22.6.1.LTS/include" --reread_libs --diag_wrap=off --display_error_number --xml_link_info="Smallbootloader_linkInfo.xml" --entry_point=code_start --rom_model -o "Smallbootloader.out" "./assembly/F2837xD_usDelay.obj" "./assembly/fwupgradec1toc2_start.obj" "./src/F2837xD_DefaultISR.obj" "./src/F2837xD_GlobalVariableDefs.obj" "./src/F2837xD_Gpio.obj" "./src/F2837xD_SysCtrl.obj" "./src/Fapi_UserDefinedFunctions.obj" "./src/SCI_Boot.obj" "./src/SCI_GetFunction.obj" "./src/Shared_Boot.obj" "./src/Shared_Erase.obj" "./src/Shared_Verify.obj" "./src/main.obj" "/home/ismail/ti/C2000Ware_5_02_00_00/libraries/flash_api/f2837xd/lib/F021_API_F2837xD_FPU32.lib" "/home/ismail/ti/C2000Ware_5_02_00_00/libraries/boot_rom/f2837xd/rev0/rom_symbol_libs/c1_ROM_API/c1bootROM_BootROMSymbols_fpu32.lib" "../linker/2837xD_FLASH_lnk_cpu1.cmd" "../linker/F2837xD_Headers_nonBIOS_cpu1.cmd" "../linker/flash_programming_cpu1tocpu2_RAM.cmd"  -l"/home/ismail/ti/ccs1271/ccs/tools/compiler/ti-cgt-c2000_22.6.1.LTS/lib/rts2800_fpu32.lib" -llibc.a 
<Linking>
FILE: Smallbootloader.out
CODE  size (bytes): 7395
CONST size (bytes): 61
DATA  size (bytes): 10164
 
Finished building target: "Smallbootloader.out"
 

**** Build Finished ****

**** Build of configuration CPU1_FLASH for project Smallbootloader ****

/home/ismail/ti/ccs1271/ccs/utils/bin/gmake -k -j 4 all -O 
 
Building file: "../assembly/fwupgradec1toc2_start.asm"
Invoking: C2000 Compiler
"/home/ismail/ti/ccs1271/ccs/tools/compiler/ti-cgt-c2000_22.6.1.LTS/bin/cl2000" -v28 -ml -mt --cla_support=cla1 --float_support=fpu32 --tmu_support=tmu0 --vcu_support=vcu2 -O3 --include_path="/home/ismail/IOT-CANBus/TI/Bootloader/Smallbootloader/src" --include_path="/home/ismail/IOT-CANBus/TI/Bootloader/Smallbootloader/assembly" --include_path="/home/ismail/IOT-CANBus/TI/Bootloader/Smallbootloader/linker" --include_path="/home/ismail/IOT-CANBus/TI/Bootloader/Smallbootloader/headers" --include_path="/home/ismail/ti/C2000Ware_5_02_00_00/device_support/f2837xd/common/include" --include_path="/home/ismail/ti/C2000Ware_5_02_00_00/device_support/f2837xd/headers/include" --include_path="/home/ismail/ti/C2000Ware_5_02_00_00/libraries/flash_api/f2837xd/include/Constants" --include_path="/home/ismail/ti/C2000Ware_5_02_00_00/libraries/flash_api/f2837xd/include" --include_path="/home/ismail/IOT-CANBus/TI/Bootloader/Smallbootloader" --include_path="/home/ismail/ti/ccs1271/ccs/tools/compiler/ti-cgt-c2000_22.6.1.LTS/include" --advice:performance=all --define=_STANDALONE --define=_FLASH --define=_LAUNCHXL_F28379D --define=DEBUG --define=_DUAL_HEADERS --define=CPU1 --diag_suppress=10063 --diag_warning=225 --diag_wrap=off --display_error_number --abi=coffabi --section_sizes=on --preproc_with_compile --preproc_dependency="assembly/fwupgradec1toc2_start.d_raw" --obj_directory="assembly"  "../assembly/fwupgradec1toc2_start.asm"
Finished building: "../assembly/fwupgradec1toc2_start.asm"
 
Building file: "../assembly/F2837xD_usDelay.asm"
Invoking: C2000 Compiler
"/home/ismail/ti/ccs1271/ccs/tools/compiler/ti-cgt-c2000_22.6.1.LTS/bin/cl2000" -v28 -ml -mt --cla_support=cla1 --float_support=fpu32 --tmu_support=tmu0 --vcu_support=vcu2 -O3 --include_path="/home/ismail/IOT-CANBus/TI/Bootloader/Smallbootloader/src" --include_path="/home/ismail/IOT-CANBus/TI/Bootloader/Smallbootloader/assembly" --include_path="/home/ismail/IOT-CANBus/TI/Bootloader/Smallbootloader/linker" --include_path="/home/ismail/IOT-CANBus/TI/Bootloader/Smallbootloader/headers" --include_path="/home/ismail/ti/C2000Ware_5_02_00_00/device_support/f2837xd/common/include" --include_path="/home/ismail/ti/C2000Ware_5_02_00_00/device_support/f2837xd/headers/include" --include_path="/home/ismail/ti/C2000Ware_5_02_00_00/libraries/flash_api/f2837xd/include/Constants" --include_path="/home/ismail/ti/C2000Ware_5_02_00_00/libraries/flash_api/f2837xd/include" --include_path="/home/ismail/IOT-CANBus/TI/Bootloader/Smallbootloader" --include_path="/home/ismail/ti/ccs1271/ccs/tools/compiler/ti-cgt-c2000_22.6.1.LTS/include" --advice:performance=all --define=_STANDALONE --define=_FLASH --define=_LAUNCHXL_F28379D --define=DEBUG --define=_DUAL_HEADERS --define=CPU1 --diag_suppress=10063 --diag_warning=225 --diag_wrap=off --display_error_number --abi=coffabi --section_sizes=on --preproc_with_compile --preproc_dependency="assembly/F2837xD_usDelay.d_raw" --obj_directory="assembly"  "../assembly/F2837xD_usDelay.asm"
Finished building: "../assembly/F2837xD_usDelay.asm"
 
Building file: "../src/F2837xD_DefaultISR.c"
Invoking: C2000 Compiler
"/home/ismail/ti/ccs1271/ccs/tools/compiler/ti-cgt-c2000_22.6.1.LTS/bin/cl2000" -v28 -ml -mt --cla_support=cla1 --float_support=fpu32 --tmu_support=tmu0 --vcu_support=vcu2 -O3 --include_path="/home/ismail/IOT-CANBus/TI/Bootloader/Smallbootloader/src" --include_path="/home/ismail/IOT-CANBus/TI/Bootloader/Smallbootloader/assembly" --include_path="/home/ismail/IOT-CANBus/TI/Bootloader/Smallbootloader/linker" --include_path="/home/ismail/IOT-CANBus/TI/Bootloader/Smallbootloader/headers" --include_path="/home/ismail/ti/C2000Ware_5_02_00_00/device_support/f2837xd/common/include" --include_path="/home/ismail/ti/C2000Ware_5_02_00_00/device_support/f2837xd/headers/include" --include_path="/home/ismail/ti/C2000Ware_5_02_00_00/libraries/flash_api/f2837xd/include/Constants" --include_path="/home/ismail/ti/C2000Ware_5_02_00_00/libraries/flash_api/f2837xd/include" --include_path="/home/ismail/IOT-CANBus/TI/Bootloader/Smallbootloader" --include_path="/home/ismail/ti/ccs1271/ccs/tools/compiler/ti-cgt-c2000_22.6.1.LTS/include" --advice:performance=all --define=_STANDALONE --define=_FLASH --define=_LAUNCHXL_F28379D --define=DEBUG --define=_DUAL_HEADERS --define=CPU1 --diag_suppress=10063 --diag_warning=225 --diag_wrap=off --display_error_number --abi=coffabi --section_sizes=on --preproc_with_compile --preproc_dependency="src/F2837xD_DefaultISR.d_raw" --obj_directory="src"  "../src/F2837xD_DefaultISR.c"
FILE: src/F2837xD_DefaultISR.obj
CODE  size (bytes): 1413
 
Finished building: "../src/F2837xD_DefaultISR.c"
 
Building file: "../src/Fapi_UserDefinedFunctions.c"
Invoking: C2000 Compiler
"/home/ismail/ti/ccs1271/ccs/tools/compiler/ti-cgt-c2000_22.6.1.LTS/bin/cl2000" -v28 -ml -mt --cla_support=cla1 --float_support=fpu32 --tmu_support=tmu0 --vcu_support=vcu2 -O3 --include_path="/home/ismail/IOT-CANBus/TI/Bootloader/Smallbootloader/src" --include_path="/home/ismail/IOT-CANBus/TI/Bootloader/Smallbootloader/assembly" --include_path="/home/ismail/IOT-CANBus/TI/Bootloader/Smallbootloader/linker" --include_path="/home/ismail/IOT-CANBus/TI/Bootloader/Smallbootloader/headers" --include_path="/home/ismail/ti/C2000Ware_5_02_00_00/device_support/f2837xd/common/include" --include_path="/home/ismail/ti/C2000Ware_5_02_00_00/device_support/f2837xd/headers/include" --include_path="/home/ismail/ti/C2000Ware_5_02_00_00/libraries/flash_api/f2837xd/include/Constants" --include_path="/home/ismail/ti/C2000Ware_5_02_00_00/libraries/flash_api/f2837xd/include" --include_path="/home/ismail/IOT-CANBus/TI/Bootloader/Smallbootloader" --include_path="/home/ismail/ti/ccs1271/ccs/tools/compiler/ti-cgt-c2000_22.6.1.LTS/include" --advice:performance=all --define=_STANDALONE --define=_FLASH --define=_LAUNCHXL_F28379D --define=DEBUG --define=_DUAL_HEADERS --define=CPU1 --diag_suppress=10063 --diag_warning=225 --diag_wrap=off --display_error_number --abi=coffabi --section_sizes=on --preproc_with_compile --preproc_dependency="src/Fapi_UserDefinedFunctions.d_raw" --obj_directory="src"  "../src/Fapi_UserDefinedFunctions.c"
FILE: src/Fapi_UserDefinedFunctions.obj
CODE  size (bytes): 84
 
Finished building: "../src/Fapi_UserDefinedFunctions.c"
 
Building file: "../src/SCI_Boot.c"
Invoking: C2000 Compiler
"/home/ismail/ti/ccs1271/ccs/tools/compiler/ti-cgt-c2000_22.6.1.LTS/bin/cl2000" -v28 -ml -mt --cla_support=cla1 --float_support=fpu32 --tmu_support=tmu0 --vcu_support=vcu2 -O3 --include_path="/home/ismail/IOT-CANBus/TI/Bootloader/Smallbootloader/src" --include_path="/home/ismail/IOT-CANBus/TI/Bootloader/Smallbootloader/assembly" --include_path="/home/ismail/IOT-CANBus/TI/Bootloader/Smallbootloader/linker" --include_path="/home/ismail/IOT-CANBus/TI/Bootloader/Smallbootloader/headers" --include_path="/home/ismail/ti/C2000Ware_5_02_00_00/device_support/f2837xd/common/include" --include_path="/home/ismail/ti/C2000Ware_5_02_00_00/device_support/f2837xd/headers/include" --include_path="/home/ismail/ti/C2000Ware_5_02_00_00/libraries/flash_api/f2837xd/include/Constants" --include_path="/home/ismail/ti/C2000Ware_5_02_00_00/libraries/flash_api/f2837xd/include" --include_path="/home/ismail/IOT-CANBus/TI/Bootloader/Smallbootloader" --include_path="/home/ismail/ti/ccs1271/ccs/tools/compiler/ti-cgt-c2000_22.6.1.LTS/include" --advice:performance=all --define=_STANDALONE --define=_FLASH --define=_LAUNCHXL_F28379D --define=DEBUG --define=_DUAL_HEADERS --define=CPU1 --diag_suppress=10063 --diag_warning=225 --diag_wrap=off --display_error_number --abi=coffabi --section_sizes=on --preproc_with_compile --preproc_dependency="src/SCI_Boot.d_raw" --obj_directory="src"  "../src/SCI_Boot.c"
FILE: src/SCI_Boot.obj
CODE  size (bytes): 41
 
Finished building: "../src/SCI_Boot.c"
 
Building file: "../src/F2837xD_SysCtrl.c"
Invoking: C2000 Compiler
"/home/ismail/ti/ccs1271/ccs/tools/compiler/ti-cgt-c2000_22.6.1.LTS/bin/cl2000" -v28 -ml -mt --cla_support=cla1 --float_support=fpu32 --tmu_support=tmu0 --vcu_support=vcu2 -O3 --include_path="/home/ismail/IOT-CANBus/TI/Bootloader/Smallbootloader/src" --include_path="/home/ismail/IOT-CANBus/TI/Bootloader/Smallbootloader/assembly" --include_path="/home/ismail/IOT-CANBus/TI/Bootloader/Smallbootloader/linker" --include_path="/home/ismail/IOT-CANBus/TI/Bootloader/Smallbootloader/headers" --include_path="/home/ismail/ti/C2000Ware_5_02_00_00/device_support/f2837xd/common/include" --include_path="/home/ismail/ti/C2000Ware_5_02_00_00/device_support/f2837xd/headers/include" --include_path="/home/ismail/ti/C2000Ware_5_02_00_00/libraries/flash_api/f2837xd/include/Constants" --include_path="/home/ismail/ti/C2000Ware_5_02_00_00/libraries/flash_api/f2837xd/include" --include_path="/home/ismail/IOT-CANBus/TI/Bootloader/Smallbootloader" --include_path="/home/ismail/ti/ccs1271/ccs/tools/compiler/ti-cgt-c2000_22.6.1.LTS/include" --advice:performance=all --define=_STANDALONE --define=_FLASH --define=_LAUNCHXL_F28379D --define=DEBUG --define=_DUAL_HEADERS --define=CPU1 --diag_suppress=10063 --diag_warning=225 --diag_wrap=off --display_error_number --abi=coffabi --section_sizes=on --preproc_with_compile --preproc_dependency="src/F2837xD_SysCtrl.d_raw" --obj_directory="src"  "../src/F2837xD_SysCtrl.c"
FILE: src/F2837xD_SysCtrl.obj
CODE  size (bytes): 1353
 
"../src/F2837xD_SysCtrl.c", line 837 (col. 47): advice #2614-D: (Performance) Use --fp_mode=relaxed to enable TMU hardware support for FP division.
Finished building: "../src/F2837xD_SysCtrl.c"
 
Building file: "../src/F2837xD_GlobalVariableDefs.c"
Invoking: C2000 Compiler
"/home/ismail/ti/ccs1271/ccs/tools/compiler/ti-cgt-c2000_22.6.1.LTS/bin/cl2000" -v28 -ml -mt --cla_support=cla1 --float_support=fpu32 --tmu_support=tmu0 --vcu_support=vcu2 -O3 --include_path="/home/ismail/IOT-CANBus/TI/Bootloader/Smallbootloader/src" --include_path="/home/ismail/IOT-CANBus/TI/Bootloader/Smallbootloader/assembly" --include_path="/home/ismail/IOT-CANBus/TI/Bootloader/Smallbootloader/linker" --include_path="/home/ismail/IOT-CANBus/TI/Bootloader/Smallbootloader/headers" --include_path="/home/ismail/ti/C2000Ware_5_02_00_00/device_support/f2837xd/common/include" --include_path="/home/ismail/ti/C2000Ware_5_02_00_00/device_support/f2837xd/headers/include" --include_path="/home/ismail/ti/C2000Ware_5_02_00_00/libraries/flash_api/f2837xd/include/Constants" --include_path="/home/ismail/ti/C2000Ware_5_02_00_00/libraries/flash_api/f2837xd/include" --include_path="/home/ismail/IOT-CANBus/TI/Bootloader/Smallbootloader" --include_path="/home/ismail/ti/ccs1271/ccs/tools/compiler/ti-cgt-c2000_22.6.1.LTS/include" --advice:performance=all --define=_STANDALONE --define=_FLASH --define=_LAUNCHXL_F28379D --define=DEBUG --define=_DUAL_HEADERS --define=CPU1 --diag_suppress=10063 --diag_warning=225 --diag_wrap=off --display_error_number --abi=coffabi --section_sizes=on --preproc_with_compile --preproc_dependency="src/F2837xD_GlobalVariableDefs.d_raw" --obj_directory="src"  "../src/F2837xD_GlobalVariableDefs.c"
FILE: src/F2837xD_GlobalVariableDefs.obj
DATA  size (bytes): 9870
 
Finished building: "../src/F2837xD_GlobalVariableDefs.c"
 
Building file: "../src/Shared_Erase.c"
Invoking: C2000 Compiler
"/home/ismail/ti/ccs1271/ccs/tools/compiler/ti-cgt-c2000_22.6.1.LTS/bin/cl2000" -v28 -ml -mt --cla_support=cla1 --float_support=fpu32 --tmu_support=tmu0 --vcu_support=vcu2 -O3 --include_path="/home/ismail/IOT-CANBus/TI/Bootloader/Smallbootloader/src" --include_path="/home/ismail/IOT-CANBus/TI/Bootloader/Smallbootloader/assembly" --include_path="/home/ismail/IOT-CANBus/TI/Bootloader/Smallbootloader/linker" --include_path="/home/ismail/IOT-CANBus/TI/Bootloader/Smallbootloader/headers" --include_path="/home/ismail/ti/C2000Ware_5_02_00_00/device_support/f2837xd/common/include" --include_path="/home/ismail/ti/C2000Ware_5_02_00_00/device_support/f2837xd/headers/include" --include_path="/home/ismail/ti/C2000Ware_5_02_00_00/libraries/flash_api/f2837xd/include/Constants" --include_path="/home/ismail/ti/C2000Ware_5_02_00_00/libraries/flash_api/f2837xd/include" --include_path="/home/ismail/IOT-CANBus/TI/Bootloader/Smallbootloader" --include_path="/home/ismail/ti/ccs1271/ccs/tools/compiler/ti-cgt-c2000_22.6.1.LTS/include" --advice:performance=all --define=_STANDALONE --define=_FLASH --define=_LAUNCHXL_F28379D --define=DEBUG --define=_DUAL_HEADERS --define=CPU1 --diag_suppress=10063 --diag_warning=225 --diag_wrap=off --display_error_number --abi=coffabi --section_sizes=on --preproc_with_compile --preproc_dependency="src/Shared_Erase.d_raw" --obj_directory="src"  "../src/Shared_Erase.c"
FILE: src/Shared_Erase.obj
CODE  size (bytes): 87
CONST size (bytes): 42
 
Finished building: "../src/Shared_Erase.c"
 
Building file: "../src/F2837xD_Gpio.c"
Invoking: C2000 Compiler
"/home/ismail/ti/ccs1271/ccs/tools/compiler/ti-cgt-c2000_22.6.1.LTS/bin/cl2000" -v28 -ml -mt --cla_support=cla1 --float_support=fpu32 --tmu_support=tmu0 --vcu_support=vcu2 -O3 --include_path="/home/ismail/IOT-CANBus/TI/Bootloader/Smallbootloader/src" --include_path="/home/ismail/IOT-CANBus/TI/Bootloader/Smallbootloader/assembly" --include_path="/home/ismail/IOT-CANBus/TI/Bootloader/Smallbootloader/linker" --include_path="/home/ismail/IOT-CANBus/TI/Bootloader/Smallbootloader/headers" --include_path="/home/ismail/ti/C2000Ware_5_02_00_00/device_support/f2837xd/common/include" --include_path="/home/ismail/ti/C2000Ware_5_02_00_00/device_support/f2837xd/headers/include" --include_path="/home/ismail/ti/C2000Ware_5_02_00_00/libraries/flash_api/f2837xd/include/Constants" --include_path="/home/ismail/ti/C2000Ware_5_02_00_00/libraries/flash_api/f2837xd/include" --include_path="/home/ismail/IOT-CANBus/TI/Bootloader/Smallbootloader" --include_path="/home/ismail/ti/ccs1271/ccs/tools/compiler/ti-cgt-c2000_22.6.1.LTS/include" --advice:performance=all --define=_STANDALONE --define=_FLASH --define=_LAUNCHXL_F28379D --define=DEBUG --define=_DUAL_HEADERS --define=CPU1 --diag_suppress=10063 --diag_warning=225 --diag_wrap=off --display_error_number --abi=coffabi --section_sizes=on --preproc_with_compile --preproc_dependency="src/F2837xD_Gpio.d_raw" --obj_directory="src"  "../src/F2837xD_Gpio.c"
FILE: src/F2837xD_Gpio.obj
CODE  size (bytes): 458
 
Finished building: "../src/F2837xD_Gpio.c"
 
Building file: "../src/SCI_GetFunction.c"
Invoking: C2000 Compiler
"/home/ismail/ti/ccs1271/ccs/tools/compiler/ti-cgt-c2000_22.6.1.LTS/bin/cl2000" -v28 -ml -mt --cla_support=cla1 --float_support=fpu32 --tmu_support=tmu0 --vcu_support=vcu2 -O3 --include_path="/home/ismail/IOT-CANBus/TI/Bootloader/Smallbootloader/src" --include_path="/home/ismail/IOT-CANBus/TI/Bootloader/Smallbootloader/assembly" --include_path="/home/ismail/IOT-CANBus/TI/Bootloader/Smallbootloader/linker" --include_path="/home/ismail/IOT-CANBus/TI/Bootloader/Smallbootloader/headers" --include_path="/home/ismail/ti/C2000Ware_5_02_00_00/device_support/f2837xd/common/include" --include_path="/home/ismail/ti/C2000Ware_5_02_00_00/device_support/f2837xd/headers/include" --include_path="/home/ismail/ti/C2000Ware_5_02_00_00/libraries/flash_api/f2837xd/include/Constants" --include_path="/home/ismail/ti/C2000Ware_5_02_00_00/libraries/flash_api/f2837xd/include" --include_path="/home/ismail/IOT-CANBus/TI/Bootloader/Smallbootloader" --include_path="/home/ismail/ti/ccs1271/ccs/tools/compiler/ti-cgt-c2000_22.6.1.LTS/include" --advice:performance=all --define=_STANDALONE --define=_FLASH --define=_LAUNCHXL_F28379D --define=DEBUG --define=_DUAL_HEADERS --define=CPU1 --diag_suppress=10063 --diag_warning=225 --diag_wrap=off --display_error_number --abi=coffabi --section_sizes=on --preproc_with_compile --preproc_dependency="src/SCI_GetFunction.d_raw" --obj_directory="src"  "../src/SCI_GetFunction.c"
FILE: src/SCI_GetFunction.obj
CODE  size (bytes): 583
DATA  size (bytes): 10
 
Finished building: "../src/SCI_GetFunction.c"
 
Building file: "../src/Shared_Verify.c"
Invoking: C2000 Compiler
"/home/ismail/ti/ccs1271/ccs/tools/compiler/ti-cgt-c2000_22.6.1.LTS/bin/cl2000" -v28 -ml -mt --cla_support=cla1 --float_support=fpu32 --tmu_support=tmu0 --vcu_support=vcu2 -O3 --include_path="/home/ismail/IOT-CANBus/TI/Bootloader/Smallbootloader/src" --include_path="/home/ismail/IOT-CANBus/TI/Bootloader/Smallbootloader/assembly" --include_path="/home/ismail/IOT-CANBus/TI/Bootloader/Smallbootloader/linker" --include_path="/home/ismail/IOT-CANBus/TI/Bootloader/Smallbootloader/headers" --include_path="/home/ismail/ti/C2000Ware_5_02_00_00/device_support/f2837xd/common/include" --include_path="/home/ismail/ti/C2000Ware_5_02_00_00/device_support/f2837xd/headers/include" --include_path="/home/ismail/ti/C2000Ware_5_02_00_00/libraries/flash_api/f2837xd/include/Constants" --include_path="/home/ismail/ti/C2000Ware_5_02_00_00/libraries/flash_api/f2837xd/include" --include_path="/home/ismail/IOT-CANBus/TI/Bootloader/Smallbootloader" --include_path="/home/ismail/ti/ccs1271/ccs/tools/compiler/ti-cgt-c2000_22.6.1.LTS/include" --advice:performance=all --define=_STANDALONE --define=_FLASH --define=_LAUNCHXL_F28379D --define=DEBUG --define=_DUAL_HEADERS --define=CPU1 --diag_suppress=10063 --diag_warning=225 --diag_wrap=off --display_error_number --abi=coffabi --section_sizes=on --preproc_with_compile --preproc_dependency="src/Shared_Verify.d_raw" --obj_directory="src"  "../src/Shared_Verify.c"
FILE: src/Shared_Verify.obj
CODE  size (bytes): 359
 
Finished building: "../src/Shared_Verify.c"
 
Building file: "../src/main.c"
Invoking: C2000 Compiler
"/home/ismail/ti/ccs1271/ccs/tools/compiler/ti-cgt-c2000_22.6.1.LTS/bin/cl2000" -v28 -ml -mt --cla_support=cla1 --float_support=fpu32 --tmu_support=tmu0 --vcu_support=vcu2 -O3 --include_path="/home/ismail/IOT-CANBus/TI/Bootloader/Smallbootloader/src" --include_path="/home/ismail/IOT-CANBus/TI/Bootloader/Smallbootloader/assembly" --include_path="/home/ismail/IOT-CANBus/TI/Bootloader/Smallbootloader/linker" --include_path="/home/ismail/IOT-CANBus/TI/Bootloader/Smallbootloader/headers" --include_path="/home/ismail/ti/C2000Ware_5_02_00_00/device_support/f2837xd/common/include" --include_path="/home/ismail/ti/C2000Ware_5_02_00_00/device_support/f2837xd/headers/include" --include_path="/home/ismail/ti/C2000Ware_5_02_00_00/libraries/flash_api/f2837xd/include/Constants" --include_path="/home/ismail/ti/C2000Ware_5_02_00_00/libraries/flash_api/f2837xd/include" --include_path="/home/ismail/IOT-CANBus/TI/Bootloader/Smallbootloader" --include_path="/home/ismail/ti/ccs1271/ccs/tools/compiler/ti-cgt-c2000_22.6.1.LTS/include" --advice:performance=all --define=_STANDALONE --define=_FLASH --define=_LAUNCHXL_F28379D --define=DEBUG --define=_DUAL_HEADERS --define=CPU1 --diag_suppress=10063 --diag_warning=225 --diag_wrap=off --display_error_number --abi=coffabi --section_sizes=on --preproc_with_compile --preproc_dependency="src/main.d_raw" --obj_directory="src"  "../src/main.c"
FILE: src/main.obj
CODE  size (bytes): 68
 
Finished building: "../src/main.c"
 
Building file: "../src/Shared_Boot.c"
Invoking: C2000 Compiler
"/home/ismail/ti/ccs1271/ccs/tools/compiler/ti-cgt-c2000_22.6.1.LTS/bin/cl2000" -v28 -ml -mt --cla_support=cla1 --float_support=fpu32 --tmu_support=tmu0 --vcu_support=vcu2 -O3 --include_path="/home/ismail/IOT-CANBus/TI/Bootloader/Smallbootloader/src" --include_path="/home/ismail/IOT-CANBus/TI/Bootloader/Smallbootloader/assembly" --include_path="/home/ismail/IOT-CANBus/TI/Bootloader/Smallbootloader/linker" --include_path="/home/ismail/IOT-CANBus/TI/Bootloader/Smallbootloader/headers" --include_path="/home/ismail/ti/C2000Ware_5_02_00_00/device_support/f2837xd/common/include" --include_path="/home/ismail/ti/C2000Ware_5_02_00_00/device_support/f2837xd/headers/include" --include_path="/home/ismail/ti/C2000Ware_5_02_00_00/libraries/flash_api/f2837xd/include/Constants" --include_path="/home/ismail/ti/C2000Ware_5_02_00_00/libraries/flash_api/f2837xd/include" --include_path="/home/ismail/IOT-CANBus/TI/Bootloader/Smallbootloader" --include_path="/home/ismail/ti/ccs1271/ccs/tools/compiler/ti-cgt-c2000_22.6.1.LTS/include" --advice:performance=all --define=_STANDALONE --define=_FLASH --define=_LAUNCHXL_F28379D --define=DEBUG --define=_DUAL_HEADERS --define=CPU1 --diag_suppress=10063 --diag_warning=225 --diag_wrap=off --display_error_number --abi=coffabi --section_sizes=on --preproc_with_compile --preproc_dependency="src/Shared_Boot.d_raw" --obj_directory="src"  "../src/Shared_Boot.c"
FILE: src/Shared_Boot.obj
CODE  size (bytes): 974
CONST size (bytes): 17
DATA  size (bytes): 16
 
Finished building: "../src/Shared_Boot.c"
 
Building target: "Smallbootloader.out"
Invoking: C2000 Linker
"/home/ismail/ti/ccs1271/ccs/tools/compiler/ti-cgt-c2000_22.6.1.LTS/bin/cl2000" -v28 -ml -mt --cla_support=cla1 --float_support=fpu32 --tmu_support=tmu0 --vcu_support=vcu2 -O3 --advice:performance=all --define=_STANDALONE --define=_FLASH --define=_LAUNCHXL_F28379D --define=DEBUG --define=_DUAL_HEADERS --define=CPU1 --diag_suppress=10063 --diag_warning=225 --diag_wrap=off --display_error_number --abi=coffabi --section_sizes=on -z -m"Smallbootloader.map" --stack_size=0x100 --warn_sections -i"/home/ismail/ti/C2000Ware_5_02_00_00/device_support/f2837xd/common/cmd" -i"/home/ismail/ti/C2000Ware_5_02_00_00/device_support/f2837xd/headers/cmd" -i"/home/ismail/ti/ccs1271/ccs/tools/compiler/ti-cgt-c2000_22.6.1.LTS/lib" -i"/home/ismail/ti/ccs1271/ccs/tools/compiler/ti-cgt-c2000_22.6.1.LTS/include" --reread_libs --diag_wrap=off --display_error_number --xml_link_info="Smallbootloader_linkInfo.xml" --entry_point=code_start --rom_model -o "Smallbootloader.out" "./assembly/F2837xD_usDelay.obj" "./assembly/fwupgradec1toc2_start.obj" "./src/F2837xD_DefaultISR.obj" "./src/F2837xD_GlobalVariableDefs.obj" "./src/F2837xD_Gpio.obj" "./src/F2837xD_SysCtrl.obj" "./src/Fapi_UserDefinedFunctions.obj" "./src/SCI_Boot.obj" "./src/SCI_GetFunction.obj" "./src/Shared_Boot.obj" "./src/Shared_Erase.obj" "./src/Shared_Verify.obj" "./src/main.obj" "/home/ismail/ti/C2000Ware_5_02_00_00/libraries/flash_api/f2837xd/lib/F021_API_F2837xD_FPU32.lib" "/home/ismail/ti/C2000Ware_5_02_00_00/libraries/boot_rom/f2837xd/rev0/rom_symbol_libs/c1_ROM_API/c1bootROM_BootROMSymbols_fpu32.lib" "../linker/2837xD_FLASH_lnk_cpu1.cmd" "../linker/F2837xD_Headers_nonBIOS_cpu1.cmd" "../linker/flash_programming_cpu1tocpu2_RAM.cmd"  -l"/home/ismail/ti/ccs1271/ccs/tools/compiler/ti-cgt-c2000_22.6.1.LTS/lib/rts2800_fpu32.lib" -llibc.a 
<Linking>
FILE: Smallbootloader.out
CODE  size (bytes): 7395
CONST size (bytes): 61
DATA  size (bytes): 10164
 
Finished building target: "Smallbootloader.out"
 

**** Build Finished ****

**** Build of configuration CPU1_FLASH for project Smallbootloader ****

/home/ismail/ti/ccs1271/ccs/utils/bin/gmake -k -j 4 all -O 
 
Building file: "../assembly/fwupgradec1toc2_start.asm"
Invoking: C2000 Compiler
"/home/ismail/ti/ccs1271/ccs/tools/compiler/ti-cgt-c2000_22.6.1.LTS/bin/cl2000" -v28 -ml -mt --cla_support=cla1 --float_support=fpu32 --tmu_support=tmu0 --vcu_support=vcu2 -O2 --include_path="/home/ismail/IOT-CANBus/TI/Bootloader/Smallbootloader/src" --include_path="/home/ismail/IOT-CANBus/TI/Bootloader/Smallbootloader/assembly" --include_path="/home/ismail/IOT-CANBus/TI/Bootloader/Smallbootloader/linker" --include_path="/home/ismail/IOT-CANBus/TI/Bootloader/Smallbootloader/headers" --include_path="/home/ismail/ti/C2000Ware_5_02_00_00/device_support/f2837xd/common/include" --include_path="/home/ismail/ti/C2000Ware_5_02_00_00/device_support/f2837xd/headers/include" --include_path="/home/ismail/ti/C2000Ware_5_02_00_00/libraries/flash_api/f2837xd/include/Constants" --include_path="/home/ismail/ti/C2000Ware_5_02_00_00/libraries/flash_api/f2837xd/include" --include_path="/home/ismail/IOT-CANBus/TI/Bootloader/Smallbootloader" --include_path="/home/ismail/ti/ccs1271/ccs/tools/compiler/ti-cgt-c2000_22.6.1.LTS/include" --advice:performance=all --define=_STANDALONE --define=_FLASH --define=_LAUNCHXL_F28379D --define=DEBUG --define=_DUAL_HEADERS --define=CPU1 --diag_suppress=10063 --diag_warning=225 --diag_wrap=off --display_error_number --abi=coffabi --section_sizes=on --preproc_with_compile --preproc_dependency="assembly/fwupgradec1toc2_start.d_raw" --obj_directory="assembly"  "../assembly/fwupgradec1toc2_start.asm"
Finished building: "../assembly/fwupgradec1toc2_start.asm"
 
Building file: "../assembly/F2837xD_usDelay.asm"
Invoking: C2000 Compiler
"/home/ismail/ti/ccs1271/ccs/tools/compiler/ti-cgt-c2000_22.6.1.LTS/bin/cl2000" -v28 -ml -mt --cla_support=cla1 --float_support=fpu32 --tmu_support=tmu0 --vcu_support=vcu2 -O2 --include_path="/home/ismail/IOT-CANBus/TI/Bootloader/Smallbootloader/src" --include_path="/home/ismail/IOT-CANBus/TI/Bootloader/Smallbootloader/assembly" --include_path="/home/ismail/IOT-CANBus/TI/Bootloader/Smallbootloader/linker" --include_path="/home/ismail/IOT-CANBus/TI/Bootloader/Smallbootloader/headers" --include_path="/home/ismail/ti/C2000Ware_5_02_00_00/device_support/f2837xd/common/include" --include_path="/home/ismail/ti/C2000Ware_5_02_00_00/device_support/f2837xd/headers/include" --include_path="/home/ismail/ti/C2000Ware_5_02_00_00/libraries/flash_api/f2837xd/include/Constants" --include_path="/home/ismail/ti/C2000Ware_5_02_00_00/libraries/flash_api/f2837xd/include" --include_path="/home/ismail/IOT-CANBus/TI/Bootloader/Smallbootloader" --include_path="/home/ismail/ti/ccs1271/ccs/tools/compiler/ti-cgt-c2000_22.6.1.LTS/include" --advice:performance=all --define=_STANDALONE --define=_FLASH --define=_LAUNCHXL_F28379D --define=DEBUG --define=_DUAL_HEADERS --define=CPU1 --diag_suppress=10063 --diag_warning=225 --diag_wrap=off --display_error_number --abi=coffabi --section_sizes=on --preproc_with_compile --preproc_dependency="assembly/F2837xD_usDelay.d_raw" --obj_directory="assembly"  "../assembly/F2837xD_usDelay.asm"
Finished building: "../assembly/F2837xD_usDelay.asm"
 
Building file: "../src/F2837xD_DefaultISR.c"
Invoking: C2000 Compiler
"/home/ismail/ti/ccs1271/ccs/tools/compiler/ti-cgt-c2000_22.6.1.LTS/bin/cl2000" -v28 -ml -mt --cla_support=cla1 --float_support=fpu32 --tmu_support=tmu0 --vcu_support=vcu2 -O2 --include_path="/home/ismail/IOT-CANBus/TI/Bootloader/Smallbootloader/src" --include_path="/home/ismail/IOT-CANBus/TI/Bootloader/Smallbootloader/assembly" --include_path="/home/ismail/IOT-CANBus/TI/Bootloader/Smallbootloader/linker" --include_path="/home/ismail/IOT-CANBus/TI/Bootloader/Smallbootloader/headers" --include_path="/home/ismail/ti/C2000Ware_5_02_00_00/device_support/f2837xd/common/include" --include_path="/home/ismail/ti/C2000Ware_5_02_00_00/device_support/f2837xd/headers/include" --include_path="/home/ismail/ti/C2000Ware_5_02_00_00/libraries/flash_api/f2837xd/include/Constants" --include_path="/home/ismail/ti/C2000Ware_5_02_00_00/libraries/flash_api/f2837xd/include" --include_path="/home/ismail/IOT-CANBus/TI/Bootloader/Smallbootloader" --include_path="/home/ismail/ti/ccs1271/ccs/tools/compiler/ti-cgt-c2000_22.6.1.LTS/include" --advice:performance=all --define=_STANDALONE --define=_FLASH --define=_LAUNCHXL_F28379D --define=DEBUG --define=_DUAL_HEADERS --define=CPU1 --diag_suppress=10063 --diag_warning=225 --diag_wrap=off --display_error_number --abi=coffabi --section_sizes=on --preproc_with_compile --preproc_dependency="src/F2837xD_DefaultISR.d_raw" --obj_directory="src"  "../src/F2837xD_DefaultISR.c"
FILE: src/F2837xD_DefaultISR.obj
CODE  size (bytes): 1413
 
Finished building: "../src/F2837xD_DefaultISR.c"
 
Building file: "../src/F2837xD_Gpio.c"
Invoking: C2000 Compiler
"/home/ismail/ti/ccs1271/ccs/tools/compiler/ti-cgt-c2000_22.6.1.LTS/bin/cl2000" -v28 -ml -mt --cla_support=cla1 --float_support=fpu32 --tmu_support=tmu0 --vcu_support=vcu2 -O2 --include_path="/home/ismail/IOT-CANBus/TI/Bootloader/Smallbootloader/src" --include_path="/home/ismail/IOT-CANBus/TI/Bootloader/Smallbootloader/assembly" --include_path="/home/ismail/IOT-CANBus/TI/Bootloader/Smallbootloader/linker" --include_path="/home/ismail/IOT-CANBus/TI/Bootloader/Smallbootloader/headers" --include_path="/home/ismail/ti/C2000Ware_5_02_00_00/device_support/f2837xd/common/include" --include_path="/home/ismail/ti/C2000Ware_5_02_00_00/device_support/f2837xd/headers/include" --include_path="/home/ismail/ti/C2000Ware_5_02_00_00/libraries/flash_api/f2837xd/include/Constants" --include_path="/home/ismail/ti/C2000Ware_5_02_00_00/libraries/flash_api/f2837xd/include" --include_path="/home/ismail/IOT-CANBus/TI/Bootloader/Smallbootloader" --include_path="/home/ismail/ti/ccs1271/ccs/tools/compiler/ti-cgt-c2000_22.6.1.LTS/include" --advice:performance=all --define=_STANDALONE --define=_FLASH --define=_LAUNCHXL_F28379D --define=DEBUG --define=_DUAL_HEADERS --define=CPU1 --diag_suppress=10063 --diag_warning=225 --diag_wrap=off --display_error_number --abi=coffabi --section_sizes=on --preproc_with_compile --preproc_dependency="src/F2837xD_Gpio.d_raw" --obj_directory="src"  "../src/F2837xD_Gpio.c"
FILE: src/F2837xD_Gpio.obj
CODE  size (bytes): 458
 
Finished building: "../src/F2837xD_Gpio.c"
 
Building file: "../src/Fapi_UserDefinedFunctions.c"
Invoking: C2000 Compiler
"/home/ismail/ti/ccs1271/ccs/tools/compiler/ti-cgt-c2000_22.6.1.LTS/bin/cl2000" -v28 -ml -mt --cla_support=cla1 --float_support=fpu32 --tmu_support=tmu0 --vcu_support=vcu2 -O2 --include_path="/home/ismail/IOT-CANBus/TI/Bootloader/Smallbootloader/src" --include_path="/home/ismail/IOT-CANBus/TI/Bootloader/Smallbootloader/assembly" --include_path="/home/ismail/IOT-CANBus/TI/Bootloader/Smallbootloader/linker" --include_path="/home/ismail/IOT-CANBus/TI/Bootloader/Smallbootloader/headers" --include_path="/home/ismail/ti/C2000Ware_5_02_00_00/device_support/f2837xd/common/include" --include_path="/home/ismail/ti/C2000Ware_5_02_00_00/device_support/f2837xd/headers/include" --include_path="/home/ismail/ti/C2000Ware_5_02_00_00/libraries/flash_api/f2837xd/include/Constants" --include_path="/home/ismail/ti/C2000Ware_5_02_00_00/libraries/flash_api/f2837xd/include" --include_path="/home/ismail/IOT-CANBus/TI/Bootloader/Smallbootloader" --include_path="/home/ismail/ti/ccs1271/ccs/tools/compiler/ti-cgt-c2000_22.6.1.LTS/include" --advice:performance=all --define=_STANDALONE --define=_FLASH --define=_LAUNCHXL_F28379D --define=DEBUG --define=_DUAL_HEADERS --define=CPU1 --diag_suppress=10063 --diag_warning=225 --diag_wrap=off --display_error_number --abi=coffabi --section_sizes=on --preproc_with_compile --preproc_dependency="src/Fapi_UserDefinedFunctions.d_raw" --obj_directory="src"  "../src/Fapi_UserDefinedFunctions.c"
FILE: src/Fapi_UserDefinedFunctions.obj
CODE  size (bytes): 84
 
Finished building: "../src/Fapi_UserDefinedFunctions.c"
 
Building file: "../src/SCI_Boot.c"
Invoking: C2000 Compiler
"/home/ismail/ti/ccs1271/ccs/tools/compiler/ti-cgt-c2000_22.6.1.LTS/bin/cl2000" -v28 -ml -mt --cla_support=cla1 --float_support=fpu32 --tmu_support=tmu0 --vcu_support=vcu2 -O2 --include_path="/home/ismail/IOT-CANBus/TI/Bootloader/Smallbootloader/src" --include_path="/home/ismail/IOT-CANBus/TI/Bootloader/Smallbootloader/assembly" --include_path="/home/ismail/IOT-CANBus/TI/Bootloader/Smallbootloader/linker" --include_path="/home/ismail/IOT-CANBus/TI/Bootloader/Smallbootloader/headers" --include_path="/home/ismail/ti/C2000Ware_5_02_00_00/device_support/f2837xd/common/include" --include_path="/home/ismail/ti/C2000Ware_5_02_00_00/device_support/f2837xd/headers/include" --include_path="/home/ismail/ti/C2000Ware_5_02_00_00/libraries/flash_api/f2837xd/include/Constants" --include_path="/home/ismail/ti/C2000Ware_5_02_00_00/libraries/flash_api/f2837xd/include" --include_path="/home/ismail/IOT-CANBus/TI/Bootloader/Smallbootloader" --include_path="/home/ismail/ti/ccs1271/ccs/tools/compiler/ti-cgt-c2000_22.6.1.LTS/include" --advice:performance=all --define=_STANDALONE --define=_FLASH --define=_LAUNCHXL_F28379D --define=DEBUG --define=_DUAL_HEADERS --define=CPU1 --diag_suppress=10063 --diag_warning=225 --diag_wrap=off --display_error_number --abi=coffabi --section_sizes=on --preproc_with_compile --preproc_dependency="src/SCI_Boot.d_raw" --obj_directory="src"  "../src/SCI_Boot.c"
FILE: src/SCI_Boot.obj
CODE  size (bytes): 41
 
Finished building: "../src/SCI_Boot.c"
 
Building file: "../src/F2837xD_SysCtrl.c"
Invoking: C2000 Compiler
"/home/ismail/ti/ccs1271/ccs/tools/compiler/ti-cgt-c2000_22.6.1.LTS/bin/cl2000" -v28 -ml -mt --cla_support=cla1 --float_support=fpu32 --tmu_support=tmu0 --vcu_support=vcu2 -O2 --include_path="/home/ismail/IOT-CANBus/TI/Bootloader/Smallbootloader/src" --include_path="/home/ismail/IOT-CANBus/TI/Bootloader/Smallbootloader/assembly" --include_path="/home/ismail/IOT-CANBus/TI/Bootloader/Smallbootloader/linker" --include_path="/home/ismail/IOT-CANBus/TI/Bootloader/Smallbootloader/headers" --include_path="/home/ismail/ti/C2000Ware_5_02_00_00/device_support/f2837xd/common/include" --include_path="/home/ismail/ti/C2000Ware_5_02_00_00/device_support/f2837xd/headers/include" --include_path="/home/ismail/ti/C2000Ware_5_02_00_00/libraries/flash_api/f2837xd/include/Constants" --include_path="/home/ismail/ti/C2000Ware_5_02_00_00/libraries/flash_api/f2837xd/include" --include_path="/home/ismail/IOT-CANBus/TI/Bootloader/Smallbootloader" --include_path="/home/ismail/ti/ccs1271/ccs/tools/compiler/ti-cgt-c2000_22.6.1.LTS/include" --advice:performance=all --define=_STANDALONE --define=_FLASH --define=_LAUNCHXL_F28379D --define=DEBUG --define=_DUAL_HEADERS --define=CPU1 --diag_suppress=10063 --diag_warning=225 --diag_wrap=off --display_error_number --abi=coffabi --section_sizes=on --preproc_with_compile --preproc_dependency="src/F2837xD_SysCtrl.d_raw" --obj_directory="src"  "../src/F2837xD_SysCtrl.c"
FILE: src/F2837xD_SysCtrl.obj
CODE  size (bytes): 1353
 
"../src/F2837xD_SysCtrl.c", line 837 (col. 47): advice #2614-D: (Performance) Use --fp_mode=relaxed to enable TMU hardware support for FP division.
Finished building: "../src/F2837xD_SysCtrl.c"
 
Building file: "../src/Shared_Erase.c"
Invoking: C2000 Compiler
"/home/ismail/ti/ccs1271/ccs/tools/compiler/ti-cgt-c2000_22.6.1.LTS/bin/cl2000" -v28 -ml -mt --cla_support=cla1 --float_support=fpu32 --tmu_support=tmu0 --vcu_support=vcu2 -O2 --include_path="/home/ismail/IOT-CANBus/TI/Bootloader/Smallbootloader/src" --include_path="/home/ismail/IOT-CANBus/TI/Bootloader/Smallbootloader/assembly" --include_path="/home/ismail/IOT-CANBus/TI/Bootloader/Smallbootloader/linker" --include_path="/home/ismail/IOT-CANBus/TI/Bootloader/Smallbootloader/headers" --include_path="/home/ismail/ti/C2000Ware_5_02_00_00/device_support/f2837xd/common/include" --include_path="/home/ismail/ti/C2000Ware_5_02_00_00/device_support/f2837xd/headers/include" --include_path="/home/ismail/ti/C2000Ware_5_02_00_00/libraries/flash_api/f2837xd/include/Constants" --include_path="/home/ismail/ti/C2000Ware_5_02_00_00/libraries/flash_api/f2837xd/include" --include_path="/home/ismail/IOT-CANBus/TI/Bootloader/Smallbootloader" --include_path="/home/ismail/ti/ccs1271/ccs/tools/compiler/ti-cgt-c2000_22.6.1.LTS/include" --advice:performance=all --define=_STANDALONE --define=_FLASH --define=_LAUNCHXL_F28379D --define=DEBUG --define=_DUAL_HEADERS --define=CPU1 --diag_suppress=10063 --diag_warning=225 --diag_wrap=off --display_error_number --abi=coffabi --section_sizes=on --preproc_with_compile --preproc_dependency="src/Shared_Erase.d_raw" --obj_directory="src"  "../src/Shared_Erase.c"
FILE: src/Shared_Erase.obj
CODE  size (bytes): 87
CONST size (bytes): 42
 
Finished building: "../src/Shared_Erase.c"
 
Building file: "../src/Shared_Boot.c"
Invoking: C2000 Compiler
"/home/ismail/ti/ccs1271/ccs/tools/compiler/ti-cgt-c2000_22.6.1.LTS/bin/cl2000" -v28 -ml -mt --cla_support=cla1 --float_support=fpu32 --tmu_support=tmu0 --vcu_support=vcu2 -O2 --include_path="/home/ismail/IOT-CANBus/TI/Bootloader/Smallbootloader/src" --include_path="/home/ismail/IOT-CANBus/TI/Bootloader/Smallbootloader/assembly" --include_path="/home/ismail/IOT-CANBus/TI/Bootloader/Smallbootloader/linker" --include_path="/home/ismail/IOT-CANBus/TI/Bootloader/Smallbootloader/headers" --include_path="/home/ismail/ti/C2000Ware_5_02_00_00/device_support/f2837xd/common/include" --include_path="/home/ismail/ti/C2000Ware_5_02_00_00/device_support/f2837xd/headers/include" --include_path="/home/ismail/ti/C2000Ware_5_02_00_00/libraries/flash_api/f2837xd/include/Constants" --include_path="/home/ismail/ti/C2000Ware_5_02_00_00/libraries/flash_api/f2837xd/include" --include_path="/home/ismail/IOT-CANBus/TI/Bootloader/Smallbootloader" --include_path="/home/ismail/ti/ccs1271/ccs/tools/compiler/ti-cgt-c2000_22.6.1.LTS/include" --advice:performance=all --define=_STANDALONE --define=_FLASH --define=_LAUNCHXL_F28379D --define=DEBUG --define=_DUAL_HEADERS --define=CPU1 --diag_suppress=10063 --diag_warning=225 --diag_wrap=off --display_error_number --abi=coffabi --section_sizes=on --preproc_with_compile --preproc_dependency="src/Shared_Boot.d_raw" --obj_directory="src"  "../src/Shared_Boot.c"
FILE: src/Shared_Boot.obj
CODE  size (bytes): 962
CONST size (bytes): 17
DATA  size (bytes): 16
 
Finished building: "../src/Shared_Boot.c"
 
Building file: "../src/Shared_Verify.c"
Invoking: C2000 Compiler
"/home/ismail/ti/ccs1271/ccs/tools/compiler/ti-cgt-c2000_22.6.1.LTS/bin/cl2000" -v28 -ml -mt --cla_support=cla1 --float_support=fpu32 --tmu_support=tmu0 --vcu_support=vcu2 -O2 --include_path="/home/ismail/IOT-CANBus/TI/Bootloader/Smallbootloader/src" --include_path="/home/ismail/IOT-CANBus/TI/Bootloader/Smallbootloader/assembly" --include_path="/home/ismail/IOT-CANBus/TI/Bootloader/Smallbootloader/linker" --include_path="/home/ismail/IOT-CANBus/TI/Bootloader/Smallbootloader/headers" --include_path="/home/ismail/ti/C2000Ware_5_02_00_00/device_support/f2837xd/common/include" --include_path="/home/ismail/ti/C2000Ware_5_02_00_00/device_support/f2837xd/headers/include" --include_path="/home/ismail/ti/C2000Ware_5_02_00_00/libraries/flash_api/f2837xd/include/Constants" --include_path="/home/ismail/ti/C2000Ware_5_02_00_00/libraries/flash_api/f2837xd/include" --include_path="/home/ismail/IOT-CANBus/TI/Bootloader/Smallbootloader" --include_path="/home/ismail/ti/ccs1271/ccs/tools/compiler/ti-cgt-c2000_22.6.1.LTS/include" --advice:performance=all --define=_STANDALONE --define=_FLASH --define=_LAUNCHXL_F28379D --define=DEBUG --define=_DUAL_HEADERS --define=CPU1 --diag_suppress=10063 --diag_warning=225 --diag_wrap=off --display_error_number --abi=coffabi --section_sizes=on --preproc_with_compile --preproc_dependency="src/Shared_Verify.d_raw" --obj_directory="src"  "../src/Shared_Verify.c"
FILE: src/Shared_Verify.obj
CODE  size (bytes): 359
 
Finished building: "../src/Shared_Verify.c"
 
Building file: "../src/SCI_GetFunction.c"
Invoking: C2000 Compiler
"/home/ismail/ti/ccs1271/ccs/tools/compiler/ti-cgt-c2000_22.6.1.LTS/bin/cl2000" -v28 -ml -mt --cla_support=cla1 --float_support=fpu32 --tmu_support=tmu0 --vcu_support=vcu2 -O2 --include_path="/home/ismail/IOT-CANBus/TI/Bootloader/Smallbootloader/src" --include_path="/home/ismail/IOT-CANBus/TI/Bootloader/Smallbootloader/assembly" --include_path="/home/ismail/IOT-CANBus/TI/Bootloader/Smallbootloader/linker" --include_path="/home/ismail/IOT-CANBus/TI/Bootloader/Smallbootloader/headers" --include_path="/home/ismail/ti/C2000Ware_5_02_00_00/device_support/f2837xd/common/include" --include_path="/home/ismail/ti/C2000Ware_5_02_00_00/device_support/f2837xd/headers/include" --include_path="/home/ismail/ti/C2000Ware_5_02_00_00/libraries/flash_api/f2837xd/include/Constants" --include_path="/home/ismail/ti/C2000Ware_5_02_00_00/libraries/flash_api/f2837xd/include" --include_path="/home/ismail/IOT-CANBus/TI/Bootloader/Smallbootloader" --include_path="/home/ismail/ti/ccs1271/ccs/tools/compiler/ti-cgt-c2000_22.6.1.LTS/include" --advice:performance=all --define=_STANDALONE --define=_FLASH --define=_LAUNCHXL_F28379D --define=DEBUG --define=_DUAL_HEADERS --define=CPU1 --diag_suppress=10063 --diag_warning=225 --diag_wrap=off --display_error_number --abi=coffabi --section_sizes=on --preproc_with_compile --preproc_dependency="src/SCI_GetFunction.d_raw" --obj_directory="src"  "../src/SCI_GetFunction.c"
FILE: src/SCI_GetFunction.obj
CODE  size (bytes): 583
DATA  size (bytes): 10
 
Finished building: "../src/SCI_GetFunction.c"
 
Building file: "../src/main.c"
Invoking: C2000 Compiler
"/home/ismail/ti/ccs1271/ccs/tools/compiler/ti-cgt-c2000_22.6.1.LTS/bin/cl2000" -v28 -ml -mt --cla_support=cla1 --float_support=fpu32 --tmu_support=tmu0 --vcu_support=vcu2 -O2 --include_path="/home/ismail/IOT-CANBus/TI/Bootloader/Smallbootloader/src" --include_path="/home/ismail/IOT-CANBus/TI/Bootloader/Smallbootloader/assembly" --include_path="/home/ismail/IOT-CANBus/TI/Bootloader/Smallbootloader/linker" --include_path="/home/ismail/IOT-CANBus/TI/Bootloader/Smallbootloader/headers" --include_path="/home/ismail/ti/C2000Ware_5_02_00_00/device_support/f2837xd/common/include" --include_path="/home/ismail/ti/C2000Ware_5_02_00_00/device_support/f2837xd/headers/include" --include_path="/home/ismail/ti/C2000Ware_5_02_00_00/libraries/flash_api/f2837xd/include/Constants" --include_path="/home/ismail/ti/C2000Ware_5_02_00_00/libraries/flash_api/f2837xd/include" --include_path="/home/ismail/IOT-CANBus/TI/Bootloader/Smallbootloader" --include_path="/home/ismail/ti/ccs1271/ccs/tools/compiler/ti-cgt-c2000_22.6.1.LTS/include" --advice:performance=all --define=_STANDALONE --define=_FLASH --define=_LAUNCHXL_F28379D --define=DEBUG --define=_DUAL_HEADERS --define=CPU1 --diag_suppress=10063 --diag_warning=225 --diag_wrap=off --display_error_number --abi=coffabi --section_sizes=on --preproc_with_compile --preproc_dependency="src/main.d_raw" --obj_directory="src"  "../src/main.c"
FILE: src/main.obj
CODE  size (bytes): 68
 
Finished building: "../src/main.c"
 
Building file: "../src/F2837xD_GlobalVariableDefs.c"
Invoking: C2000 Compiler
"/home/ismail/ti/ccs1271/ccs/tools/compiler/ti-cgt-c2000_22.6.1.LTS/bin/cl2000" -v28 -ml -mt --cla_support=cla1 --float_support=fpu32 --tmu_support=tmu0 --vcu_support=vcu2 -O2 --include_path="/home/ismail/IOT-CANBus/TI/Bootloader/Smallbootloader/src" --include_path="/home/ismail/IOT-CANBus/TI/Bootloader/Smallbootloader/assembly" --include_path="/home/ismail/IOT-CANBus/TI/Bootloader/Smallbootloader/linker" --include_path="/home/ismail/IOT-CANBus/TI/Bootloader/Smallbootloader/headers" --include_path="/home/ismail/ti/C2000Ware_5_02_00_00/device_support/f2837xd/common/include" --include_path="/home/ismail/ti/C2000Ware_5_02_00_00/device_support/f2837xd/headers/include" --include_path="/home/ismail/ti/C2000Ware_5_02_00_00/libraries/flash_api/f2837xd/include/Constants" --include_path="/home/ismail/ti/C2000Ware_5_02_00_00/libraries/flash_api/f2837xd/include" --include_path="/home/ismail/IOT-CANBus/TI/Bootloader/Smallbootloader" --include_path="/home/ismail/ti/ccs1271/ccs/tools/compiler/ti-cgt-c2000_22.6.1.LTS/include" --advice:performance=all --define=_STANDALONE --define=_FLASH --define=_LAUNCHXL_F28379D --define=DEBUG --define=_DUAL_HEADERS --define=CPU1 --diag_suppress=10063 --diag_warning=225 --diag_wrap=off --display_error_number --abi=coffabi --section_sizes=on --preproc_with_compile --preproc_dependency="src/F2837xD_GlobalVariableDefs.d_raw" --obj_directory="src"  "../src/F2837xD_GlobalVariableDefs.c"
FILE: src/F2837xD_GlobalVariableDefs.obj
DATA  size (bytes): 9870
 
Finished building: "../src/F2837xD_GlobalVariableDefs.c"
 
Building target: "Smallbootloader.out"
Invoking: C2000 Linker
"/home/ismail/ti/ccs1271/ccs/tools/compiler/ti-cgt-c2000_22.6.1.LTS/bin/cl2000" -v28 -ml -mt --cla_support=cla1 --float_support=fpu32 --tmu_support=tmu0 --vcu_support=vcu2 -O2 --advice:performance=all --define=_STANDALONE --define=_FLASH --define=_LAUNCHXL_F28379D --define=DEBUG --define=_DUAL_HEADERS --define=CPU1 --diag_suppress=10063 --diag_warning=225 --diag_wrap=off --display_error_number --abi=coffabi --section_sizes=on -z -m"Smallbootloader.map" --stack_size=0x100 --warn_sections -i"/home/ismail/ti/C2000Ware_5_02_00_00/device_support/f2837xd/common/cmd" -i"/home/ismail/ti/C2000Ware_5_02_00_00/device_support/f2837xd/headers/cmd" -i"/home/ismail/ti/ccs1271/ccs/tools/compiler/ti-cgt-c2000_22.6.1.LTS/lib" -i"/home/ismail/ti/ccs1271/ccs/tools/compiler/ti-cgt-c2000_22.6.1.LTS/include" --reread_libs --diag_wrap=off --display_error_number --xml_link_info="Smallbootloader_linkInfo.xml" --entry_point=code_start --rom_model -o "Smallbootloader.out" "./assembly/F2837xD_usDelay.obj" "./assembly/fwupgradec1toc2_start.obj" "./src/F2837xD_DefaultISR.obj" "./src/F2837xD_GlobalVariableDefs.obj" "./src/F2837xD_Gpio.obj" "./src/F2837xD_SysCtrl.obj" "./src/Fapi_UserDefinedFunctions.obj" "./src/SCI_Boot.obj" "./src/SCI_GetFunction.obj" "./src/Shared_Boot.obj" "./src/Shared_Erase.obj" "./src/Shared_Verify.obj" "./src/main.obj" "/home/ismail/ti/C2000Ware_5_02_00_00/libraries/flash_api/f2837xd/lib/F021_API_F2837xD_FPU32.lib" "/home/ismail/ti/C2000Ware_5_02_00_00/libraries/boot_rom/f2837xd/rev0/rom_symbol_libs/c1_ROM_API/c1bootROM_BootROMSymbols_fpu32.lib" "../linker/2837xD_FLASH_lnk_cpu1.cmd" "../linker/F2837xD_Headers_nonBIOS_cpu1.cmd" "../linker/flash_programming_cpu1tocpu2_RAM.cmd"  -l"/home/ismail/ti/ccs1271/ccs/tools/compiler/ti-cgt-c2000_22.6.1.LTS/lib/rts2800_fpu32.lib" -llibc.a 
<Linking>
FILE: Smallbootloader.out
CODE  size (bytes): 7383
CONST size (bytes): 61
DATA  size (bytes): 10164
 
Finished building target: "Smallbootloader.out"
 

**** Build Finished ****

**** Build of configuration CPU1_FLASH__opt_level__off for project Smallbootloader ****

/home/ismail/ti/ccs1271/ccs/utils/bin/gmake -k -j 4 all -O 
 
Building file: "../assembly/fwupgradec1toc2_start.asm"
Invoking: C2000 Compiler
"/home/ismail/ti/ccs1271/ccs/tools/compiler/ti-cgt-c2000_22.6.1.LTS/bin/cl2000" -v28 -ml -mt --cla_support=cla1 --float_support=fpu32 --tmu_support=tmu0 --vcu_support=vcu2 -Ooff --include_path="/home/ismail/IOT-CANBus/TI/Bootloader/Smallbootloader/src" --include_path="/home/ismail/IOT-CANBus/TI/Bootloader/Smallbootloader/assembly" --include_path="/home/ismail/IOT-CANBus/TI/Bootloader/Smallbootloader/linker" --include_path="/home/ismail/IOT-CANBus/TI/Bootloader/Smallbootloader/headers" --include_path="/home/ismail/ti/C2000Ware_5_02_00_00/device_support/f2837xd/common/include" --include_path="/home/ismail/ti/C2000Ware_5_02_00_00/device_support/f2837xd/headers/include" --include_path="/home/ismail/ti/C2000Ware_5_02_00_00/libraries/flash_api/f2837xd/include/Constants" --include_path="/home/ismail/ti/C2000Ware_5_02_00_00/libraries/flash_api/f2837xd/include" --include_path="/home/ismail/IOT-CANBus/TI/Bootloader/Smallbootloader" --include_path="/home/ismail/ti/ccs1271/ccs/tools/compiler/ti-cgt-c2000_22.6.1.LTS/include" --advice:performance=all --define=_STANDALONE --define=_FLASH --define=_LAUNCHXL_F28379D --define=DEBUG --define=_DUAL_HEADERS --define=CPU1 --diag_suppress=10063 --diag_warning=225 --diag_wrap=off --display_error_number --abi=coffabi --section_sizes=on --preproc_with_compile --preproc_dependency="assembly/fwupgradec1toc2_start.d_raw" --obj_directory="assembly"  "../assembly/fwupgradec1toc2_start.asm"
Finished building: "../assembly/fwupgradec1toc2_start.asm"
 
Building file: "../assembly/F2837xD_usDelay.asm"
Invoking: C2000 Compiler
"/home/ismail/ti/ccs1271/ccs/tools/compiler/ti-cgt-c2000_22.6.1.LTS/bin/cl2000" -v28 -ml -mt --cla_support=cla1 --float_support=fpu32 --tmu_support=tmu0 --vcu_support=vcu2 -Ooff --include_path="/home/ismail/IOT-CANBus/TI/Bootloader/Smallbootloader/src" --include_path="/home/ismail/IOT-CANBus/TI/Bootloader/Smallbootloader/assembly" --include_path="/home/ismail/IOT-CANBus/TI/Bootloader/Smallbootloader/linker" --include_path="/home/ismail/IOT-CANBus/TI/Bootloader/Smallbootloader/headers" --include_path="/home/ismail/ti/C2000Ware_5_02_00_00/device_support/f2837xd/common/include" --include_path="/home/ismail/ti/C2000Ware_5_02_00_00/device_support/f2837xd/headers/include" --include_path="/home/ismail/ti/C2000Ware_5_02_00_00/libraries/flash_api/f2837xd/include/Constants" --include_path="/home/ismail/ti/C2000Ware_5_02_00_00/libraries/flash_api/f2837xd/include" --include_path="/home/ismail/IOT-CANBus/TI/Bootloader/Smallbootloader" --include_path="/home/ismail/ti/ccs1271/ccs/tools/compiler/ti-cgt-c2000_22.6.1.LTS/include" --advice:performance=all --define=_STANDALONE --define=_FLASH --define=_LAUNCHXL_F28379D --define=DEBUG --define=_DUAL_HEADERS --define=CPU1 --diag_suppress=10063 --diag_warning=225 --diag_wrap=off --display_error_number --abi=coffabi --section_sizes=on --preproc_with_compile --preproc_dependency="assembly/F2837xD_usDelay.d_raw" --obj_directory="assembly"  "../assembly/F2837xD_usDelay.asm"
Finished building: "../assembly/F2837xD_usDelay.asm"
 
Building file: "../src/F2837xD_DefaultISR.c"
Invoking: C2000 Compiler
"/home/ismail/ti/ccs1271/ccs/tools/compiler/ti-cgt-c2000_22.6.1.LTS/bin/cl2000" -v28 -ml -mt --cla_support=cla1 --float_support=fpu32 --tmu_support=tmu0 --vcu_support=vcu2 -Ooff --include_path="/home/ismail/IOT-CANBus/TI/Bootloader/Smallbootloader/src" --include_path="/home/ismail/IOT-CANBus/TI/Bootloader/Smallbootloader/assembly" --include_path="/home/ismail/IOT-CANBus/TI/Bootloader/Smallbootloader/linker" --include_path="/home/ismail/IOT-CANBus/TI/Bootloader/Smallbootloader/headers" --include_path="/home/ismail/ti/C2000Ware_5_02_00_00/device_support/f2837xd/common/include" --include_path="/home/ismail/ti/C2000Ware_5_02_00_00/device_support/f2837xd/headers/include" --include_path="/home/ismail/ti/C2000Ware_5_02_00_00/libraries/flash_api/f2837xd/include/Constants" --include_path="/home/ismail/ti/C2000Ware_5_02_00_00/libraries/flash_api/f2837xd/include" --include_path="/home/ismail/IOT-CANBus/TI/Bootloader/Smallbootloader" --include_path="/home/ismail/ti/ccs1271/ccs/tools/compiler/ti-cgt-c2000_22.6.1.LTS/include" --advice:performance=all --define=_STANDALONE --define=_FLASH --define=_LAUNCHXL_F28379D --define=DEBUG --define=_DUAL_HEADERS --define=CPU1 --diag_suppress=10063 --diag_warning=225 --diag_wrap=off --display_error_number --abi=coffabi --section_sizes=on --preproc_with_compile --preproc_dependency="src/F2837xD_DefaultISR.d_raw" --obj_directory="src"  "../src/F2837xD_DefaultISR.c"
FILE: src/F2837xD_DefaultISR.obj
CODE  size (bytes): 1413
 
Finished building: "../src/F2837xD_DefaultISR.c"
 
Building file: "../src/Fapi_UserDefinedFunctions.c"
Invoking: C2000 Compiler
"/home/ismail/ti/ccs1271/ccs/tools/compiler/ti-cgt-c2000_22.6.1.LTS/bin/cl2000" -v28 -ml -mt --cla_support=cla1 --float_support=fpu32 --tmu_support=tmu0 --vcu_support=vcu2 -Ooff --include_path="/home/ismail/IOT-CANBus/TI/Bootloader/Smallbootloader/src" --include_path="/home/ismail/IOT-CANBus/TI/Bootloader/Smallbootloader/assembly" --include_path="/home/ismail/IOT-CANBus/TI/Bootloader/Smallbootloader/linker" --include_path="/home/ismail/IOT-CANBus/TI/Bootloader/Smallbootloader/headers" --include_path="/home/ismail/ti/C2000Ware_5_02_00_00/device_support/f2837xd/common/include" --include_path="/home/ismail/ti/C2000Ware_5_02_00_00/device_support/f2837xd/headers/include" --include_path="/home/ismail/ti/C2000Ware_5_02_00_00/libraries/flash_api/f2837xd/include/Constants" --include_path="/home/ismail/ti/C2000Ware_5_02_00_00/libraries/flash_api/f2837xd/include" --include_path="/home/ismail/IOT-CANBus/TI/Bootloader/Smallbootloader" --include_path="/home/ismail/ti/ccs1271/ccs/tools/compiler/ti-cgt-c2000_22.6.1.LTS/include" --advice:performance=all --define=_STANDALONE --define=_FLASH --define=_LAUNCHXL_F28379D --define=DEBUG --define=_DUAL_HEADERS --define=CPU1 --diag_suppress=10063 --diag_warning=225 --diag_wrap=off --display_error_number --abi=coffabi --section_sizes=on --preproc_with_compile --preproc_dependency="src/Fapi_UserDefinedFunctions.d_raw" --obj_directory="src"  "../src/Fapi_UserDefinedFunctions.c"
FILE: src/Fapi_UserDefinedFunctions.obj
CODE  size (bytes): 148
 
Finished building: "../src/Fapi_UserDefinedFunctions.c"
 
Building file: "../src/F2837xD_SysCtrl.c"
Invoking: C2000 Compiler
"/home/ismail/ti/ccs1271/ccs/tools/compiler/ti-cgt-c2000_22.6.1.LTS/bin/cl2000" -v28 -ml -mt --cla_support=cla1 --float_support=fpu32 --tmu_support=tmu0 --vcu_support=vcu2 -Ooff --include_path="/home/ismail/IOT-CANBus/TI/Bootloader/Smallbootloader/src" --include_path="/home/ismail/IOT-CANBus/TI/Bootloader/Smallbootloader/assembly" --include_path="/home/ismail/IOT-CANBus/TI/Bootloader/Smallbootloader/linker" --include_path="/home/ismail/IOT-CANBus/TI/Bootloader/Smallbootloader/headers" --include_path="/home/ismail/ti/C2000Ware_5_02_00_00/device_support/f2837xd/common/include" --include_path="/home/ismail/ti/C2000Ware_5_02_00_00/device_support/f2837xd/headers/include" --include_path="/home/ismail/ti/C2000Ware_5_02_00_00/libraries/flash_api/f2837xd/include/Constants" --include_path="/home/ismail/ti/C2000Ware_5_02_00_00/libraries/flash_api/f2837xd/include" --include_path="/home/ismail/IOT-CANBus/TI/Bootloader/Smallbootloader" --include_path="/home/ismail/ti/ccs1271/ccs/tools/compiler/ti-cgt-c2000_22.6.1.LTS/include" --advice:performance=all --define=_STANDALONE --define=_FLASH --define=_LAUNCHXL_F28379D --define=DEBUG --define=_DUAL_HEADERS --define=CPU1 --diag_suppress=10063 --diag_warning=225 --diag_wrap=off --display_error_number --abi=coffabi --section_sizes=on --preproc_with_compile --preproc_dependency="src/F2837xD_SysCtrl.d_raw" --obj_directory="src"  "../src/F2837xD_SysCtrl.c"
FILE: src/F2837xD_SysCtrl.obj
CODE  size (bytes): 1259
 
"../src/F2837xD_SysCtrl.c", line 837 (col. 47): advice #2614-D: (Performance) Use --fp_mode=relaxed to enable TMU hardware support for FP division.
Finished building: "../src/F2837xD_SysCtrl.c"
 
Building file: "../src/SCI_Boot.c"
Invoking: C2000 Compiler
"/home/ismail/ti/ccs1271/ccs/tools/compiler/ti-cgt-c2000_22.6.1.LTS/bin/cl2000" -v28 -ml -mt --cla_support=cla1 --float_support=fpu32 --tmu_support=tmu0 --vcu_support=vcu2 -Ooff --include_path="/home/ismail/IOT-CANBus/TI/Bootloader/Smallbootloader/src" --include_path="/home/ismail/IOT-CANBus/TI/Bootloader/Smallbootloader/assembly" --include_path="/home/ismail/IOT-CANBus/TI/Bootloader/Smallbootloader/linker" --include_path="/home/ismail/IOT-CANBus/TI/Bootloader/Smallbootloader/headers" --include_path="/home/ismail/ti/C2000Ware_5_02_00_00/device_support/f2837xd/common/include" --include_path="/home/ismail/ti/C2000Ware_5_02_00_00/device_support/f2837xd/headers/include" --include_path="/home/ismail/ti/C2000Ware_5_02_00_00/libraries/flash_api/f2837xd/include/Constants" --include_path="/home/ismail/ti/C2000Ware_5_02_00_00/libraries/flash_api/f2837xd/include" --include_path="/home/ismail/IOT-CANBus/TI/Bootloader/Smallbootloader" --include_path="/home/ismail/ti/ccs1271/ccs/tools/compiler/ti-cgt-c2000_22.6.1.LTS/include" --advice:performance=all --define=_STANDALONE --define=_FLASH --define=_LAUNCHXL_F28379D --define=DEBUG --define=_DUAL_HEADERS --define=CPU1 --diag_suppress=10063 --diag_warning=225 --diag_wrap=off --display_error_number --abi=coffabi --section_sizes=on --preproc_with_compile --preproc_dependency="src/SCI_Boot.d_raw" --obj_directory="src"  "../src/SCI_Boot.c"
FILE: src/SCI_Boot.obj
CODE  size (bytes): 57
 
Finished building: "../src/SCI_Boot.c"
 
Building file: "../src/F2837xD_Gpio.c"
Invoking: C2000 Compiler
"/home/ismail/ti/ccs1271/ccs/tools/compiler/ti-cgt-c2000_22.6.1.LTS/bin/cl2000" -v28 -ml -mt --cla_support=cla1 --float_support=fpu32 --tmu_support=tmu0 --vcu_support=vcu2 -Ooff --include_path="/home/ismail/IOT-CANBus/TI/Bootloader/Smallbootloader/src" --include_path="/home/ismail/IOT-CANBus/TI/Bootloader/Smallbootloader/assembly" --include_path="/home/ismail/IOT-CANBus/TI/Bootloader/Smallbootloader/linker" --include_path="/home/ismail/IOT-CANBus/TI/Bootloader/Smallbootloader/headers" --include_path="/home/ismail/ti/C2000Ware_5_02_00_00/device_support/f2837xd/common/include" --include_path="/home/ismail/ti/C2000Ware_5_02_00_00/device_support/f2837xd/headers/include" --include_path="/home/ismail/ti/C2000Ware_5_02_00_00/libraries/flash_api/f2837xd/include/Constants" --include_path="/home/ismail/ti/C2000Ware_5_02_00_00/libraries/flash_api/f2837xd/include" --include_path="/home/ismail/IOT-CANBus/TI/Bootloader/Smallbootloader" --include_path="/home/ismail/ti/ccs1271/ccs/tools/compiler/ti-cgt-c2000_22.6.1.LTS/include" --advice:performance=all --define=_STANDALONE --define=_FLASH --define=_LAUNCHXL_F28379D --define=DEBUG --define=_DUAL_HEADERS --define=CPU1 --diag_suppress=10063 --diag_warning=225 --diag_wrap=off --display_error_number --abi=coffabi --section_sizes=on --preproc_with_compile --preproc_dependency="src/F2837xD_Gpio.d_raw" --obj_directory="src"  "../src/F2837xD_Gpio.c"
FILE: src/F2837xD_Gpio.obj
CODE  size (bytes): 580
 
Finished building: "../src/F2837xD_Gpio.c"
 
Building file: "../src/Shared_Erase.c"
Invoking: C2000 Compiler
"/home/ismail/ti/ccs1271/ccs/tools/compiler/ti-cgt-c2000_22.6.1.LTS/bin/cl2000" -v28 -ml -mt --cla_support=cla1 --float_support=fpu32 --tmu_support=tmu0 --vcu_support=vcu2 -Ooff --include_path="/home/ismail/IOT-CANBus/TI/Bootloader/Smallbootloader/src" --include_path="/home/ismail/IOT-CANBus/TI/Bootloader/Smallbootloader/assembly" --include_path="/home/ismail/IOT-CANBus/TI/Bootloader/Smallbootloader/linker" --include_path="/home/ismail/IOT-CANBus/TI/Bootloader/Smallbootloader/headers" --include_path="/home/ismail/ti/C2000Ware_5_02_00_00/device_support/f2837xd/common/include" --include_path="/home/ismail/ti/C2000Ware_5_02_00_00/device_support/f2837xd/headers/include" --include_path="/home/ismail/ti/C2000Ware_5_02_00_00/libraries/flash_api/f2837xd/include/Constants" --include_path="/home/ismail/ti/C2000Ware_5_02_00_00/libraries/flash_api/f2837xd/include" --include_path="/home/ismail/IOT-CANBus/TI/Bootloader/Smallbootloader" --include_path="/home/ismail/ti/ccs1271/ccs/tools/compiler/ti-cgt-c2000_22.6.1.LTS/include" --advice:performance=all --define=_STANDALONE --define=_FLASH --define=_LAUNCHXL_F28379D --define=DEBUG --define=_DUAL_HEADERS --define=CPU1 --diag_suppress=10063 --diag_warning=225 --diag_wrap=off --display_error_number --abi=coffabi --section_sizes=on --preproc_with_compile --preproc_dependency="src/Shared_Erase.d_raw" --obj_directory="src"  "../src/Shared_Erase.c"
FILE: src/Shared_Erase.obj
CODE  size (bytes): 98
CONST size (bytes): 42
 
Finished building: "../src/Shared_Erase.c"
 
Building file: "../src/SCI_GetFunction.c"
Invoking: C2000 Compiler
"/home/ismail/ti/ccs1271/ccs/tools/compiler/ti-cgt-c2000_22.6.1.LTS/bin/cl2000" -v28 -ml -mt --cla_support=cla1 --float_support=fpu32 --tmu_support=tmu0 --vcu_support=vcu2 -Ooff --include_path="/home/ismail/IOT-CANBus/TI/Bootloader/Smallbootloader/src" --include_path="/home/ismail/IOT-CANBus/TI/Bootloader/Smallbootloader/assembly" --include_path="/home/ismail/IOT-CANBus/TI/Bootloader/Smallbootloader/linker" --include_path="/home/ismail/IOT-CANBus/TI/Bootloader/Smallbootloader/headers" --include_path="/home/ismail/ti/C2000Ware_5_02_00_00/device_support/f2837xd/common/include" --include_path="/home/ismail/ti/C2000Ware_5_02_00_00/device_support/f2837xd/headers/include" --include_path="/home/ismail/ti/C2000Ware_5_02_00_00/libraries/flash_api/f2837xd/include/Constants" --include_path="/home/ismail/ti/C2000Ware_5_02_00_00/libraries/flash_api/f2837xd/include" --include_path="/home/ismail/IOT-CANBus/TI/Bootloader/Smallbootloader" --include_path="/home/ismail/ti/ccs1271/ccs/tools/compiler/ti-cgt-c2000_22.6.1.LTS/include" --advice:performance=all --define=_STANDALONE --define=_FLASH --define=_LAUNCHXL_F28379D --define=DEBUG --define=_DUAL_HEADERS --define=CPU1 --diag_suppress=10063 --diag_warning=225 --diag_wrap=off --display_error_number --abi=coffabi --section_sizes=on --preproc_with_compile --preproc_dependency="src/SCI_GetFunction.d_raw" --obj_directory="src"  "../src/SCI_GetFunction.c"
FILE: src/SCI_GetFunction.obj
CODE  size (bytes): 619
DATA  size (bytes): 10
 
Finished building: "../src/SCI_GetFunction.c"
 
Building file: "../src/Shared_Verify.c"
Invoking: C2000 Compiler
"/home/ismail/ti/ccs1271/ccs/tools/compiler/ti-cgt-c2000_22.6.1.LTS/bin/cl2000" -v28 -ml -mt --cla_support=cla1 --float_support=fpu32 --tmu_support=tmu0 --vcu_support=vcu2 -Ooff --include_path="/home/ismail/IOT-CANBus/TI/Bootloader/Smallbootloader/src" --include_path="/home/ismail/IOT-CANBus/TI/Bootloader/Smallbootloader/assembly" --include_path="/home/ismail/IOT-CANBus/TI/Bootloader/Smallbootloader/linker" --include_path="/home/ismail/IOT-CANBus/TI/Bootloader/Smallbootloader/headers" --include_path="/home/ismail/ti/C2000Ware_5_02_00_00/device_support/f2837xd/common/include" --include_path="/home/ismail/ti/C2000Ware_5_02_00_00/device_support/f2837xd/headers/include" --include_path="/home/ismail/ti/C2000Ware_5_02_00_00/libraries/flash_api/f2837xd/include/Constants" --include_path="/home/ismail/ti/C2000Ware_5_02_00_00/libraries/flash_api/f2837xd/include" --include_path="/home/ismail/IOT-CANBus/TI/Bootloader/Smallbootloader" --include_path="/home/ismail/ti/ccs1271/ccs/tools/compiler/ti-cgt-c2000_22.6.1.LTS/include" --advice:performance=all --define=_STANDALONE --define=_FLASH --define=_LAUNCHXL_F28379D --define=DEBUG --define=_DUAL_HEADERS --define=CPU1 --diag_suppress=10063 --diag_warning=225 --diag_wrap=off --display_error_number --abi=coffabi --section_sizes=on --preproc_with_compile --preproc_dependency="src/Shared_Verify.d_raw" --obj_directory="src"  "../src/Shared_Verify.c"
FILE: src/Shared_Verify.obj
CODE  size (bytes): 405
 
Finished building: "../src/Shared_Verify.c"
 
Building file: "../src/Shared_Boot.c"
Invoking: C2000 Compiler
"/home/ismail/ti/ccs1271/ccs/tools/compiler/ti-cgt-c2000_22.6.1.LTS/bin/cl2000" -v28 -ml -mt --cla_support=cla1 --float_support=fpu32 --tmu_support=tmu0 --vcu_support=vcu2 -Ooff --include_path="/home/ismail/IOT-CANBus/TI/Bootloader/Smallbootloader/src" --include_path="/home/ismail/IOT-CANBus/TI/Bootloader/Smallbootloader/assembly" --include_path="/home/ismail/IOT-CANBus/TI/Bootloader/Smallbootloader/linker" --include_path="/home/ismail/IOT-CANBus/TI/Bootloader/Smallbootloader/headers" --include_path="/home/ismail/ti/C2000Ware_5_02_00_00/device_support/f2837xd/common/include" --include_path="/home/ismail/ti/C2000Ware_5_02_00_00/device_support/f2837xd/headers/include" --include_path="/home/ismail/ti/C2000Ware_5_02_00_00/libraries/flash_api/f2837xd/include/Constants" --include_path="/home/ismail/ti/C2000Ware_5_02_00_00/libraries/flash_api/f2837xd/include" --include_path="/home/ismail/IOT-CANBus/TI/Bootloader/Smallbootloader" --include_path="/home/ismail/ti/ccs1271/ccs/tools/compiler/ti-cgt-c2000_22.6.1.LTS/include" --advice:performance=all --define=_STANDALONE --define=_FLASH --define=_LAUNCHXL_F28379D --define=DEBUG --define=_DUAL_HEADERS --define=CPU1 --diag_suppress=10063 --diag_warning=225 --diag_wrap=off --display_error_number --abi=coffabi --section_sizes=on --preproc_with_compile --preproc_dependency="src/Shared_Boot.d_raw" --obj_directory="src"  "../src/Shared_Boot.c"
FILE: src/Shared_Boot.obj
CODE  size (bytes): 1076
CONST size (bytes): 17
DATA  size (bytes): 16
 
Finished building: "../src/Shared_Boot.c"
 
Building file: "../src/main.c"
Invoking: C2000 Compiler
"/home/ismail/ti/ccs1271/ccs/tools/compiler/ti-cgt-c2000_22.6.1.LTS/bin/cl2000" -v28 -ml -mt --cla_support=cla1 --float_support=fpu32 --tmu_support=tmu0 --vcu_support=vcu2 -Ooff --include_path="/home/ismail/IOT-CANBus/TI/Bootloader/Smallbootloader/src" --include_path="/home/ismail/IOT-CANBus/TI/Bootloader/Smallbootloader/assembly" --include_path="/home/ismail/IOT-CANBus/TI/Bootloader/Smallbootloader/linker" --include_path="/home/ismail/IOT-CANBus/TI/Bootloader/Smallbootloader/headers" --include_path="/home/ismail/ti/C2000Ware_5_02_00_00/device_support/f2837xd/common/include" --include_path="/home/ismail/ti/C2000Ware_5_02_00_00/device_support/f2837xd/headers/include" --include_path="/home/ismail/ti/C2000Ware_5_02_00_00/libraries/flash_api/f2837xd/include/Constants" --include_path="/home/ismail/ti/C2000Ware_5_02_00_00/libraries/flash_api/f2837xd/include" --include_path="/home/ismail/IOT-CANBus/TI/Bootloader/Smallbootloader" --include_path="/home/ismail/ti/ccs1271/ccs/tools/compiler/ti-cgt-c2000_22.6.1.LTS/include" --advice:performance=all --define=_STANDALONE --define=_FLASH --define=_LAUNCHXL_F28379D --define=DEBUG --define=_DUAL_HEADERS --define=CPU1 --diag_suppress=10063 --diag_warning=225 --diag_wrap=off --display_error_number --abi=coffabi --section_sizes=on --preproc_with_compile --preproc_dependency="src/main.d_raw" --obj_directory="src"  "../src/main.c"
FILE: src/main.obj
CODE  size (bytes): 237
 
Finished building: "../src/main.c"
 
Building file: "../src/F2837xD_GlobalVariableDefs.c"
Invoking: C2000 Compiler
"/home/ismail/ti/ccs1271/ccs/tools/compiler/ti-cgt-c2000_22.6.1.LTS/bin/cl2000" -v28 -ml -mt --cla_support=cla1 --float_support=fpu32 --tmu_support=tmu0 --vcu_support=vcu2 -Ooff --include_path="/home/ismail/IOT-CANBus/TI/Bootloader/Smallbootloader/src" --include_path="/home/ismail/IOT-CANBus/TI/Bootloader/Smallbootloader/assembly" --include_path="/home/ismail/IOT-CANBus/TI/Bootloader/Smallbootloader/linker" --include_path="/home/ismail/IOT-CANBus/TI/Bootloader/Smallbootloader/headers" --include_path="/home/ismail/ti/C2000Ware_5_02_00_00/device_support/f2837xd/common/include" --include_path="/home/ismail/ti/C2000Ware_5_02_00_00/device_support/f2837xd/headers/include" --include_path="/home/ismail/ti/C2000Ware_5_02_00_00/libraries/flash_api/f2837xd/include/Constants" --include_path="/home/ismail/ti/C2000Ware_5_02_00_00/libraries/flash_api/f2837xd/include" --include_path="/home/ismail/IOT-CANBus/TI/Bootloader/Smallbootloader" --include_path="/home/ismail/ti/ccs1271/ccs/tools/compiler/ti-cgt-c2000_22.6.1.LTS/include" --advice:performance=all --define=_STANDALONE --define=_FLASH --define=_LAUNCHXL_F28379D --define=DEBUG --define=_DUAL_HEADERS --define=CPU1 --diag_suppress=10063 --diag_warning=225 --diag_wrap=off --display_error_number --abi=coffabi --section_sizes=on --preproc_with_compile --preproc_dependency="src/F2837xD_GlobalVariableDefs.d_raw" --obj_directory="src"  "../src/F2837xD_GlobalVariableDefs.c"
FILE: src/F2837xD_GlobalVariableDefs.obj
DATA  size (bytes): 9870
 
Finished building: "../src/F2837xD_GlobalVariableDefs.c"
 
Building target: "Smallbootloader.out"
Invoking: C2000 Linker
"/home/ismail/ti/ccs1271/ccs/tools/compiler/ti-cgt-c2000_22.6.1.LTS/bin/cl2000" -v28 -ml -mt --cla_support=cla1 --float_support=fpu32 --tmu_support=tmu0 --vcu_support=vcu2 -Ooff --advice:performance=all --define=_STANDALONE --define=_FLASH --define=_LAUNCHXL_F28379D --define=DEBUG --define=_DUAL_HEADERS --define=CPU1 --diag_suppress=10063 --diag_warning=225 --diag_wrap=off --display_error_number --abi=coffabi --section_sizes=on -z -m"Smallbootloader.map" --stack_size=0x100 --warn_sections -i"/home/ismail/ti/C2000Ware_5_02_00_00/device_support/f2837xd/common/cmd" -i"/home/ismail/ti/C2000Ware_5_02_00_00/device_support/f2837xd/headers/cmd" -i"/home/ismail/ti/ccs1271/ccs/tools/compiler/ti-cgt-c2000_22.6.1.LTS/lib" -i"/home/ismail/ti/ccs1271/ccs/tools/compiler/ti-cgt-c2000_22.6.1.LTS/include" --reread_libs --diag_wrap=off --display_error_number --xml_link_info="Smallbootloader_linkInfo.xml" --entry_point=code_start --rom_model -o "Smallbootloader.out" "./assembly/F2837xD_usDelay.obj" "./assembly/fwupgradec1toc2_start.obj" "./src/F2837xD_DefaultISR.obj" "./src/F2837xD_GlobalVariableDefs.obj" "./src/F2837xD_Gpio.obj" "./src/F2837xD_SysCtrl.obj" "./src/Fapi_UserDefinedFunctions.obj" "./src/SCI_Boot.obj" "./src/SCI_GetFunction.obj" "./src/Shared_Boot.obj" "./src/Shared_Erase.obj" "./src/Shared_Verify.obj" "./src/main.obj" "/home/ismail/ti/C2000Ware_5_02_00_00/libraries/flash_api/f2837xd/lib/F021_API_F2837xD_FPU32.lib" "/home/ismail/ti/C2000Ware_5_02_00_00/libraries/boot_rom/f2837xd/rev0/rom_symbol_libs/c1_ROM_API/c1bootROM_BootROMSymbols_fpu32.lib" "../linker/2837xD_FLASH_lnk_cpu1.cmd" "../linker/F2837xD_Headers_nonBIOS_cpu1.cmd" "../linker/flash_programming_cpu1tocpu2_RAM.cmd"  -l"/home/ismail/ti/ccs1271/ccs/tools/compiler/ti-cgt-c2000_22.6.1.LTS/lib/rts2800_fpu32.lib" -llibc.a 
<Linking>
FILE: Smallbootloader.out
CODE  size (bytes): 7867
CONST size (bytes): 61
DATA  size (bytes): 10164
 
Finished building target: "Smallbootloader.out"
 

**** Build Finished ****

**** Build of configuration CPU1_FLASH__opt_level__0 for project Smallbootloader ****

/home/ismail/ti/ccs1271/ccs/utils/bin/gmake -k -j 4 all -O 
 
Building file: "../assembly/fwupgradec1toc2_start.asm"
Invoking: C2000 Compiler
"/home/ismail/ti/ccs1271/ccs/tools/compiler/ti-cgt-c2000_22.6.1.LTS/bin/cl2000" -v28 -ml -mt --cla_support=cla1 --float_support=fpu32 --tmu_support=tmu0 --vcu_support=vcu2 -O0 --include_path="/home/ismail/IOT-CANBus/TI/Bootloader/Smallbootloader/src" --include_path="/home/ismail/IOT-CANBus/TI/Bootloader/Smallbootloader/assembly" --include_path="/home/ismail/IOT-CANBus/TI/Bootloader/Smallbootloader/linker" --include_path="/home/ismail/IOT-CANBus/TI/Bootloader/Smallbootloader/headers" --include_path="/home/ismail/ti/C2000Ware_5_02_00_00/device_support/f2837xd/common/include" --include_path="/home/ismail/ti/C2000Ware_5_02_00_00/device_support/f2837xd/headers/include" --include_path="/home/ismail/ti/C2000Ware_5_02_00_00/libraries/flash_api/f2837xd/include/Constants" --include_path="/home/ismail/ti/C2000Ware_5_02_00_00/libraries/flash_api/f2837xd/include" --include_path="/home/ismail/IOT-CANBus/TI/Bootloader/Smallbootloader" --include_path="/home/ismail/ti/ccs1271/ccs/tools/compiler/ti-cgt-c2000_22.6.1.LTS/include" --advice:performance=all --define=_STANDALONE --define=_FLASH --define=_LAUNCHXL_F28379D --define=DEBUG --define=_DUAL_HEADERS --define=CPU1 --diag_suppress=10063 --diag_warning=225 --diag_wrap=off --display_error_number --abi=coffabi --section_sizes=on --preproc_with_compile --preproc_dependency="assembly/fwupgradec1toc2_start.d_raw" --obj_directory="assembly"  "../assembly/fwupgradec1toc2_start.asm"
Finished building: "../assembly/fwupgradec1toc2_start.asm"
 
Building file: "../assembly/F2837xD_usDelay.asm"
Invoking: C2000 Compiler
"/home/ismail/ti/ccs1271/ccs/tools/compiler/ti-cgt-c2000_22.6.1.LTS/bin/cl2000" -v28 -ml -mt --cla_support=cla1 --float_support=fpu32 --tmu_support=tmu0 --vcu_support=vcu2 -O0 --include_path="/home/ismail/IOT-CANBus/TI/Bootloader/Smallbootloader/src" --include_path="/home/ismail/IOT-CANBus/TI/Bootloader/Smallbootloader/assembly" --include_path="/home/ismail/IOT-CANBus/TI/Bootloader/Smallbootloader/linker" --include_path="/home/ismail/IOT-CANBus/TI/Bootloader/Smallbootloader/headers" --include_path="/home/ismail/ti/C2000Ware_5_02_00_00/device_support/f2837xd/common/include" --include_path="/home/ismail/ti/C2000Ware_5_02_00_00/device_support/f2837xd/headers/include" --include_path="/home/ismail/ti/C2000Ware_5_02_00_00/libraries/flash_api/f2837xd/include/Constants" --include_path="/home/ismail/ti/C2000Ware_5_02_00_00/libraries/flash_api/f2837xd/include" --include_path="/home/ismail/IOT-CANBus/TI/Bootloader/Smallbootloader" --include_path="/home/ismail/ti/ccs1271/ccs/tools/compiler/ti-cgt-c2000_22.6.1.LTS/include" --advice:performance=all --define=_STANDALONE --define=_FLASH --define=_LAUNCHXL_F28379D --define=DEBUG --define=_DUAL_HEADERS --define=CPU1 --diag_suppress=10063 --diag_warning=225 --diag_wrap=off --display_error_number --abi=coffabi --section_sizes=on --preproc_with_compile --preproc_dependency="assembly/F2837xD_usDelay.d_raw" --obj_directory="assembly"  "../assembly/F2837xD_usDelay.asm"
Finished building: "../assembly/F2837xD_usDelay.asm"
 
Building file: "../src/F2837xD_DefaultISR.c"
Invoking: C2000 Compiler
"/home/ismail/ti/ccs1271/ccs/tools/compiler/ti-cgt-c2000_22.6.1.LTS/bin/cl2000" -v28 -ml -mt --cla_support=cla1 --float_support=fpu32 --tmu_support=tmu0 --vcu_support=vcu2 -O0 --include_path="/home/ismail/IOT-CANBus/TI/Bootloader/Smallbootloader/src" --include_path="/home/ismail/IOT-CANBus/TI/Bootloader/Smallbootloader/assembly" --include_path="/home/ismail/IOT-CANBus/TI/Bootloader/Smallbootloader/linker" --include_path="/home/ismail/IOT-CANBus/TI/Bootloader/Smallbootloader/headers" --include_path="/home/ismail/ti/C2000Ware_5_02_00_00/device_support/f2837xd/common/include" --include_path="/home/ismail/ti/C2000Ware_5_02_00_00/device_support/f2837xd/headers/include" --include_path="/home/ismail/ti/C2000Ware_5_02_00_00/libraries/flash_api/f2837xd/include/Constants" --include_path="/home/ismail/ti/C2000Ware_5_02_00_00/libraries/flash_api/f2837xd/include" --include_path="/home/ismail/IOT-CANBus/TI/Bootloader/Smallbootloader" --include_path="/home/ismail/ti/ccs1271/ccs/tools/compiler/ti-cgt-c2000_22.6.1.LTS/include" --advice:performance=all --define=_STANDALONE --define=_FLASH --define=_LAUNCHXL_F28379D --define=DEBUG --define=_DUAL_HEADERS --define=CPU1 --diag_suppress=10063 --diag_warning=225 --diag_wrap=off --display_error_number --abi=coffabi --section_sizes=on --preproc_with_compile --preproc_dependency="src/F2837xD_DefaultISR.d_raw" --obj_directory="src"  "../src/F2837xD_DefaultISR.c"
FILE: src/F2837xD_DefaultISR.obj
CODE  size (bytes): 1413
 
Finished building: "../src/F2837xD_DefaultISR.c"
 
Building file: "../src/Fapi_UserDefinedFunctions.c"
Invoking: C2000 Compiler
"/home/ismail/ti/ccs1271/ccs/tools/compiler/ti-cgt-c2000_22.6.1.LTS/bin/cl2000" -v28 -ml -mt --cla_support=cla1 --float_support=fpu32 --tmu_support=tmu0 --vcu_support=vcu2 -O0 --include_path="/home/ismail/IOT-CANBus/TI/Bootloader/Smallbootloader/src" --include_path="/home/ismail/IOT-CANBus/TI/Bootloader/Smallbootloader/assembly" --include_path="/home/ismail/IOT-CANBus/TI/Bootloader/Smallbootloader/linker" --include_path="/home/ismail/IOT-CANBus/TI/Bootloader/Smallbootloader/headers" --include_path="/home/ismail/ti/C2000Ware_5_02_00_00/device_support/f2837xd/common/include" --include_path="/home/ismail/ti/C2000Ware_5_02_00_00/device_support/f2837xd/headers/include" --include_path="/home/ismail/ti/C2000Ware_5_02_00_00/libraries/flash_api/f2837xd/include/Constants" --include_path="/home/ismail/ti/C2000Ware_5_02_00_00/libraries/flash_api/f2837xd/include" --include_path="/home/ismail/IOT-CANBus/TI/Bootloader/Smallbootloader" --include_path="/home/ismail/ti/ccs1271/ccs/tools/compiler/ti-cgt-c2000_22.6.1.LTS/include" --advice:performance=all --define=_STANDALONE --define=_FLASH --define=_LAUNCHXL_F28379D --define=DEBUG --define=_DUAL_HEADERS --define=CPU1 --diag_suppress=10063 --diag_warning=225 --diag_wrap=off --display_error_number --abi=coffabi --section_sizes=on --preproc_with_compile --preproc_dependency="src/Fapi_UserDefinedFunctions.d_raw" --obj_directory="src"  "../src/Fapi_UserDefinedFunctions.c"
FILE: src/Fapi_UserDefinedFunctions.obj
CODE  size (bytes): 148
 
Finished building: "../src/Fapi_UserDefinedFunctions.c"
 
Building file: "../src/SCI_Boot.c"
Invoking: C2000 Compiler
"/home/ismail/ti/ccs1271/ccs/tools/compiler/ti-cgt-c2000_22.6.1.LTS/bin/cl2000" -v28 -ml -mt --cla_support=cla1 --float_support=fpu32 --tmu_support=tmu0 --vcu_support=vcu2 -O0 --include_path="/home/ismail/IOT-CANBus/TI/Bootloader/Smallbootloader/src" --include_path="/home/ismail/IOT-CANBus/TI/Bootloader/Smallbootloader/assembly" --include_path="/home/ismail/IOT-CANBus/TI/Bootloader/Smallbootloader/linker" --include_path="/home/ismail/IOT-CANBus/TI/Bootloader/Smallbootloader/headers" --include_path="/home/ismail/ti/C2000Ware_5_02_00_00/device_support/f2837xd/common/include" --include_path="/home/ismail/ti/C2000Ware_5_02_00_00/device_support/f2837xd/headers/include" --include_path="/home/ismail/ti/C2000Ware_5_02_00_00/libraries/flash_api/f2837xd/include/Constants" --include_path="/home/ismail/ti/C2000Ware_5_02_00_00/libraries/flash_api/f2837xd/include" --include_path="/home/ismail/IOT-CANBus/TI/Bootloader/Smallbootloader" --include_path="/home/ismail/ti/ccs1271/ccs/tools/compiler/ti-cgt-c2000_22.6.1.LTS/include" --advice:performance=all --define=_STANDALONE --define=_FLASH --define=_LAUNCHXL_F28379D --define=DEBUG --define=_DUAL_HEADERS --define=CPU1 --diag_suppress=10063 --diag_warning=225 --diag_wrap=off --display_error_number --abi=coffabi --section_sizes=on --preproc_with_compile --preproc_dependency="src/SCI_Boot.d_raw" --obj_directory="src"  "../src/SCI_Boot.c"
FILE: src/SCI_Boot.obj
CODE  size (bytes): 55
 
Finished building: "../src/SCI_Boot.c"
 
Building file: "../src/F2837xD_Gpio.c"
Invoking: C2000 Compiler
"/home/ismail/ti/ccs1271/ccs/tools/compiler/ti-cgt-c2000_22.6.1.LTS/bin/cl2000" -v28 -ml -mt --cla_support=cla1 --float_support=fpu32 --tmu_support=tmu0 --vcu_support=vcu2 -O0 --include_path="/home/ismail/IOT-CANBus/TI/Bootloader/Smallbootloader/src" --include_path="/home/ismail/IOT-CANBus/TI/Bootloader/Smallbootloader/assembly" --include_path="/home/ismail/IOT-CANBus/TI/Bootloader/Smallbootloader/linker" --include_path="/home/ismail/IOT-CANBus/TI/Bootloader/Smallbootloader/headers" --include_path="/home/ismail/ti/C2000Ware_5_02_00_00/device_support/f2837xd/common/include" --include_path="/home/ismail/ti/C2000Ware_5_02_00_00/device_support/f2837xd/headers/include" --include_path="/home/ismail/ti/C2000Ware_5_02_00_00/libraries/flash_api/f2837xd/include/Constants" --include_path="/home/ismail/ti/C2000Ware_5_02_00_00/libraries/flash_api/f2837xd/include" --include_path="/home/ismail/IOT-CANBus/TI/Bootloader/Smallbootloader" --include_path="/home/ismail/ti/ccs1271/ccs/tools/compiler/ti-cgt-c2000_22.6.1.LTS/include" --advice:performance=all --define=_STANDALONE --define=_FLASH --define=_LAUNCHXL_F28379D --define=DEBUG --define=_DUAL_HEADERS --define=CPU1 --diag_suppress=10063 --diag_warning=225 --diag_wrap=off --display_error_number --abi=coffabi --section_sizes=on --preproc_with_compile --preproc_dependency="src/F2837xD_Gpio.d_raw" --obj_directory="src"  "../src/F2837xD_Gpio.c"
FILE: src/F2837xD_Gpio.obj
CODE  size (bytes): 519
 
Finished building: "../src/F2837xD_Gpio.c"
 
Building file: "../src/F2837xD_SysCtrl.c"
Invoking: C2000 Compiler
"/home/ismail/ti/ccs1271/ccs/tools/compiler/ti-cgt-c2000_22.6.1.LTS/bin/cl2000" -v28 -ml -mt --cla_support=cla1 --float_support=fpu32 --tmu_support=tmu0 --vcu_support=vcu2 -O0 --include_path="/home/ismail/IOT-CANBus/TI/Bootloader/Smallbootloader/src" --include_path="/home/ismail/IOT-CANBus/TI/Bootloader/Smallbootloader/assembly" --include_path="/home/ismail/IOT-CANBus/TI/Bootloader/Smallbootloader/linker" --include_path="/home/ismail/IOT-CANBus/TI/Bootloader/Smallbootloader/headers" --include_path="/home/ismail/ti/C2000Ware_5_02_00_00/device_support/f2837xd/common/include" --include_path="/home/ismail/ti/C2000Ware_5_02_00_00/device_support/f2837xd/headers/include" --include_path="/home/ismail/ti/C2000Ware_5_02_00_00/libraries/flash_api/f2837xd/include/Constants" --include_path="/home/ismail/ti/C2000Ware_5_02_00_00/libraries/flash_api/f2837xd/include" --include_path="/home/ismail/IOT-CANBus/TI/Bootloader/Smallbootloader" --include_path="/home/ismail/ti/ccs1271/ccs/tools/compiler/ti-cgt-c2000_22.6.1.LTS/include" --advice:performance=all --define=_STANDALONE --define=_FLASH --define=_LAUNCHXL_F28379D --define=DEBUG --define=_DUAL_HEADERS --define=CPU1 --diag_suppress=10063 --diag_warning=225 --diag_wrap=off --display_error_number --abi=coffabi --section_sizes=on --preproc_with_compile --preproc_dependency="src/F2837xD_SysCtrl.d_raw" --obj_directory="src"  "../src/F2837xD_SysCtrl.c"
FILE: src/F2837xD_SysCtrl.obj
CODE  size (bytes): 1212
 
"../src/F2837xD_SysCtrl.c", line 837 (col. 47): advice #2614-D: (Performance) Use --fp_mode=relaxed to enable TMU hardware support for FP division.
Finished building: "../src/F2837xD_SysCtrl.c"
 
Building file: "../src/Shared_Erase.c"
Invoking: C2000 Compiler
"/home/ismail/ti/ccs1271/ccs/tools/compiler/ti-cgt-c2000_22.6.1.LTS/bin/cl2000" -v28 -ml -mt --cla_support=cla1 --float_support=fpu32 --tmu_support=tmu0 --vcu_support=vcu2 -O0 --include_path="/home/ismail/IOT-CANBus/TI/Bootloader/Smallbootloader/src" --include_path="/home/ismail/IOT-CANBus/TI/Bootloader/Smallbootloader/assembly" --include_path="/home/ismail/IOT-CANBus/TI/Bootloader/Smallbootloader/linker" --include_path="/home/ismail/IOT-CANBus/TI/Bootloader/Smallbootloader/headers" --include_path="/home/ismail/ti/C2000Ware_5_02_00_00/device_support/f2837xd/common/include" --include_path="/home/ismail/ti/C2000Ware_5_02_00_00/device_support/f2837xd/headers/include" --include_path="/home/ismail/ti/C2000Ware_5_02_00_00/libraries/flash_api/f2837xd/include/Constants" --include_path="/home/ismail/ti/C2000Ware_5_02_00_00/libraries/flash_api/f2837xd/include" --include_path="/home/ismail/IOT-CANBus/TI/Bootloader/Smallbootloader" --include_path="/home/ismail/ti/ccs1271/ccs/tools/compiler/ti-cgt-c2000_22.6.1.LTS/include" --advice:performance=all --define=_STANDALONE --define=_FLASH --define=_LAUNCHXL_F28379D --define=DEBUG --define=_DUAL_HEADERS --define=CPU1 --diag_suppress=10063 --diag_warning=225 --diag_wrap=off --display_error_number --abi=coffabi --section_sizes=on --preproc_with_compile --preproc_dependency="src/Shared_Erase.d_raw" --obj_directory="src"  "../src/Shared_Erase.c"
FILE: src/Shared_Erase.obj
CODE  size (bytes): 98
CONST size (bytes): 42
 
Finished building: "../src/Shared_Erase.c"
 
Building file: "../src/Shared_Boot.c"
Invoking: C2000 Compiler
"/home/ismail/ti/ccs1271/ccs/tools/compiler/ti-cgt-c2000_22.6.1.LTS/bin/cl2000" -v28 -ml -mt --cla_support=cla1 --float_support=fpu32 --tmu_support=tmu0 --vcu_support=vcu2 -O0 --include_path="/home/ismail/IOT-CANBus/TI/Bootloader/Smallbootloader/src" --include_path="/home/ismail/IOT-CANBus/TI/Bootloader/Smallbootloader/assembly" --include_path="/home/ismail/IOT-CANBus/TI/Bootloader/Smallbootloader/linker" --include_path="/home/ismail/IOT-CANBus/TI/Bootloader/Smallbootloader/headers" --include_path="/home/ismail/ti/C2000Ware_5_02_00_00/device_support/f2837xd/common/include" --include_path="/home/ismail/ti/C2000Ware_5_02_00_00/device_support/f2837xd/headers/include" --include_path="/home/ismail/ti/C2000Ware_5_02_00_00/libraries/flash_api/f2837xd/include/Constants" --include_path="/home/ismail/ti/C2000Ware_5_02_00_00/libraries/flash_api/f2837xd/include" --include_path="/home/ismail/IOT-CANBus/TI/Bootloader/Smallbootloader" --include_path="/home/ismail/ti/ccs1271/ccs/tools/compiler/ti-cgt-c2000_22.6.1.LTS/include" --advice:performance=all --define=_STANDALONE --define=_FLASH --define=_LAUNCHXL_F28379D --define=DEBUG --define=_DUAL_HEADERS --define=CPU1 --diag_suppress=10063 --diag_warning=225 --diag_wrap=off --display_error_number --abi=coffabi --section_sizes=on --preproc_with_compile --preproc_dependency="src/Shared_Boot.d_raw" --obj_directory="src"  "../src/Shared_Boot.c"
FILE: src/Shared_Boot.obj
CODE  size (bytes): 966
CONST size (bytes): 17
DATA  size (bytes): 16
 
Finished building: "../src/Shared_Boot.c"
 
Building file: "../src/SCI_GetFunction.c"
Invoking: C2000 Compiler
"/home/ismail/ti/ccs1271/ccs/tools/compiler/ti-cgt-c2000_22.6.1.LTS/bin/cl2000" -v28 -ml -mt --cla_support=cla1 --float_support=fpu32 --tmu_support=tmu0 --vcu_support=vcu2 -O0 --include_path="/home/ismail/IOT-CANBus/TI/Bootloader/Smallbootloader/src" --include_path="/home/ismail/IOT-CANBus/TI/Bootloader/Smallbootloader/assembly" --include_path="/home/ismail/IOT-CANBus/TI/Bootloader/Smallbootloader/linker" --include_path="/home/ismail/IOT-CANBus/TI/Bootloader/Smallbootloader/headers" --include_path="/home/ismail/ti/C2000Ware_5_02_00_00/device_support/f2837xd/common/include" --include_path="/home/ismail/ti/C2000Ware_5_02_00_00/device_support/f2837xd/headers/include" --include_path="/home/ismail/ti/C2000Ware_5_02_00_00/libraries/flash_api/f2837xd/include/Constants" --include_path="/home/ismail/ti/C2000Ware_5_02_00_00/libraries/flash_api/f2837xd/include" --include_path="/home/ismail/IOT-CANBus/TI/Bootloader/Smallbootloader" --include_path="/home/ismail/ti/ccs1271/ccs/tools/compiler/ti-cgt-c2000_22.6.1.LTS/include" --advice:performance=all --define=_STANDALONE --define=_FLASH --define=_LAUNCHXL_F28379D --define=DEBUG --define=_DUAL_HEADERS --define=CPU1 --diag_suppress=10063 --diag_warning=225 --diag_wrap=off --display_error_number --abi=coffabi --section_sizes=on --preproc_with_compile --preproc_dependency="src/SCI_GetFunction.d_raw" --obj_directory="src"  "../src/SCI_GetFunction.c"
FILE: src/SCI_GetFunction.obj
CODE  size (bytes): 573
DATA  size (bytes): 10
 
Finished building: "../src/SCI_GetFunction.c"
 
Building file: "../src/Shared_Verify.c"
Invoking: C2000 Compiler
"/home/ismail/ti/ccs1271/ccs/tools/compiler/ti-cgt-c2000_22.6.1.LTS/bin/cl2000" -v28 -ml -mt --cla_support=cla1 --float_support=fpu32 --tmu_support=tmu0 --vcu_support=vcu2 -O0 --include_path="/home/ismail/IOT-CANBus/TI/Bootloader/Smallbootloader/src" --include_path="/home/ismail/IOT-CANBus/TI/Bootloader/Smallbootloader/assembly" --include_path="/home/ismail/IOT-CANBus/TI/Bootloader/Smallbootloader/linker" --include_path="/home/ismail/IOT-CANBus/TI/Bootloader/Smallbootloader/headers" --include_path="/home/ismail/ti/C2000Ware_5_02_00_00/device_support/f2837xd/common/include" --include_path="/home/ismail/ti/C2000Ware_5_02_00_00/device_support/f2837xd/headers/include" --include_path="/home/ismail/ti/C2000Ware_5_02_00_00/libraries/flash_api/f2837xd/include/Constants" --include_path="/home/ismail/ti/C2000Ware_5_02_00_00/libraries/flash_api/f2837xd/include" --include_path="/home/ismail/IOT-CANBus/TI/Bootloader/Smallbootloader" --include_path="/home/ismail/ti/ccs1271/ccs/tools/compiler/ti-cgt-c2000_22.6.1.LTS/include" --advice:performance=all --define=_STANDALONE --define=_FLASH --define=_LAUNCHXL_F28379D --define=DEBUG --define=_DUAL_HEADERS --define=CPU1 --diag_suppress=10063 --diag_warning=225 --diag_wrap=off --display_error_number --abi=coffabi --section_sizes=on --preproc_with_compile --preproc_dependency="src/Shared_Verify.d_raw" --obj_directory="src"  "../src/Shared_Verify.c"
FILE: src/Shared_Verify.obj
CODE  size (bytes): 325
 
Finished building: "../src/Shared_Verify.c"
 
Building file: "../src/main.c"
Invoking: C2000 Compiler
"/home/ismail/ti/ccs1271/ccs/tools/compiler/ti-cgt-c2000_22.6.1.LTS/bin/cl2000" -v28 -ml -mt --cla_support=cla1 --float_support=fpu32 --tmu_support=tmu0 --vcu_support=vcu2 -O0 --include_path="/home/ismail/IOT-CANBus/TI/Bootloader/Smallbootloader/src" --include_path="/home/ismail/IOT-CANBus/TI/Bootloader/Smallbootloader/assembly" --include_path="/home/ismail/IOT-CANBus/TI/Bootloader/Smallbootloader/linker" --include_path="/home/ismail/IOT-CANBus/TI/Bootloader/Smallbootloader/headers" --include_path="/home/ismail/ti/C2000Ware_5_02_00_00/device_support/f2837xd/common/include" --include_path="/home/ismail/ti/C2000Ware_5_02_00_00/device_support/f2837xd/headers/include" --include_path="/home/ismail/ti/C2000Ware_5_02_00_00/libraries/flash_api/f2837xd/include/Constants" --include_path="/home/ismail/ti/C2000Ware_5_02_00_00/libraries/flash_api/f2837xd/include" --include_path="/home/ismail/IOT-CANBus/TI/Bootloader/Smallbootloader" --include_path="/home/ismail/ti/ccs1271/ccs/tools/compiler/ti-cgt-c2000_22.6.1.LTS/include" --advice:performance=all --define=_STANDALONE --define=_FLASH --define=_LAUNCHXL_F28379D --define=DEBUG --define=_DUAL_HEADERS --define=CPU1 --diag_suppress=10063 --diag_warning=225 --diag_wrap=off --display_error_number --abi=coffabi --section_sizes=on --preproc_with_compile --preproc_dependency="src/main.d_raw" --obj_directory="src"  "../src/main.c"
FILE: src/main.obj
CODE  size (bytes): 186
 
Finished building: "../src/main.c"
 
Building file: "../src/F2837xD_GlobalVariableDefs.c"
Invoking: C2000 Compiler
"/home/ismail/ti/ccs1271/ccs/tools/compiler/ti-cgt-c2000_22.6.1.LTS/bin/cl2000" -v28 -ml -mt --cla_support=cla1 --float_support=fpu32 --tmu_support=tmu0 --vcu_support=vcu2 -O0 --include_path="/home/ismail/IOT-CANBus/TI/Bootloader/Smallbootloader/src" --include_path="/home/ismail/IOT-CANBus/TI/Bootloader/Smallbootloader/assembly" --include_path="/home/ismail/IOT-CANBus/TI/Bootloader/Smallbootloader/linker" --include_path="/home/ismail/IOT-CANBus/TI/Bootloader/Smallbootloader/headers" --include_path="/home/ismail/ti/C2000Ware_5_02_00_00/device_support/f2837xd/common/include" --include_path="/home/ismail/ti/C2000Ware_5_02_00_00/device_support/f2837xd/headers/include" --include_path="/home/ismail/ti/C2000Ware_5_02_00_00/libraries/flash_api/f2837xd/include/Constants" --include_path="/home/ismail/ti/C2000Ware_5_02_00_00/libraries/flash_api/f2837xd/include" --include_path="/home/ismail/IOT-CANBus/TI/Bootloader/Smallbootloader" --include_path="/home/ismail/ti/ccs1271/ccs/tools/compiler/ti-cgt-c2000_22.6.1.LTS/include" --advice:performance=all --define=_STANDALONE --define=_FLASH --define=_LAUNCHXL_F28379D --define=DEBUG --define=_DUAL_HEADERS --define=CPU1 --diag_suppress=10063 --diag_warning=225 --diag_wrap=off --display_error_number --abi=coffabi --section_sizes=on --preproc_with_compile --preproc_dependency="src/F2837xD_GlobalVariableDefs.d_raw" --obj_directory="src"  "../src/F2837xD_GlobalVariableDefs.c"
FILE: src/F2837xD_GlobalVariableDefs.obj
DATA  size (bytes): 9870
 
Finished building: "../src/F2837xD_GlobalVariableDefs.c"
 
Building target: "Smallbootloader.out"
Invoking: C2000 Linker
"/home/ismail/ti/ccs1271/ccs/tools/compiler/ti-cgt-c2000_22.6.1.LTS/bin/cl2000" -v28 -ml -mt --cla_support=cla1 --float_support=fpu32 --tmu_support=tmu0 --vcu_support=vcu2 -O0 --advice:performance=all --define=_STANDALONE --define=_FLASH --define=_LAUNCHXL_F28379D --define=DEBUG --define=_DUAL_HEADERS --define=CPU1 --diag_suppress=10063 --diag_warning=225 --diag_wrap=off --display_error_number --abi=coffabi --section_sizes=on -z -m"Smallbootloader.map" --stack_size=0x100 --warn_sections -i"/home/ismail/ti/C2000Ware_5_02_00_00/device_support/f2837xd/common/cmd" -i"/home/ismail/ti/C2000Ware_5_02_00_00/device_support/f2837xd/headers/cmd" -i"/home/ismail/ti/ccs1271/ccs/tools/compiler/ti-cgt-c2000_22.6.1.LTS/lib" -i"/home/ismail/ti/ccs1271/ccs/tools/compiler/ti-cgt-c2000_22.6.1.LTS/include" --reread_libs --diag_wrap=off --display_error_number --xml_link_info="Smallbootloader_linkInfo.xml" --entry_point=code_start --rom_model -o "Smallbootloader.out" "./assembly/F2837xD_usDelay.obj" "./assembly/fwupgradec1toc2_start.obj" "./src/F2837xD_DefaultISR.obj" "./src/F2837xD_GlobalVariableDefs.obj" "./src/F2837xD_Gpio.obj" "./src/F2837xD_SysCtrl.obj" "./src/Fapi_UserDefinedFunctions.obj" "./src/SCI_Boot.obj" "./src/SCI_GetFunction.obj" "./src/Shared_Boot.obj" "./src/Shared_Erase.obj" "./src/Shared_Verify.obj" "./src/main.obj" "/home/ismail/ti/C2000Ware_5_02_00_00/libraries/flash_api/f2837xd/lib/F021_API_F2837xD_FPU32.lib" "/home/ismail/ti/C2000Ware_5_02_00_00/libraries/boot_rom/f2837xd/rev0/rom_symbol_libs/c1_ROM_API/c1bootROM_BootROMSymbols_fpu32.lib" "../linker/2837xD_FLASH_lnk_cpu1.cmd" "../linker/F2837xD_Headers_nonBIOS_cpu1.cmd" "../linker/flash_programming_cpu1tocpu2_RAM.cmd"  -l"/home/ismail/ti/ccs1271/ccs/tools/compiler/ti-cgt-c2000_22.6.1.LTS/lib/rts2800_fpu32.lib" -llibc.a 
<Linking>
FILE: Smallbootloader.out
CODE  size (bytes): 7470
CONST size (bytes): 61
DATA  size (bytes): 10164
 
Finished building target: "Smallbootloader.out"
 

**** Build Finished ****

**** Build of configuration CPU1_FLASH__opt_level__1 for project Smallbootloader ****

/home/ismail/ti/ccs1271/ccs/utils/bin/gmake -k -j 4 all -O 
 
Building file: "../assembly/fwupgradec1toc2_start.asm"
Invoking: C2000 Compiler
"/home/ismail/ti/ccs1271/ccs/tools/compiler/ti-cgt-c2000_22.6.1.LTS/bin/cl2000" -v28 -ml -mt --cla_support=cla1 --float_support=fpu32 --tmu_support=tmu0 --vcu_support=vcu2 -O1 --include_path="/home/ismail/IOT-CANBus/TI/Bootloader/Smallbootloader/src" --include_path="/home/ismail/IOT-CANBus/TI/Bootloader/Smallbootloader/assembly" --include_path="/home/ismail/IOT-CANBus/TI/Bootloader/Smallbootloader/linker" --include_path="/home/ismail/IOT-CANBus/TI/Bootloader/Smallbootloader/headers" --include_path="/home/ismail/ti/C2000Ware_5_02_00_00/device_support/f2837xd/common/include" --include_path="/home/ismail/ti/C2000Ware_5_02_00_00/device_support/f2837xd/headers/include" --include_path="/home/ismail/ti/C2000Ware_5_02_00_00/libraries/flash_api/f2837xd/include/Constants" --include_path="/home/ismail/ti/C2000Ware_5_02_00_00/libraries/flash_api/f2837xd/include" --include_path="/home/ismail/IOT-CANBus/TI/Bootloader/Smallbootloader" --include_path="/home/ismail/ti/ccs1271/ccs/tools/compiler/ti-cgt-c2000_22.6.1.LTS/include" --advice:performance=all --define=_STANDALONE --define=_FLASH --define=_LAUNCHXL_F28379D --define=DEBUG --define=_DUAL_HEADERS --define=CPU1 --diag_suppress=10063 --diag_warning=225 --diag_wrap=off --display_error_number --abi=coffabi --section_sizes=on --preproc_with_compile --preproc_dependency="assembly/fwupgradec1toc2_start.d_raw" --obj_directory="assembly"  "../assembly/fwupgradec1toc2_start.asm"
Finished building: "../assembly/fwupgradec1toc2_start.asm"
 
Building file: "../assembly/F2837xD_usDelay.asm"
Invoking: C2000 Compiler
"/home/ismail/ti/ccs1271/ccs/tools/compiler/ti-cgt-c2000_22.6.1.LTS/bin/cl2000" -v28 -ml -mt --cla_support=cla1 --float_support=fpu32 --tmu_support=tmu0 --vcu_support=vcu2 -O1 --include_path="/home/ismail/IOT-CANBus/TI/Bootloader/Smallbootloader/src" --include_path="/home/ismail/IOT-CANBus/TI/Bootloader/Smallbootloader/assembly" --include_path="/home/ismail/IOT-CANBus/TI/Bootloader/Smallbootloader/linker" --include_path="/home/ismail/IOT-CANBus/TI/Bootloader/Smallbootloader/headers" --include_path="/home/ismail/ti/C2000Ware_5_02_00_00/device_support/f2837xd/common/include" --include_path="/home/ismail/ti/C2000Ware_5_02_00_00/device_support/f2837xd/headers/include" --include_path="/home/ismail/ti/C2000Ware_5_02_00_00/libraries/flash_api/f2837xd/include/Constants" --include_path="/home/ismail/ti/C2000Ware_5_02_00_00/libraries/flash_api/f2837xd/include" --include_path="/home/ismail/IOT-CANBus/TI/Bootloader/Smallbootloader" --include_path="/home/ismail/ti/ccs1271/ccs/tools/compiler/ti-cgt-c2000_22.6.1.LTS/include" --advice:performance=all --define=_STANDALONE --define=_FLASH --define=_LAUNCHXL_F28379D --define=DEBUG --define=_DUAL_HEADERS --define=CPU1 --diag_suppress=10063 --diag_warning=225 --diag_wrap=off --display_error_number --abi=coffabi --section_sizes=on --preproc_with_compile --preproc_dependency="assembly/F2837xD_usDelay.d_raw" --obj_directory="assembly"  "../assembly/F2837xD_usDelay.asm"
Finished building: "../assembly/F2837xD_usDelay.asm"
 
Building file: "../src/F2837xD_DefaultISR.c"
Invoking: C2000 Compiler
"/home/ismail/ti/ccs1271/ccs/tools/compiler/ti-cgt-c2000_22.6.1.LTS/bin/cl2000" -v28 -ml -mt --cla_support=cla1 --float_support=fpu32 --tmu_support=tmu0 --vcu_support=vcu2 -O1 --include_path="/home/ismail/IOT-CANBus/TI/Bootloader/Smallbootloader/src" --include_path="/home/ismail/IOT-CANBus/TI/Bootloader/Smallbootloader/assembly" --include_path="/home/ismail/IOT-CANBus/TI/Bootloader/Smallbootloader/linker" --include_path="/home/ismail/IOT-CANBus/TI/Bootloader/Smallbootloader/headers" --include_path="/home/ismail/ti/C2000Ware_5_02_00_00/device_support/f2837xd/common/include" --include_path="/home/ismail/ti/C2000Ware_5_02_00_00/device_support/f2837xd/headers/include" --include_path="/home/ismail/ti/C2000Ware_5_02_00_00/libraries/flash_api/f2837xd/include/Constants" --include_path="/home/ismail/ti/C2000Ware_5_02_00_00/libraries/flash_api/f2837xd/include" --include_path="/home/ismail/IOT-CANBus/TI/Bootloader/Smallbootloader" --include_path="/home/ismail/ti/ccs1271/ccs/tools/compiler/ti-cgt-c2000_22.6.1.LTS/include" --advice:performance=all --define=_STANDALONE --define=_FLASH --define=_LAUNCHXL_F28379D --define=DEBUG --define=_DUAL_HEADERS --define=CPU1 --diag_suppress=10063 --diag_warning=225 --diag_wrap=off --display_error_number --abi=coffabi --section_sizes=on --preproc_with_compile --preproc_dependency="src/F2837xD_DefaultISR.d_raw" --obj_directory="src"  "../src/F2837xD_DefaultISR.c"
FILE: src/F2837xD_DefaultISR.obj
CODE  size (bytes): 1413
 
Finished building: "../src/F2837xD_DefaultISR.c"
 
Building file: "../src/Fapi_UserDefinedFunctions.c"
Invoking: C2000 Compiler
"/home/ismail/ti/ccs1271/ccs/tools/compiler/ti-cgt-c2000_22.6.1.LTS/bin/cl2000" -v28 -ml -mt --cla_support=cla1 --float_support=fpu32 --tmu_support=tmu0 --vcu_support=vcu2 -O1 --include_path="/home/ismail/IOT-CANBus/TI/Bootloader/Smallbootloader/src" --include_path="/home/ismail/IOT-CANBus/TI/Bootloader/Smallbootloader/assembly" --include_path="/home/ismail/IOT-CANBus/TI/Bootloader/Smallbootloader/linker" --include_path="/home/ismail/IOT-CANBus/TI/Bootloader/Smallbootloader/headers" --include_path="/home/ismail/ti/C2000Ware_5_02_00_00/device_support/f2837xd/common/include" --include_path="/home/ismail/ti/C2000Ware_5_02_00_00/device_support/f2837xd/headers/include" --include_path="/home/ismail/ti/C2000Ware_5_02_00_00/libraries/flash_api/f2837xd/include/Constants" --include_path="/home/ismail/ti/C2000Ware_5_02_00_00/libraries/flash_api/f2837xd/include" --include_path="/home/ismail/IOT-CANBus/TI/Bootloader/Smallbootloader" --include_path="/home/ismail/ti/ccs1271/ccs/tools/compiler/ti-cgt-c2000_22.6.1.LTS/include" --advice:performance=all --define=_STANDALONE --define=_FLASH --define=_LAUNCHXL_F28379D --define=DEBUG --define=_DUAL_HEADERS --define=CPU1 --diag_suppress=10063 --diag_warning=225 --diag_wrap=off --display_error_number --abi=coffabi --section_sizes=on --preproc_with_compile --preproc_dependency="src/Fapi_UserDefinedFunctions.d_raw" --obj_directory="src"  "../src/Fapi_UserDefinedFunctions.c"
FILE: src/Fapi_UserDefinedFunctions.obj
CODE  size (bytes): 84
 
Finished building: "../src/Fapi_UserDefinedFunctions.c"
 
Building file: "../src/F2837xD_SysCtrl.c"
Invoking: C2000 Compiler
"/home/ismail/ti/ccs1271/ccs/tools/compiler/ti-cgt-c2000_22.6.1.LTS/bin/cl2000" -v28 -ml -mt --cla_support=cla1 --float_support=fpu32 --tmu_support=tmu0 --vcu_support=vcu2 -O1 --include_path="/home/ismail/IOT-CANBus/TI/Bootloader/Smallbootloader/src" --include_path="/home/ismail/IOT-CANBus/TI/Bootloader/Smallbootloader/assembly" --include_path="/home/ismail/IOT-CANBus/TI/Bootloader/Smallbootloader/linker" --include_path="/home/ismail/IOT-CANBus/TI/Bootloader/Smallbootloader/headers" --include_path="/home/ismail/ti/C2000Ware_5_02_00_00/device_support/f2837xd/common/include" --include_path="/home/ismail/ti/C2000Ware_5_02_00_00/device_support/f2837xd/headers/include" --include_path="/home/ismail/ti/C2000Ware_5_02_00_00/libraries/flash_api/f2837xd/include/Constants" --include_path="/home/ismail/ti/C2000Ware_5_02_00_00/libraries/flash_api/f2837xd/include" --include_path="/home/ismail/IOT-CANBus/TI/Bootloader/Smallbootloader" --include_path="/home/ismail/ti/ccs1271/ccs/tools/compiler/ti-cgt-c2000_22.6.1.LTS/include" --advice:performance=all --define=_STANDALONE --define=_FLASH --define=_LAUNCHXL_F28379D --define=DEBUG --define=_DUAL_HEADERS --define=CPU1 --diag_suppress=10063 --diag_warning=225 --diag_wrap=off --display_error_number --abi=coffabi --section_sizes=on --preproc_with_compile --preproc_dependency="src/F2837xD_SysCtrl.d_raw" --obj_directory="src"  "../src/F2837xD_SysCtrl.c"
FILE: src/F2837xD_SysCtrl.obj
CODE  size (bytes): 1320
 
"../src/F2837xD_SysCtrl.c", line 837 (col. 47): advice #2614-D: (Performance) Use --fp_mode=relaxed to enable TMU hardware support for FP division.
Finished building: "../src/F2837xD_SysCtrl.c"
 
Building file: "../src/SCI_Boot.c"
Invoking: C2000 Compiler
"/home/ismail/ti/ccs1271/ccs/tools/compiler/ti-cgt-c2000_22.6.1.LTS/bin/cl2000" -v28 -ml -mt --cla_support=cla1 --float_support=fpu32 --tmu_support=tmu0 --vcu_support=vcu2 -O1 --include_path="/home/ismail/IOT-CANBus/TI/Bootloader/Smallbootloader/src" --include_path="/home/ismail/IOT-CANBus/TI/Bootloader/Smallbootloader/assembly" --include_path="/home/ismail/IOT-CANBus/TI/Bootloader/Smallbootloader/linker" --include_path="/home/ismail/IOT-CANBus/TI/Bootloader/Smallbootloader/headers" --include_path="/home/ismail/ti/C2000Ware_5_02_00_00/device_support/f2837xd/common/include" --include_path="/home/ismail/ti/C2000Ware_5_02_00_00/device_support/f2837xd/headers/include" --include_path="/home/ismail/ti/C2000Ware_5_02_00_00/libraries/flash_api/f2837xd/include/Constants" --include_path="/home/ismail/ti/C2000Ware_5_02_00_00/libraries/flash_api/f2837xd/include" --include_path="/home/ismail/IOT-CANBus/TI/Bootloader/Smallbootloader" --include_path="/home/ismail/ti/ccs1271/ccs/tools/compiler/ti-cgt-c2000_22.6.1.LTS/include" --advice:performance=all --define=_STANDALONE --define=_FLASH --define=_LAUNCHXL_F28379D --define=DEBUG --define=_DUAL_HEADERS --define=CPU1 --diag_suppress=10063 --diag_warning=225 --diag_wrap=off --display_error_number --abi=coffabi --section_sizes=on --preproc_with_compile --preproc_dependency="src/SCI_Boot.d_raw" --obj_directory="src"  "../src/SCI_Boot.c"
FILE: src/SCI_Boot.obj
CODE  size (bytes): 51
 
Finished building: "../src/SCI_Boot.c"
 
Building file: "../src/F2837xD_Gpio.c"
Invoking: C2000 Compiler
"/home/ismail/ti/ccs1271/ccs/tools/compiler/ti-cgt-c2000_22.6.1.LTS/bin/cl2000" -v28 -ml -mt --cla_support=cla1 --float_support=fpu32 --tmu_support=tmu0 --vcu_support=vcu2 -O1 --include_path="/home/ismail/IOT-CANBus/TI/Bootloader/Smallbootloader/src" --include_path="/home/ismail/IOT-CANBus/TI/Bootloader/Smallbootloader/assembly" --include_path="/home/ismail/IOT-CANBus/TI/Bootloader/Smallbootloader/linker" --include_path="/home/ismail/IOT-CANBus/TI/Bootloader/Smallbootloader/headers" --include_path="/home/ismail/ti/C2000Ware_5_02_00_00/device_support/f2837xd/common/include" --include_path="/home/ismail/ti/C2000Ware_5_02_00_00/device_support/f2837xd/headers/include" --include_path="/home/ismail/ti/C2000Ware_5_02_00_00/libraries/flash_api/f2837xd/include/Constants" --include_path="/home/ismail/ti/C2000Ware_5_02_00_00/libraries/flash_api/f2837xd/include" --include_path="/home/ismail/IOT-CANBus/TI/Bootloader/Smallbootloader" --include_path="/home/ismail/ti/ccs1271/ccs/tools/compiler/ti-cgt-c2000_22.6.1.LTS/include" --advice:performance=all --define=_STANDALONE --define=_FLASH --define=_LAUNCHXL_F28379D --define=DEBUG --define=_DUAL_HEADERS --define=CPU1 --diag_suppress=10063 --diag_warning=225 --diag_wrap=off --display_error_number --abi=coffabi --section_sizes=on --preproc_with_compile --preproc_dependency="src/F2837xD_Gpio.d_raw" --obj_directory="src"  "../src/F2837xD_Gpio.c"
FILE: src/F2837xD_Gpio.obj
CODE  size (bytes): 461
 
Finished building: "../src/F2837xD_Gpio.c"
 
Building file: "../src/Shared_Erase.c"
Invoking: C2000 Compiler
"/home/ismail/ti/ccs1271/ccs/tools/compiler/ti-cgt-c2000_22.6.1.LTS/bin/cl2000" -v28 -ml -mt --cla_support=cla1 --float_support=fpu32 --tmu_support=tmu0 --vcu_support=vcu2 -O1 --include_path="/home/ismail/IOT-CANBus/TI/Bootloader/Smallbootloader/src" --include_path="/home/ismail/IOT-CANBus/TI/Bootloader/Smallbootloader/assembly" --include_path="/home/ismail/IOT-CANBus/TI/Bootloader/Smallbootloader/linker" --include_path="/home/ismail/IOT-CANBus/TI/Bootloader/Smallbootloader/headers" --include_path="/home/ismail/ti/C2000Ware_5_02_00_00/device_support/f2837xd/common/include" --include_path="/home/ismail/ti/C2000Ware_5_02_00_00/device_support/f2837xd/headers/include" --include_path="/home/ismail/ti/C2000Ware_5_02_00_00/libraries/flash_api/f2837xd/include/Constants" --include_path="/home/ismail/ti/C2000Ware_5_02_00_00/libraries/flash_api/f2837xd/include" --include_path="/home/ismail/IOT-CANBus/TI/Bootloader/Smallbootloader" --include_path="/home/ismail/ti/ccs1271/ccs/tools/compiler/ti-cgt-c2000_22.6.1.LTS/include" --advice:performance=all --define=_STANDALONE --define=_FLASH --define=_LAUNCHXL_F28379D --define=DEBUG --define=_DUAL_HEADERS --define=CPU1 --diag_suppress=10063 --diag_warning=225 --diag_wrap=off --display_error_number --abi=coffabi --section_sizes=on --preproc_with_compile --preproc_dependency="src/Shared_Erase.d_raw" --obj_directory="src"  "../src/Shared_Erase.c"
FILE: src/Shared_Erase.obj
CODE  size (bytes): 95
CONST size (bytes): 42
 
Finished building: "../src/Shared_Erase.c"
 
Building file: "../src/Shared_Verify.c"
Invoking: C2000 Compiler
"/home/ismail/ti/ccs1271/ccs/tools/compiler/ti-cgt-c2000_22.6.1.LTS/bin/cl2000" -v28 -ml -mt --cla_support=cla1 --float_support=fpu32 --tmu_support=tmu0 --vcu_support=vcu2 -O1 --include_path="/home/ismail/IOT-CANBus/TI/Bootloader/Smallbootloader/src" --include_path="/home/ismail/IOT-CANBus/TI/Bootloader/Smallbootloader/assembly" --include_path="/home/ismail/IOT-CANBus/TI/Bootloader/Smallbootloader/linker" --include_path="/home/ismail/IOT-CANBus/TI/Bootloader/Smallbootloader/headers" --include_path="/home/ismail/ti/C2000Ware_5_02_00_00/device_support/f2837xd/common/include" --include_path="/home/ismail/ti/C2000Ware_5_02_00_00/device_support/f2837xd/headers/include" --include_path="/home/ismail/ti/C2000Ware_5_02_00_00/libraries/flash_api/f2837xd/include/Constants" --include_path="/home/ismail/ti/C2000Ware_5_02_00_00/libraries/flash_api/f2837xd/include" --include_path="/home/ismail/IOT-CANBus/TI/Bootloader/Smallbootloader" --include_path="/home/ismail/ti/ccs1271/ccs/tools/compiler/ti-cgt-c2000_22.6.1.LTS/include" --advice:performance=all --define=_STANDALONE --define=_FLASH --define=_LAUNCHXL_F28379D --define=DEBUG --define=_DUAL_HEADERS --define=CPU1 --diag_suppress=10063 --diag_warning=225 --diag_wrap=off --display_error_number --abi=coffabi --section_sizes=on --preproc_with_compile --preproc_dependency="src/Shared_Verify.d_raw" --obj_directory="src"  "../src/Shared_Verify.c"
FILE: src/Shared_Verify.obj
CODE  size (bytes): 307
 
Finished building: "../src/Shared_Verify.c"
 
Building file: "../src/Shared_Boot.c"
Invoking: C2000 Compiler
"/home/ismail/ti/ccs1271/ccs/tools/compiler/ti-cgt-c2000_22.6.1.LTS/bin/cl2000" -v28 -ml -mt --cla_support=cla1 --float_support=fpu32 --tmu_support=tmu0 --vcu_support=vcu2 -O1 --include_path="/home/ismail/IOT-CANBus/TI/Bootloader/Smallbootloader/src" --include_path="/home/ismail/IOT-CANBus/TI/Bootloader/Smallbootloader/assembly" --include_path="/home/ismail/IOT-CANBus/TI/Bootloader/Smallbootloader/linker" --include_path="/home/ismail/IOT-CANBus/TI/Bootloader/Smallbootloader/headers" --include_path="/home/ismail/ti/C2000Ware_5_02_00_00/device_support/f2837xd/common/include" --include_path="/home/ismail/ti/C2000Ware_5_02_00_00/device_support/f2837xd/headers/include" --include_path="/home/ismail/ti/C2000Ware_5_02_00_00/libraries/flash_api/f2837xd/include/Constants" --include_path="/home/ismail/ti/C2000Ware_5_02_00_00/libraries/flash_api/f2837xd/include" --include_path="/home/ismail/IOT-CANBus/TI/Bootloader/Smallbootloader" --include_path="/home/ismail/ti/ccs1271/ccs/tools/compiler/ti-cgt-c2000_22.6.1.LTS/include" --advice:performance=all --define=_STANDALONE --define=_FLASH --define=_LAUNCHXL_F28379D --define=DEBUG --define=_DUAL_HEADERS --define=CPU1 --diag_suppress=10063 --diag_warning=225 --diag_wrap=off --display_error_number --abi=coffabi --section_sizes=on --preproc_with_compile --preproc_dependency="src/Shared_Boot.d_raw" --obj_directory="src"  "../src/Shared_Boot.c"
FILE: src/Shared_Boot.obj
CODE  size (bytes): 911
CONST size (bytes): 17
DATA  size (bytes): 16
 
Finished building: "../src/Shared_Boot.c"
 
Building file: "../src/SCI_GetFunction.c"
Invoking: C2000 Compiler
"/home/ismail/ti/ccs1271/ccs/tools/compiler/ti-cgt-c2000_22.6.1.LTS/bin/cl2000" -v28 -ml -mt --cla_support=cla1 --float_support=fpu32 --tmu_support=tmu0 --vcu_support=vcu2 -O1 --include_path="/home/ismail/IOT-CANBus/TI/Bootloader/Smallbootloader/src" --include_path="/home/ismail/IOT-CANBus/TI/Bootloader/Smallbootloader/assembly" --include_path="/home/ismail/IOT-CANBus/TI/Bootloader/Smallbootloader/linker" --include_path="/home/ismail/IOT-CANBus/TI/Bootloader/Smallbootloader/headers" --include_path="/home/ismail/ti/C2000Ware_5_02_00_00/device_support/f2837xd/common/include" --include_path="/home/ismail/ti/C2000Ware_5_02_00_00/device_support/f2837xd/headers/include" --include_path="/home/ismail/ti/C2000Ware_5_02_00_00/libraries/flash_api/f2837xd/include/Constants" --include_path="/home/ismail/ti/C2000Ware_5_02_00_00/libraries/flash_api/f2837xd/include" --include_path="/home/ismail/IOT-CANBus/TI/Bootloader/Smallbootloader" --include_path="/home/ismail/ti/ccs1271/ccs/tools/compiler/ti-cgt-c2000_22.6.1.LTS/include" --advice:performance=all --define=_STANDALONE --define=_FLASH --define=_LAUNCHXL_F28379D --define=DEBUG --define=_DUAL_HEADERS --define=CPU1 --diag_suppress=10063 --diag_warning=225 --diag_wrap=off --display_error_number --abi=coffabi --section_sizes=on --preproc_with_compile --preproc_dependency="src/SCI_GetFunction.d_raw" --obj_directory="src"  "../src/SCI_GetFunction.c"
FILE: src/SCI_GetFunction.obj
CODE  size (bytes): 592
DATA  size (bytes): 10
 
Finished building: "../src/SCI_GetFunction.c"
 
Building file: "../src/F2837xD_GlobalVariableDefs.c"
Invoking: C2000 Compiler
"/home/ismail/ti/ccs1271/ccs/tools/compiler/ti-cgt-c2000_22.6.1.LTS/bin/cl2000" -v28 -ml -mt --cla_support=cla1 --float_support=fpu32 --tmu_support=tmu0 --vcu_support=vcu2 -O1 --include_path="/home/ismail/IOT-CANBus/TI/Bootloader/Smallbootloader/src" --include_path="/home/ismail/IOT-CANBus/TI/Bootloader/Smallbootloader/assembly" --include_path="/home/ismail/IOT-CANBus/TI/Bootloader/Smallbootloader/linker" --include_path="/home/ismail/IOT-CANBus/TI/Bootloader/Smallbootloader/headers" --include_path="/home/ismail/ti/C2000Ware_5_02_00_00/device_support/f2837xd/common/include" --include_path="/home/ismail/ti/C2000Ware_5_02_00_00/device_support/f2837xd/headers/include" --include_path="/home/ismail/ti/C2000Ware_5_02_00_00/libraries/flash_api/f2837xd/include/Constants" --include_path="/home/ismail/ti/C2000Ware_5_02_00_00/libraries/flash_api/f2837xd/include" --include_path="/home/ismail/IOT-CANBus/TI/Bootloader/Smallbootloader" --include_path="/home/ismail/ti/ccs1271/ccs/tools/compiler/ti-cgt-c2000_22.6.1.LTS/include" --advice:performance=all --define=_STANDALONE --define=_FLASH --define=_LAUNCHXL_F28379D --define=DEBUG --define=_DUAL_HEADERS --define=CPU1 --diag_suppress=10063 --diag_warning=225 --diag_wrap=off --display_error_number --abi=coffabi --section_sizes=on --preproc_with_compile --preproc_dependency="src/F2837xD_GlobalVariableDefs.d_raw" --obj_directory="src"  "../src/F2837xD_GlobalVariableDefs.c"
FILE: src/F2837xD_GlobalVariableDefs.obj
DATA  size (bytes): 9870
 
Finished building: "../src/F2837xD_GlobalVariableDefs.c"
 
Building file: "../src/main.c"
Invoking: C2000 Compiler
"/home/ismail/ti/ccs1271/ccs/tools/compiler/ti-cgt-c2000_22.6.1.LTS/bin/cl2000" -v28 -ml -mt --cla_support=cla1 --float_support=fpu32 --tmu_support=tmu0 --vcu_support=vcu2 -O1 --include_path="/home/ismail/IOT-CANBus/TI/Bootloader/Smallbootloader/src" --include_path="/home/ismail/IOT-CANBus/TI/Bootloader/Smallbootloader/assembly" --include_path="/home/ismail/IOT-CANBus/TI/Bootloader/Smallbootloader/linker" --include_path="/home/ismail/IOT-CANBus/TI/Bootloader/Smallbootloader/headers" --include_path="/home/ismail/ti/C2000Ware_5_02_00_00/device_support/f2837xd/common/include" --include_path="/home/ismail/ti/C2000Ware_5_02_00_00/device_support/f2837xd/headers/include" --include_path="/home/ismail/ti/C2000Ware_5_02_00_00/libraries/flash_api/f2837xd/include/Constants" --include_path="/home/ismail/ti/C2000Ware_5_02_00_00/libraries/flash_api/f2837xd/include" --include_path="/home/ismail/IOT-CANBus/TI/Bootloader/Smallbootloader" --include_path="/home/ismail/ti/ccs1271/ccs/tools/compiler/ti-cgt-c2000_22.6.1.LTS/include" --advice:performance=all --define=_STANDALONE --define=_FLASH --define=_LAUNCHXL_F28379D --define=DEBUG --define=_DUAL_HEADERS --define=CPU1 --diag_suppress=10063 --diag_warning=225 --diag_wrap=off --display_error_number --abi=coffabi --section_sizes=on --preproc_with_compile --preproc_dependency="src/main.d_raw" --obj_directory="src"  "../src/main.c"
FILE: src/main.obj
CODE  size (bytes): 177
 
Finished building: "../src/main.c"
 
Building target: "Smallbootloader.out"
Invoking: C2000 Linker
"/home/ismail/ti/ccs1271/ccs/tools/compiler/ti-cgt-c2000_22.6.1.LTS/bin/cl2000" -v28 -ml -mt --cla_support=cla1 --float_support=fpu32 --tmu_support=tmu0 --vcu_support=vcu2 -O1 --advice:performance=all --define=_STANDALONE --define=_FLASH --define=_LAUNCHXL_F28379D --define=DEBUG --define=_DUAL_HEADERS --define=CPU1 --diag_suppress=10063 --diag_warning=225 --diag_wrap=off --display_error_number --abi=coffabi --section_sizes=on -z -m"Smallbootloader.map" --stack_size=0x100 --warn_sections -i"/home/ismail/ti/C2000Ware_5_02_00_00/device_support/f2837xd/common/cmd" -i"/home/ismail/ti/C2000Ware_5_02_00_00/device_support/f2837xd/headers/cmd" -i"/home/ismail/ti/ccs1271/ccs/tools/compiler/ti-cgt-c2000_22.6.1.LTS/lib" -i"/home/ismail/ti/ccs1271/ccs/tools/compiler/ti-cgt-c2000_22.6.1.LTS/include" --reread_libs --diag_wrap=off --display_error_number --xml_link_info="Smallbootloader_linkInfo.xml" --entry_point=code_start --rom_model -o "Smallbootloader.out" "./assembly/F2837xD_usDelay.obj" "./assembly/fwupgradec1toc2_start.obj" "./src/F2837xD_DefaultISR.obj" "./src/F2837xD_GlobalVariableDefs.obj" "./src/F2837xD_Gpio.obj" "./src/F2837xD_SysCtrl.obj" "./src/Fapi_UserDefinedFunctions.obj" "./src/SCI_Boot.obj" "./src/SCI_GetFunction.obj" "./src/Shared_Boot.obj" "./src/Shared_Erase.obj" "./src/Shared_Verify.obj" "./src/main.obj" "/home/ismail/ti/C2000Ware_5_02_00_00/libraries/flash_api/f2837xd/lib/F021_API_F2837xD_FPU32.lib" "/home/ismail/ti/C2000Ware_5_02_00_00/libraries/boot_rom/f2837xd/rev0/rom_symbol_libs/c1_ROM_API/c1bootROM_BootROMSymbols_fpu32.lib" "../linker/2837xD_FLASH_lnk_cpu1.cmd" "../linker/F2837xD_Headers_nonBIOS_cpu1.cmd" "../linker/flash_programming_cpu1tocpu2_RAM.cmd"  -l"/home/ismail/ti/ccs1271/ccs/tools/compiler/ti-cgt-c2000_22.6.1.LTS/lib/rts2800_fpu32.lib" -llibc.a 
<Linking>
FILE: Smallbootloader.out
CODE  size (bytes): 7386
CONST size (bytes): 61
DATA  size (bytes): 10164
 
Finished building target: "Smallbootloader.out"
 

**** Build Finished ****

**** Build of configuration CPU1_FLASH__opt_level__2 for project Smallbootloader ****

/home/ismail/ti/ccs1271/ccs/utils/bin/gmake -k -j 4 all -O 
 
Building file: "../assembly/fwupgradec1toc2_start.asm"
Invoking: C2000 Compiler
"/home/ismail/ti/ccs1271/ccs/tools/compiler/ti-cgt-c2000_22.6.1.LTS/bin/cl2000" -v28 -ml -mt --cla_support=cla1 --float_support=fpu32 --tmu_support=tmu0 --vcu_support=vcu2 -O2 --include_path="/home/ismail/IOT-CANBus/TI/Bootloader/Smallbootloader/src" --include_path="/home/ismail/IOT-CANBus/TI/Bootloader/Smallbootloader/assembly" --include_path="/home/ismail/IOT-CANBus/TI/Bootloader/Smallbootloader/linker" --include_path="/home/ismail/IOT-CANBus/TI/Bootloader/Smallbootloader/headers" --include_path="/home/ismail/ti/C2000Ware_5_02_00_00/device_support/f2837xd/common/include" --include_path="/home/ismail/ti/C2000Ware_5_02_00_00/device_support/f2837xd/headers/include" --include_path="/home/ismail/ti/C2000Ware_5_02_00_00/libraries/flash_api/f2837xd/include/Constants" --include_path="/home/ismail/ti/C2000Ware_5_02_00_00/libraries/flash_api/f2837xd/include" --include_path="/home/ismail/IOT-CANBus/TI/Bootloader/Smallbootloader" --include_path="/home/ismail/ti/ccs1271/ccs/tools/compiler/ti-cgt-c2000_22.6.1.LTS/include" --advice:performance=all --define=_STANDALONE --define=_FLASH --define=_LAUNCHXL_F28379D --define=DEBUG --define=_DUAL_HEADERS --define=CPU1 --diag_suppress=10063 --diag_warning=225 --diag_wrap=off --display_error_number --abi=coffabi --section_sizes=on --preproc_with_compile --preproc_dependency="assembly/fwupgradec1toc2_start.d_raw" --obj_directory="assembly"  "../assembly/fwupgradec1toc2_start.asm"
Finished building: "../assembly/fwupgradec1toc2_start.asm"
 
Building file: "../assembly/F2837xD_usDelay.asm"
Invoking: C2000 Compiler
"/home/ismail/ti/ccs1271/ccs/tools/compiler/ti-cgt-c2000_22.6.1.LTS/bin/cl2000" -v28 -ml -mt --cla_support=cla1 --float_support=fpu32 --tmu_support=tmu0 --vcu_support=vcu2 -O2 --include_path="/home/ismail/IOT-CANBus/TI/Bootloader/Smallbootloader/src" --include_path="/home/ismail/IOT-CANBus/TI/Bootloader/Smallbootloader/assembly" --include_path="/home/ismail/IOT-CANBus/TI/Bootloader/Smallbootloader/linker" --include_path="/home/ismail/IOT-CANBus/TI/Bootloader/Smallbootloader/headers" --include_path="/home/ismail/ti/C2000Ware_5_02_00_00/device_support/f2837xd/common/include" --include_path="/home/ismail/ti/C2000Ware_5_02_00_00/device_support/f2837xd/headers/include" --include_path="/home/ismail/ti/C2000Ware_5_02_00_00/libraries/flash_api/f2837xd/include/Constants" --include_path="/home/ismail/ti/C2000Ware_5_02_00_00/libraries/flash_api/f2837xd/include" --include_path="/home/ismail/IOT-CANBus/TI/Bootloader/Smallbootloader" --include_path="/home/ismail/ti/ccs1271/ccs/tools/compiler/ti-cgt-c2000_22.6.1.LTS/include" --advice:performance=all --define=_STANDALONE --define=_FLASH --define=_LAUNCHXL_F28379D --define=DEBUG --define=_DUAL_HEADERS --define=CPU1 --diag_suppress=10063 --diag_warning=225 --diag_wrap=off --display_error_number --abi=coffabi --section_sizes=on --preproc_with_compile --preproc_dependency="assembly/F2837xD_usDelay.d_raw" --obj_directory="assembly"  "../assembly/F2837xD_usDelay.asm"
Finished building: "../assembly/F2837xD_usDelay.asm"
 
Building file: "../src/F2837xD_DefaultISR.c"
Invoking: C2000 Compiler
"/home/ismail/ti/ccs1271/ccs/tools/compiler/ti-cgt-c2000_22.6.1.LTS/bin/cl2000" -v28 -ml -mt --cla_support=cla1 --float_support=fpu32 --tmu_support=tmu0 --vcu_support=vcu2 -O2 --include_path="/home/ismail/IOT-CANBus/TI/Bootloader/Smallbootloader/src" --include_path="/home/ismail/IOT-CANBus/TI/Bootloader/Smallbootloader/assembly" --include_path="/home/ismail/IOT-CANBus/TI/Bootloader/Smallbootloader/linker" --include_path="/home/ismail/IOT-CANBus/TI/Bootloader/Smallbootloader/headers" --include_path="/home/ismail/ti/C2000Ware_5_02_00_00/device_support/f2837xd/common/include" --include_path="/home/ismail/ti/C2000Ware_5_02_00_00/device_support/f2837xd/headers/include" --include_path="/home/ismail/ti/C2000Ware_5_02_00_00/libraries/flash_api/f2837xd/include/Constants" --include_path="/home/ismail/ti/C2000Ware_5_02_00_00/libraries/flash_api/f2837xd/include" --include_path="/home/ismail/IOT-CANBus/TI/Bootloader/Smallbootloader" --include_path="/home/ismail/ti/ccs1271/ccs/tools/compiler/ti-cgt-c2000_22.6.1.LTS/include" --advice:performance=all --define=_STANDALONE --define=_FLASH --define=_LAUNCHXL_F28379D --define=DEBUG --define=_DUAL_HEADERS --define=CPU1 --diag_suppress=10063 --diag_warning=225 --diag_wrap=off --display_error_number --abi=coffabi --section_sizes=on --preproc_with_compile --preproc_dependency="src/F2837xD_DefaultISR.d_raw" --obj_directory="src"  "../src/F2837xD_DefaultISR.c"
FILE: src/F2837xD_DefaultISR.obj
CODE  size (bytes): 1413
 
Finished building: "../src/F2837xD_DefaultISR.c"
 
Building file: "../src/Fapi_UserDefinedFunctions.c"
Invoking: C2000 Compiler
"/home/ismail/ti/ccs1271/ccs/tools/compiler/ti-cgt-c2000_22.6.1.LTS/bin/cl2000" -v28 -ml -mt --cla_support=cla1 --float_support=fpu32 --tmu_support=tmu0 --vcu_support=vcu2 -O2 --include_path="/home/ismail/IOT-CANBus/TI/Bootloader/Smallbootloader/src" --include_path="/home/ismail/IOT-CANBus/TI/Bootloader/Smallbootloader/assembly" --include_path="/home/ismail/IOT-CANBus/TI/Bootloader/Smallbootloader/linker" --include_path="/home/ismail/IOT-CANBus/TI/Bootloader/Smallbootloader/headers" --include_path="/home/ismail/ti/C2000Ware_5_02_00_00/device_support/f2837xd/common/include" --include_path="/home/ismail/ti/C2000Ware_5_02_00_00/device_support/f2837xd/headers/include" --include_path="/home/ismail/ti/C2000Ware_5_02_00_00/libraries/flash_api/f2837xd/include/Constants" --include_path="/home/ismail/ti/C2000Ware_5_02_00_00/libraries/flash_api/f2837xd/include" --include_path="/home/ismail/IOT-CANBus/TI/Bootloader/Smallbootloader" --include_path="/home/ismail/ti/ccs1271/ccs/tools/compiler/ti-cgt-c2000_22.6.1.LTS/include" --advice:performance=all --define=_STANDALONE --define=_FLASH --define=_LAUNCHXL_F28379D --define=DEBUG --define=_DUAL_HEADERS --define=CPU1 --diag_suppress=10063 --diag_warning=225 --diag_wrap=off --display_error_number --abi=coffabi --section_sizes=on --preproc_with_compile --preproc_dependency="src/Fapi_UserDefinedFunctions.d_raw" --obj_directory="src"  "../src/Fapi_UserDefinedFunctions.c"
FILE: src/Fapi_UserDefinedFunctions.obj
CODE  size (bytes): 84
 
Finished building: "../src/Fapi_UserDefinedFunctions.c"
 
Building file: "../src/F2837xD_Gpio.c"
Invoking: C2000 Compiler
"/home/ismail/ti/ccs1271/ccs/tools/compiler/ti-cgt-c2000_22.6.1.LTS/bin/cl2000" -v28 -ml -mt --cla_support=cla1 --float_support=fpu32 --tmu_support=tmu0 --vcu_support=vcu2 -O2 --include_path="/home/ismail/IOT-CANBus/TI/Bootloader/Smallbootloader/src" --include_path="/home/ismail/IOT-CANBus/TI/Bootloader/Smallbootloader/assembly" --include_path="/home/ismail/IOT-CANBus/TI/Bootloader/Smallbootloader/linker" --include_path="/home/ismail/IOT-CANBus/TI/Bootloader/Smallbootloader/headers" --include_path="/home/ismail/ti/C2000Ware_5_02_00_00/device_support/f2837xd/common/include" --include_path="/home/ismail/ti/C2000Ware_5_02_00_00/device_support/f2837xd/headers/include" --include_path="/home/ismail/ti/C2000Ware_5_02_00_00/libraries/flash_api/f2837xd/include/Constants" --include_path="/home/ismail/ti/C2000Ware_5_02_00_00/libraries/flash_api/f2837xd/include" --include_path="/home/ismail/IOT-CANBus/TI/Bootloader/Smallbootloader" --include_path="/home/ismail/ti/ccs1271/ccs/tools/compiler/ti-cgt-c2000_22.6.1.LTS/include" --advice:performance=all --define=_STANDALONE --define=_FLASH --define=_LAUNCHXL_F28379D --define=DEBUG --define=_DUAL_HEADERS --define=CPU1 --diag_suppress=10063 --diag_warning=225 --diag_wrap=off --display_error_number --abi=coffabi --section_sizes=on --preproc_with_compile --preproc_dependency="src/F2837xD_Gpio.d_raw" --obj_directory="src"  "../src/F2837xD_Gpio.c"
FILE: src/F2837xD_Gpio.obj
CODE  size (bytes): 458
 
Finished building: "../src/F2837xD_Gpio.c"
 
Building file: "../src/SCI_Boot.c"
Invoking: C2000 Compiler
"/home/ismail/ti/ccs1271/ccs/tools/compiler/ti-cgt-c2000_22.6.1.LTS/bin/cl2000" -v28 -ml -mt --cla_support=cla1 --float_support=fpu32 --tmu_support=tmu0 --vcu_support=vcu2 -O2 --include_path="/home/ismail/IOT-CANBus/TI/Bootloader/Smallbootloader/src" --include_path="/home/ismail/IOT-CANBus/TI/Bootloader/Smallbootloader/assembly" --include_path="/home/ismail/IOT-CANBus/TI/Bootloader/Smallbootloader/linker" --include_path="/home/ismail/IOT-CANBus/TI/Bootloader/Smallbootloader/headers" --include_path="/home/ismail/ti/C2000Ware_5_02_00_00/device_support/f2837xd/common/include" --include_path="/home/ismail/ti/C2000Ware_5_02_00_00/device_support/f2837xd/headers/include" --include_path="/home/ismail/ti/C2000Ware_5_02_00_00/libraries/flash_api/f2837xd/include/Constants" --include_path="/home/ismail/ti/C2000Ware_5_02_00_00/libraries/flash_api/f2837xd/include" --include_path="/home/ismail/IOT-CANBus/TI/Bootloader/Smallbootloader" --include_path="/home/ismail/ti/ccs1271/ccs/tools/compiler/ti-cgt-c2000_22.6.1.LTS/include" --advice:performance=all --define=_STANDALONE --define=_FLASH --define=_LAUNCHXL_F28379D --define=DEBUG --define=_DUAL_HEADERS --define=CPU1 --diag_suppress=10063 --diag_warning=225 --diag_wrap=off --display_error_number --abi=coffabi --section_sizes=on --preproc_with_compile --preproc_dependency="src/SCI_Boot.d_raw" --obj_directory="src"  "../src/SCI_Boot.c"
FILE: src/SCI_Boot.obj
CODE  size (bytes): 41
 
Finished building: "../src/SCI_Boot.c"
 
Building file: "../src/F2837xD_SysCtrl.c"
Invoking: C2000 Compiler
"/home/ismail/ti/ccs1271/ccs/tools/compiler/ti-cgt-c2000_22.6.1.LTS/bin/cl2000" -v28 -ml -mt --cla_support=cla1 --float_support=fpu32 --tmu_support=tmu0 --vcu_support=vcu2 -O2 --include_path="/home/ismail/IOT-CANBus/TI/Bootloader/Smallbootloader/src" --include_path="/home/ismail/IOT-CANBus/TI/Bootloader/Smallbootloader/assembly" --include_path="/home/ismail/IOT-CANBus/TI/Bootloader/Smallbootloader/linker" --include_path="/home/ismail/IOT-CANBus/TI/Bootloader/Smallbootloader/headers" --include_path="/home/ismail/ti/C2000Ware_5_02_00_00/device_support/f2837xd/common/include" --include_path="/home/ismail/ti/C2000Ware_5_02_00_00/device_support/f2837xd/headers/include" --include_path="/home/ismail/ti/C2000Ware_5_02_00_00/libraries/flash_api/f2837xd/include/Constants" --include_path="/home/ismail/ti/C2000Ware_5_02_00_00/libraries/flash_api/f2837xd/include" --include_path="/home/ismail/IOT-CANBus/TI/Bootloader/Smallbootloader" --include_path="/home/ismail/ti/ccs1271/ccs/tools/compiler/ti-cgt-c2000_22.6.1.LTS/include" --advice:performance=all --define=_STANDALONE --define=_FLASH --define=_LAUNCHXL_F28379D --define=DEBUG --define=_DUAL_HEADERS --define=CPU1 --diag_suppress=10063 --diag_warning=225 --diag_wrap=off --display_error_number --abi=coffabi --section_sizes=on --preproc_with_compile --preproc_dependency="src/F2837xD_SysCtrl.d_raw" --obj_directory="src"  "../src/F2837xD_SysCtrl.c"
FILE: src/F2837xD_SysCtrl.obj
CODE  size (bytes): 1353
 
"../src/F2837xD_SysCtrl.c", line 837 (col. 47): advice #2614-D: (Performance) Use --fp_mode=relaxed to enable TMU hardware support for FP division.
Finished building: "../src/F2837xD_SysCtrl.c"
 
Building file: "../src/Shared_Erase.c"
Invoking: C2000 Compiler
"/home/ismail/ti/ccs1271/ccs/tools/compiler/ti-cgt-c2000_22.6.1.LTS/bin/cl2000" -v28 -ml -mt --cla_support=cla1 --float_support=fpu32 --tmu_support=tmu0 --vcu_support=vcu2 -O2 --include_path="/home/ismail/IOT-CANBus/TI/Bootloader/Smallbootloader/src" --include_path="/home/ismail/IOT-CANBus/TI/Bootloader/Smallbootloader/assembly" --include_path="/home/ismail/IOT-CANBus/TI/Bootloader/Smallbootloader/linker" --include_path="/home/ismail/IOT-CANBus/TI/Bootloader/Smallbootloader/headers" --include_path="/home/ismail/ti/C2000Ware_5_02_00_00/device_support/f2837xd/common/include" --include_path="/home/ismail/ti/C2000Ware_5_02_00_00/device_support/f2837xd/headers/include" --include_path="/home/ismail/ti/C2000Ware_5_02_00_00/libraries/flash_api/f2837xd/include/Constants" --include_path="/home/ismail/ti/C2000Ware_5_02_00_00/libraries/flash_api/f2837xd/include" --include_path="/home/ismail/IOT-CANBus/TI/Bootloader/Smallbootloader" --include_path="/home/ismail/ti/ccs1271/ccs/tools/compiler/ti-cgt-c2000_22.6.1.LTS/include" --advice:performance=all --define=_STANDALONE --define=_FLASH --define=_LAUNCHXL_F28379D --define=DEBUG --define=_DUAL_HEADERS --define=CPU1 --diag_suppress=10063 --diag_warning=225 --diag_wrap=off --display_error_number --abi=coffabi --section_sizes=on --preproc_with_compile --preproc_dependency="src/Shared_Erase.d_raw" --obj_directory="src"  "../src/Shared_Erase.c"
FILE: src/Shared_Erase.obj
CODE  size (bytes): 87
CONST size (bytes): 42
 
Finished building: "../src/Shared_Erase.c"
 
Building file: "../src/Shared_Verify.c"
Invoking: C2000 Compiler
"/home/ismail/ti/ccs1271/ccs/tools/compiler/ti-cgt-c2000_22.6.1.LTS/bin/cl2000" -v28 -ml -mt --cla_support=cla1 --float_support=fpu32 --tmu_support=tmu0 --vcu_support=vcu2 -O2 --include_path="/home/ismail/IOT-CANBus/TI/Bootloader/Smallbootloader/src" --include_path="/home/ismail/IOT-CANBus/TI/Bootloader/Smallbootloader/assembly" --include_path="/home/ismail/IOT-CANBus/TI/Bootloader/Smallbootloader/linker" --include_path="/home/ismail/IOT-CANBus/TI/Bootloader/Smallbootloader/headers" --include_path="/home/ismail/ti/C2000Ware_5_02_00_00/device_support/f2837xd/common/include" --include_path="/home/ismail/ti/C2000Ware_5_02_00_00/device_support/f2837xd/headers/include" --include_path="/home/ismail/ti/C2000Ware_5_02_00_00/libraries/flash_api/f2837xd/include/Constants" --include_path="/home/ismail/ti/C2000Ware_5_02_00_00/libraries/flash_api/f2837xd/include" --include_path="/home/ismail/IOT-CANBus/TI/Bootloader/Smallbootloader" --include_path="/home/ismail/ti/ccs1271/ccs/tools/compiler/ti-cgt-c2000_22.6.1.LTS/include" --advice:performance=all --define=_STANDALONE --define=_FLASH --define=_LAUNCHXL_F28379D --define=DEBUG --define=_DUAL_HEADERS --define=CPU1 --diag_suppress=10063 --diag_warning=225 --diag_wrap=off --display_error_number --abi=coffabi --section_sizes=on --preproc_with_compile --preproc_dependency="src/Shared_Verify.d_raw" --obj_directory="src"  "../src/Shared_Verify.c"
FILE: src/Shared_Verify.obj
CODE  size (bytes): 359
 
Finished building: "../src/Shared_Verify.c"
 
Building file: "../src/Shared_Boot.c"
Invoking: C2000 Compiler
"/home/ismail/ti/ccs1271/ccs/tools/compiler/ti-cgt-c2000_22.6.1.LTS/bin/cl2000" -v28 -ml -mt --cla_support=cla1 --float_support=fpu32 --tmu_support=tmu0 --vcu_support=vcu2 -O2 --include_path="/home/ismail/IOT-CANBus/TI/Bootloader/Smallbootloader/src" --include_path="/home/ismail/IOT-CANBus/TI/Bootloader/Smallbootloader/assembly" --include_path="/home/ismail/IOT-CANBus/TI/Bootloader/Smallbootloader/linker" --include_path="/home/ismail/IOT-CANBus/TI/Bootloader/Smallbootloader/headers" --include_path="/home/ismail/ti/C2000Ware_5_02_00_00/device_support/f2837xd/common/include" --include_path="/home/ismail/ti/C2000Ware_5_02_00_00/device_support/f2837xd/headers/include" --include_path="/home/ismail/ti/C2000Ware_5_02_00_00/libraries/flash_api/f2837xd/include/Constants" --include_path="/home/ismail/ti/C2000Ware_5_02_00_00/libraries/flash_api/f2837xd/include" --include_path="/home/ismail/IOT-CANBus/TI/Bootloader/Smallbootloader" --include_path="/home/ismail/ti/ccs1271/ccs/tools/compiler/ti-cgt-c2000_22.6.1.LTS/include" --advice:performance=all --define=_STANDALONE --define=_FLASH --define=_LAUNCHXL_F28379D --define=DEBUG --define=_DUAL_HEADERS --define=CPU1 --diag_suppress=10063 --diag_warning=225 --diag_wrap=off --display_error_number --abi=coffabi --section_sizes=on --preproc_with_compile --preproc_dependency="src/Shared_Boot.d_raw" --obj_directory="src"  "../src/Shared_Boot.c"
FILE: src/Shared_Boot.obj
CODE  size (bytes): 962
CONST size (bytes): 17
DATA  size (bytes): 16
 
Finished building: "../src/Shared_Boot.c"
 
Building file: "../src/SCI_GetFunction.c"
Invoking: C2000 Compiler
"/home/ismail/ti/ccs1271/ccs/tools/compiler/ti-cgt-c2000_22.6.1.LTS/bin/cl2000" -v28 -ml -mt --cla_support=cla1 --float_support=fpu32 --tmu_support=tmu0 --vcu_support=vcu2 -O2 --include_path="/home/ismail/IOT-CANBus/TI/Bootloader/Smallbootloader/src" --include_path="/home/ismail/IOT-CANBus/TI/Bootloader/Smallbootloader/assembly" --include_path="/home/ismail/IOT-CANBus/TI/Bootloader/Smallbootloader/linker" --include_path="/home/ismail/IOT-CANBus/TI/Bootloader/Smallbootloader/headers" --include_path="/home/ismail/ti/C2000Ware_5_02_00_00/device_support/f2837xd/common/include" --include_path="/home/ismail/ti/C2000Ware_5_02_00_00/device_support/f2837xd/headers/include" --include_path="/home/ismail/ti/C2000Ware_5_02_00_00/libraries/flash_api/f2837xd/include/Constants" --include_path="/home/ismail/ti/C2000Ware_5_02_00_00/libraries/flash_api/f2837xd/include" --include_path="/home/ismail/IOT-CANBus/TI/Bootloader/Smallbootloader" --include_path="/home/ismail/ti/ccs1271/ccs/tools/compiler/ti-cgt-c2000_22.6.1.LTS/include" --advice:performance=all --define=_STANDALONE --define=_FLASH --define=_LAUNCHXL_F28379D --define=DEBUG --define=_DUAL_HEADERS --define=CPU1 --diag_suppress=10063 --diag_warning=225 --diag_wrap=off --display_error_number --abi=coffabi --section_sizes=on --preproc_with_compile --preproc_dependency="src/SCI_GetFunction.d_raw" --obj_directory="src"  "../src/SCI_GetFunction.c"
FILE: src/SCI_GetFunction.obj
CODE  size (bytes): 583
DATA  size (bytes): 10
 
Finished building: "../src/SCI_GetFunction.c"
 
Building file: "../src/F2837xD_GlobalVariableDefs.c"
Invoking: C2000 Compiler
"/home/ismail/ti/ccs1271/ccs/tools/compiler/ti-cgt-c2000_22.6.1.LTS/bin/cl2000" -v28 -ml -mt --cla_support=cla1 --float_support=fpu32 --tmu_support=tmu0 --vcu_support=vcu2 -O2 --include_path="/home/ismail/IOT-CANBus/TI/Bootloader/Smallbootloader/src" --include_path="/home/ismail/IOT-CANBus/TI/Bootloader/Smallbootloader/assembly" --include_path="/home/ismail/IOT-CANBus/TI/Bootloader/Smallbootloader/linker" --include_path="/home/ismail/IOT-CANBus/TI/Bootloader/Smallbootloader/headers" --include_path="/home/ismail/ti/C2000Ware_5_02_00_00/device_support/f2837xd/common/include" --include_path="/home/ismail/ti/C2000Ware_5_02_00_00/device_support/f2837xd/headers/include" --include_path="/home/ismail/ti/C2000Ware_5_02_00_00/libraries/flash_api/f2837xd/include/Constants" --include_path="/home/ismail/ti/C2000Ware_5_02_00_00/libraries/flash_api/f2837xd/include" --include_path="/home/ismail/IOT-CANBus/TI/Bootloader/Smallbootloader" --include_path="/home/ismail/ti/ccs1271/ccs/tools/compiler/ti-cgt-c2000_22.6.1.LTS/include" --advice:performance=all --define=_STANDALONE --define=_FLASH --define=_LAUNCHXL_F28379D --define=DEBUG --define=_DUAL_HEADERS --define=CPU1 --diag_suppress=10063 --diag_warning=225 --diag_wrap=off --display_error_number --abi=coffabi --section_sizes=on --preproc_with_compile --preproc_dependency="src/F2837xD_GlobalVariableDefs.d_raw" --obj_directory="src"  "../src/F2837xD_GlobalVariableDefs.c"
FILE: src/F2837xD_GlobalVariableDefs.obj
DATA  size (bytes): 9870
 
Finished building: "../src/F2837xD_GlobalVariableDefs.c"
 
Building file: "../src/main.c"
Invoking: C2000 Compiler
"/home/ismail/ti/ccs1271/ccs/tools/compiler/ti-cgt-c2000_22.6.1.LTS/bin/cl2000" -v28 -ml -mt --cla_support=cla1 --float_support=fpu32 --tmu_support=tmu0 --vcu_support=vcu2 -O2 --include_path="/home/ismail/IOT-CANBus/TI/Bootloader/Smallbootloader/src" --include_path="/home/ismail/IOT-CANBus/TI/Bootloader/Smallbootloader/assembly" --include_path="/home/ismail/IOT-CANBus/TI/Bootloader/Smallbootloader/linker" --include_path="/home/ismail/IOT-CANBus/TI/Bootloader/Smallbootloader/headers" --include_path="/home/ismail/ti/C2000Ware_5_02_00_00/device_support/f2837xd/common/include" --include_path="/home/ismail/ti/C2000Ware_5_02_00_00/device_support/f2837xd/headers/include" --include_path="/home/ismail/ti/C2000Ware_5_02_00_00/libraries/flash_api/f2837xd/include/Constants" --include_path="/home/ismail/ti/C2000Ware_5_02_00_00/libraries/flash_api/f2837xd/include" --include_path="/home/ismail/IOT-CANBus/TI/Bootloader/Smallbootloader" --include_path="/home/ismail/ti/ccs1271/ccs/tools/compiler/ti-cgt-c2000_22.6.1.LTS/include" --advice:performance=all --define=_STANDALONE --define=_FLASH --define=_LAUNCHXL_F28379D --define=DEBUG --define=_DUAL_HEADERS --define=CPU1 --diag_suppress=10063 --diag_warning=225 --diag_wrap=off --display_error_number --abi=coffabi --section_sizes=on --preproc_with_compile --preproc_dependency="src/main.d_raw" --obj_directory="src"  "../src/main.c"
FILE: src/main.obj
CODE  size (bytes): 68
 
Finished building: "../src/main.c"
 
Building target: "Smallbootloader.out"
Invoking: C2000 Linker
"/home/ismail/ti/ccs1271/ccs/tools/compiler/ti-cgt-c2000_22.6.1.LTS/bin/cl2000" -v28 -ml -mt --cla_support=cla1 --float_support=fpu32 --tmu_support=tmu0 --vcu_support=vcu2 -O2 --advice:performance=all --define=_STANDALONE --define=_FLASH --define=_LAUNCHXL_F28379D --define=DEBUG --define=_DUAL_HEADERS --define=CPU1 --diag_suppress=10063 --diag_warning=225 --diag_wrap=off --display_error_number --abi=coffabi --section_sizes=on -z -m"Smallbootloader.map" --stack_size=0x100 --warn_sections -i"/home/ismail/ti/C2000Ware_5_02_00_00/device_support/f2837xd/common/cmd" -i"/home/ismail/ti/C2000Ware_5_02_00_00/device_support/f2837xd/headers/cmd" -i"/home/ismail/ti/ccs1271/ccs/tools/compiler/ti-cgt-c2000_22.6.1.LTS/lib" -i"/home/ismail/ti/ccs1271/ccs/tools/compiler/ti-cgt-c2000_22.6.1.LTS/include" --reread_libs --diag_wrap=off --display_error_number --xml_link_info="Smallbootloader_linkInfo.xml" --entry_point=code_start --rom_model -o "Smallbootloader.out" "./assembly/F2837xD_usDelay.obj" "./assembly/fwupgradec1toc2_start.obj" "./src/F2837xD_DefaultISR.obj" "./src/F2837xD_GlobalVariableDefs.obj" "./src/F2837xD_Gpio.obj" "./src/F2837xD_SysCtrl.obj" "./src/Fapi_UserDefinedFunctions.obj" "./src/SCI_Boot.obj" "./src/SCI_GetFunction.obj" "./src/Shared_Boot.obj" "./src/Shared_Erase.obj" "./src/Shared_Verify.obj" "./src/main.obj" "/home/ismail/ti/C2000Ware_5_02_00_00/libraries/flash_api/f2837xd/lib/F021_API_F2837xD_FPU32.lib" "/home/ismail/ti/C2000Ware_5_02_00_00/libraries/boot_rom/f2837xd/rev0/rom_symbol_libs/c1_ROM_API/c1bootROM_BootROMSymbols_fpu32.lib" "../linker/2837xD_FLASH_lnk_cpu1.cmd" "../linker/F2837xD_Headers_nonBIOS_cpu1.cmd" "../linker/flash_programming_cpu1tocpu2_RAM.cmd"  -l"/home/ismail/ti/ccs1271/ccs/tools/compiler/ti-cgt-c2000_22.6.1.LTS/lib/rts2800_fpu32.lib" -llibc.a 
<Linking>
FILE: Smallbootloader.out
CODE  size (bytes): 7383
CONST size (bytes): 61
DATA  size (bytes): 10164
 
Finished building target: "Smallbootloader.out"
 

**** Build Finished ****

**** Build of configuration CPU1_FLASH__opt_level__3 for project Smallbootloader ****

/home/ismail/ti/ccs1271/ccs/utils/bin/gmake -k -j 4 all -O 
 
Building file: "../assembly/fwupgradec1toc2_start.asm"
Invoking: C2000 Compiler
"/home/ismail/ti/ccs1271/ccs/tools/compiler/ti-cgt-c2000_22.6.1.LTS/bin/cl2000" -v28 -ml -mt --cla_support=cla1 --float_support=fpu32 --tmu_support=tmu0 --vcu_support=vcu2 -O3 --include_path="/home/ismail/IOT-CANBus/TI/Bootloader/Smallbootloader/src" --include_path="/home/ismail/IOT-CANBus/TI/Bootloader/Smallbootloader/assembly" --include_path="/home/ismail/IOT-CANBus/TI/Bootloader/Smallbootloader/linker" --include_path="/home/ismail/IOT-CANBus/TI/Bootloader/Smallbootloader/headers" --include_path="/home/ismail/ti/C2000Ware_5_02_00_00/device_support/f2837xd/common/include" --include_path="/home/ismail/ti/C2000Ware_5_02_00_00/device_support/f2837xd/headers/include" --include_path="/home/ismail/ti/C2000Ware_5_02_00_00/libraries/flash_api/f2837xd/include/Constants" --include_path="/home/ismail/ti/C2000Ware_5_02_00_00/libraries/flash_api/f2837xd/include" --include_path="/home/ismail/IOT-CANBus/TI/Bootloader/Smallbootloader" --include_path="/home/ismail/ti/ccs1271/ccs/tools/compiler/ti-cgt-c2000_22.6.1.LTS/include" --advice:performance=all --define=_STANDALONE --define=_FLASH --define=_LAUNCHXL_F28379D --define=DEBUG --define=_DUAL_HEADERS --define=CPU1 --diag_suppress=10063 --diag_warning=225 --diag_wrap=off --display_error_number --abi=coffabi --section_sizes=on --preproc_with_compile --preproc_dependency="assembly/fwupgradec1toc2_start.d_raw" --obj_directory="assembly"  "../assembly/fwupgradec1toc2_start.asm"
Finished building: "../assembly/fwupgradec1toc2_start.asm"
 
Building file: "../assembly/F2837xD_usDelay.asm"
Invoking: C2000 Compiler
"/home/ismail/ti/ccs1271/ccs/tools/compiler/ti-cgt-c2000_22.6.1.LTS/bin/cl2000" -v28 -ml -mt --cla_support=cla1 --float_support=fpu32 --tmu_support=tmu0 --vcu_support=vcu2 -O3 --include_path="/home/ismail/IOT-CANBus/TI/Bootloader/Smallbootloader/src" --include_path="/home/ismail/IOT-CANBus/TI/Bootloader/Smallbootloader/assembly" --include_path="/home/ismail/IOT-CANBus/TI/Bootloader/Smallbootloader/linker" --include_path="/home/ismail/IOT-CANBus/TI/Bootloader/Smallbootloader/headers" --include_path="/home/ismail/ti/C2000Ware_5_02_00_00/device_support/f2837xd/common/include" --include_path="/home/ismail/ti/C2000Ware_5_02_00_00/device_support/f2837xd/headers/include" --include_path="/home/ismail/ti/C2000Ware_5_02_00_00/libraries/flash_api/f2837xd/include/Constants" --include_path="/home/ismail/ti/C2000Ware_5_02_00_00/libraries/flash_api/f2837xd/include" --include_path="/home/ismail/IOT-CANBus/TI/Bootloader/Smallbootloader" --include_path="/home/ismail/ti/ccs1271/ccs/tools/compiler/ti-cgt-c2000_22.6.1.LTS/include" --advice:performance=all --define=_STANDALONE --define=_FLASH --define=_LAUNCHXL_F28379D --define=DEBUG --define=_DUAL_HEADERS --define=CPU1 --diag_suppress=10063 --diag_warning=225 --diag_wrap=off --display_error_number --abi=coffabi --section_sizes=on --preproc_with_compile --preproc_dependency="assembly/F2837xD_usDelay.d_raw" --obj_directory="assembly"  "../assembly/F2837xD_usDelay.asm"
Finished building: "../assembly/F2837xD_usDelay.asm"
 
Building file: "../src/F2837xD_DefaultISR.c"
Invoking: C2000 Compiler
"/home/ismail/ti/ccs1271/ccs/tools/compiler/ti-cgt-c2000_22.6.1.LTS/bin/cl2000" -v28 -ml -mt --cla_support=cla1 --float_support=fpu32 --tmu_support=tmu0 --vcu_support=vcu2 -O3 --include_path="/home/ismail/IOT-CANBus/TI/Bootloader/Smallbootloader/src" --include_path="/home/ismail/IOT-CANBus/TI/Bootloader/Smallbootloader/assembly" --include_path="/home/ismail/IOT-CANBus/TI/Bootloader/Smallbootloader/linker" --include_path="/home/ismail/IOT-CANBus/TI/Bootloader/Smallbootloader/headers" --include_path="/home/ismail/ti/C2000Ware_5_02_00_00/device_support/f2837xd/common/include" --include_path="/home/ismail/ti/C2000Ware_5_02_00_00/device_support/f2837xd/headers/include" --include_path="/home/ismail/ti/C2000Ware_5_02_00_00/libraries/flash_api/f2837xd/include/Constants" --include_path="/home/ismail/ti/C2000Ware_5_02_00_00/libraries/flash_api/f2837xd/include" --include_path="/home/ismail/IOT-CANBus/TI/Bootloader/Smallbootloader" --include_path="/home/ismail/ti/ccs1271/ccs/tools/compiler/ti-cgt-c2000_22.6.1.LTS/include" --advice:performance=all --define=_STANDALONE --define=_FLASH --define=_LAUNCHXL_F28379D --define=DEBUG --define=_DUAL_HEADERS --define=CPU1 --diag_suppress=10063 --diag_warning=225 --diag_wrap=off --display_error_number --abi=coffabi --section_sizes=on --preproc_with_compile --preproc_dependency="src/F2837xD_DefaultISR.d_raw" --obj_directory="src"  "../src/F2837xD_DefaultISR.c"
FILE: src/F2837xD_DefaultISR.obj
CODE  size (bytes): 1413
 
Finished building: "../src/F2837xD_DefaultISR.c"
 
Building file: "../src/Fapi_UserDefinedFunctions.c"
Invoking: C2000 Compiler
"/home/ismail/ti/ccs1271/ccs/tools/compiler/ti-cgt-c2000_22.6.1.LTS/bin/cl2000" -v28 -ml -mt --cla_support=cla1 --float_support=fpu32 --tmu_support=tmu0 --vcu_support=vcu2 -O3 --include_path="/home/ismail/IOT-CANBus/TI/Bootloader/Smallbootloader/src" --include_path="/home/ismail/IOT-CANBus/TI/Bootloader/Smallbootloader/assembly" --include_path="/home/ismail/IOT-CANBus/TI/Bootloader/Smallbootloader/linker" --include_path="/home/ismail/IOT-CANBus/TI/Bootloader/Smallbootloader/headers" --include_path="/home/ismail/ti/C2000Ware_5_02_00_00/device_support/f2837xd/common/include" --include_path="/home/ismail/ti/C2000Ware_5_02_00_00/device_support/f2837xd/headers/include" --include_path="/home/ismail/ti/C2000Ware_5_02_00_00/libraries/flash_api/f2837xd/include/Constants" --include_path="/home/ismail/ti/C2000Ware_5_02_00_00/libraries/flash_api/f2837xd/include" --include_path="/home/ismail/IOT-CANBus/TI/Bootloader/Smallbootloader" --include_path="/home/ismail/ti/ccs1271/ccs/tools/compiler/ti-cgt-c2000_22.6.1.LTS/include" --advice:performance=all --define=_STANDALONE --define=_FLASH --define=_LAUNCHXL_F28379D --define=DEBUG --define=_DUAL_HEADERS --define=CPU1 --diag_suppress=10063 --diag_warning=225 --diag_wrap=off --display_error_number --abi=coffabi --section_sizes=on --preproc_with_compile --preproc_dependency="src/Fapi_UserDefinedFunctions.d_raw" --obj_directory="src"  "../src/Fapi_UserDefinedFunctions.c"
FILE: src/Fapi_UserDefinedFunctions.obj
CODE  size (bytes): 84
 
Finished building: "../src/Fapi_UserDefinedFunctions.c"
 
Building file: "../src/F2837xD_Gpio.c"
Invoking: C2000 Compiler
"/home/ismail/ti/ccs1271/ccs/tools/compiler/ti-cgt-c2000_22.6.1.LTS/bin/cl2000" -v28 -ml -mt --cla_support=cla1 --float_support=fpu32 --tmu_support=tmu0 --vcu_support=vcu2 -O3 --include_path="/home/ismail/IOT-CANBus/TI/Bootloader/Smallbootloader/src" --include_path="/home/ismail/IOT-CANBus/TI/Bootloader/Smallbootloader/assembly" --include_path="/home/ismail/IOT-CANBus/TI/Bootloader/Smallbootloader/linker" --include_path="/home/ismail/IOT-CANBus/TI/Bootloader/Smallbootloader/headers" --include_path="/home/ismail/ti/C2000Ware_5_02_00_00/device_support/f2837xd/common/include" --include_path="/home/ismail/ti/C2000Ware_5_02_00_00/device_support/f2837xd/headers/include" --include_path="/home/ismail/ti/C2000Ware_5_02_00_00/libraries/flash_api/f2837xd/include/Constants" --include_path="/home/ismail/ti/C2000Ware_5_02_00_00/libraries/flash_api/f2837xd/include" --include_path="/home/ismail/IOT-CANBus/TI/Bootloader/Smallbootloader" --include_path="/home/ismail/ti/ccs1271/ccs/tools/compiler/ti-cgt-c2000_22.6.1.LTS/include" --advice:performance=all --define=_STANDALONE --define=_FLASH --define=_LAUNCHXL_F28379D --define=DEBUG --define=_DUAL_HEADERS --define=CPU1 --diag_suppress=10063 --diag_warning=225 --diag_wrap=off --display_error_number --abi=coffabi --section_sizes=on --preproc_with_compile --preproc_dependency="src/F2837xD_Gpio.d_raw" --obj_directory="src"  "../src/F2837xD_Gpio.c"
FILE: src/F2837xD_Gpio.obj
CODE  size (bytes): 458
 
"../src/F2837xD_SysCtrl.c", line 837 (col. 47): advice #2614-D: (Performance) Use --fp_mode=relaxed to enable TMU hardware support for FP division.
Finished building: "../src/F2837xD_Gpio.c"
 
Building file: "../src/F2837xD_SysCtrl.c"
Invoking: C2000 Compiler
"/home/ismail/ti/ccs1271/ccs/tools/compiler/ti-cgt-c2000_22.6.1.LTS/bin/cl2000" -v28 -ml -mt --cla_support=cla1 --float_support=fpu32 --tmu_support=tmu0 --vcu_support=vcu2 -O3 --include_path="/home/ismail/IOT-CANBus/TI/Bootloader/Smallbootloader/src" --include_path="/home/ismail/IOT-CANBus/TI/Bootloader/Smallbootloader/assembly" --include_path="/home/ismail/IOT-CANBus/TI/Bootloader/Smallbootloader/linker" --include_path="/home/ismail/IOT-CANBus/TI/Bootloader/Smallbootloader/headers" --include_path="/home/ismail/ti/C2000Ware_5_02_00_00/device_support/f2837xd/common/include" --include_path="/home/ismail/ti/C2000Ware_5_02_00_00/device_support/f2837xd/headers/include" --include_path="/home/ismail/ti/C2000Ware_5_02_00_00/libraries/flash_api/f2837xd/include/Constants" --include_path="/home/ismail/ti/C2000Ware_5_02_00_00/libraries/flash_api/f2837xd/include" --include_path="/home/ismail/IOT-CANBus/TI/Bootloader/Smallbootloader" --include_path="/home/ismail/ti/ccs1271/ccs/tools/compiler/ti-cgt-c2000_22.6.1.LTS/include" --advice:performance=all --define=_STANDALONE --define=_FLASH --define=_LAUNCHXL_F28379D --define=DEBUG --define=_DUAL_HEADERS --define=CPU1 --diag_suppress=10063 --diag_warning=225 --diag_wrap=off --display_error_number --abi=coffabi --section_sizes=on --preproc_with_compile --preproc_dependency="src/F2837xD_SysCtrl.d_raw" --obj_directory="src"  "../src/F2837xD_SysCtrl.c"
FILE: src/F2837xD_SysCtrl.obj
CODE  size (bytes): 1353
 
Finished building: "../src/F2837xD_SysCtrl.c"
 
Building file: "../src/SCI_Boot.c"
Invoking: C2000 Compiler
"/home/ismail/ti/ccs1271/ccs/tools/compiler/ti-cgt-c2000_22.6.1.LTS/bin/cl2000" -v28 -ml -mt --cla_support=cla1 --float_support=fpu32 --tmu_support=tmu0 --vcu_support=vcu2 -O3 --include_path="/home/ismail/IOT-CANBus/TI/Bootloader/Smallbootloader/src" --include_path="/home/ismail/IOT-CANBus/TI/Bootloader/Smallbootloader/assembly" --include_path="/home/ismail/IOT-CANBus/TI/Bootloader/Smallbootloader/linker" --include_path="/home/ismail/IOT-CANBus/TI/Bootloader/Smallbootloader/headers" --include_path="/home/ismail/ti/C2000Ware_5_02_00_00/device_support/f2837xd/common/include" --include_path="/home/ismail/ti/C2000Ware_5_02_00_00/device_support/f2837xd/headers/include" --include_path="/home/ismail/ti/C2000Ware_5_02_00_00/libraries/flash_api/f2837xd/include/Constants" --include_path="/home/ismail/ti/C2000Ware_5_02_00_00/libraries/flash_api/f2837xd/include" --include_path="/home/ismail/IOT-CANBus/TI/Bootloader/Smallbootloader" --include_path="/home/ismail/ti/ccs1271/ccs/tools/compiler/ti-cgt-c2000_22.6.1.LTS/include" --advice:performance=all --define=_STANDALONE --define=_FLASH --define=_LAUNCHXL_F28379D --define=DEBUG --define=_DUAL_HEADERS --define=CPU1 --diag_suppress=10063 --diag_warning=225 --diag_wrap=off --display_error_number --abi=coffabi --section_sizes=on --preproc_with_compile --preproc_dependency="src/SCI_Boot.d_raw" --obj_directory="src"  "../src/SCI_Boot.c"
FILE: src/SCI_Boot.obj
CODE  size (bytes): 41
 
Finished building: "../src/SCI_Boot.c"
 
Building file: "../src/Shared_Erase.c"
Invoking: C2000 Compiler
"/home/ismail/ti/ccs1271/ccs/tools/compiler/ti-cgt-c2000_22.6.1.LTS/bin/cl2000" -v28 -ml -mt --cla_support=cla1 --float_support=fpu32 --tmu_support=tmu0 --vcu_support=vcu2 -O3 --include_path="/home/ismail/IOT-CANBus/TI/Bootloader/Smallbootloader/src" --include_path="/home/ismail/IOT-CANBus/TI/Bootloader/Smallbootloader/assembly" --include_path="/home/ismail/IOT-CANBus/TI/Bootloader/Smallbootloader/linker" --include_path="/home/ismail/IOT-CANBus/TI/Bootloader/Smallbootloader/headers" --include_path="/home/ismail/ti/C2000Ware_5_02_00_00/device_support/f2837xd/common/include" --include_path="/home/ismail/ti/C2000Ware_5_02_00_00/device_support/f2837xd/headers/include" --include_path="/home/ismail/ti/C2000Ware_5_02_00_00/libraries/flash_api/f2837xd/include/Constants" --include_path="/home/ismail/ti/C2000Ware_5_02_00_00/libraries/flash_api/f2837xd/include" --include_path="/home/ismail/IOT-CANBus/TI/Bootloader/Smallbootloader" --include_path="/home/ismail/ti/ccs1271/ccs/tools/compiler/ti-cgt-c2000_22.6.1.LTS/include" --advice:performance=all --define=_STANDALONE --define=_FLASH --define=_LAUNCHXL_F28379D --define=DEBUG --define=_DUAL_HEADERS --define=CPU1 --diag_suppress=10063 --diag_warning=225 --diag_wrap=off --display_error_number --abi=coffabi --section_sizes=on --preproc_with_compile --preproc_dependency="src/Shared_Erase.d_raw" --obj_directory="src"  "../src/Shared_Erase.c"
FILE: src/Shared_Erase.obj
CODE  size (bytes): 87
CONST size (bytes): 42
 
Finished building: "../src/Shared_Erase.c"
 
Building file: "../src/Shared_Boot.c"
Invoking: C2000 Compiler
"/home/ismail/ti/ccs1271/ccs/tools/compiler/ti-cgt-c2000_22.6.1.LTS/bin/cl2000" -v28 -ml -mt --cla_support=cla1 --float_support=fpu32 --tmu_support=tmu0 --vcu_support=vcu2 -O3 --include_path="/home/ismail/IOT-CANBus/TI/Bootloader/Smallbootloader/src" --include_path="/home/ismail/IOT-CANBus/TI/Bootloader/Smallbootloader/assembly" --include_path="/home/ismail/IOT-CANBus/TI/Bootloader/Smallbootloader/linker" --include_path="/home/ismail/IOT-CANBus/TI/Bootloader/Smallbootloader/headers" --include_path="/home/ismail/ti/C2000Ware_5_02_00_00/device_support/f2837xd/common/include" --include_path="/home/ismail/ti/C2000Ware_5_02_00_00/device_support/f2837xd/headers/include" --include_path="/home/ismail/ti/C2000Ware_5_02_00_00/libraries/flash_api/f2837xd/include/Constants" --include_path="/home/ismail/ti/C2000Ware_5_02_00_00/libraries/flash_api/f2837xd/include" --include_path="/home/ismail/IOT-CANBus/TI/Bootloader/Smallbootloader" --include_path="/home/ismail/ti/ccs1271/ccs/tools/compiler/ti-cgt-c2000_22.6.1.LTS/include" --advice:performance=all --define=_STANDALONE --define=_FLASH --define=_LAUNCHXL_F28379D --define=DEBUG --define=_DUAL_HEADERS --define=CPU1 --diag_suppress=10063 --diag_warning=225 --diag_wrap=off --display_error_number --abi=coffabi --section_sizes=on --preproc_with_compile --preproc_dependency="src/Shared_Boot.d_raw" --obj_directory="src"  "../src/Shared_Boot.c"
FILE: src/Shared_Boot.obj
CODE  size (bytes): 974
CONST size (bytes): 17
DATA  size (bytes): 16
 
Finished building: "../src/Shared_Boot.c"
 
Building file: "../src/SCI_GetFunction.c"
Invoking: C2000 Compiler
"/home/ismail/ti/ccs1271/ccs/tools/compiler/ti-cgt-c2000_22.6.1.LTS/bin/cl2000" -v28 -ml -mt --cla_support=cla1 --float_support=fpu32 --tmu_support=tmu0 --vcu_support=vcu2 -O3 --include_path="/home/ismail/IOT-CANBus/TI/Bootloader/Smallbootloader/src" --include_path="/home/ismail/IOT-CANBus/TI/Bootloader/Smallbootloader/assembly" --include_path="/home/ismail/IOT-CANBus/TI/Bootloader/Smallbootloader/linker" --include_path="/home/ismail/IOT-CANBus/TI/Bootloader/Smallbootloader/headers" --include_path="/home/ismail/ti/C2000Ware_5_02_00_00/device_support/f2837xd/common/include" --include_path="/home/ismail/ti/C2000Ware_5_02_00_00/device_support/f2837xd/headers/include" --include_path="/home/ismail/ti/C2000Ware_5_02_00_00/libraries/flash_api/f2837xd/include/Constants" --include_path="/home/ismail/ti/C2000Ware_5_02_00_00/libraries/flash_api/f2837xd/include" --include_path="/home/ismail/IOT-CANBus/TI/Bootloader/Smallbootloader" --include_path="/home/ismail/ti/ccs1271/ccs/tools/compiler/ti-cgt-c2000_22.6.1.LTS/include" --advice:performance=all --define=_STANDALONE --define=_FLASH --define=_LAUNCHXL_F28379D --define=DEBUG --define=_DUAL_HEADERS --define=CPU1 --diag_suppress=10063 --diag_warning=225 --diag_wrap=off --display_error_number --abi=coffabi --section_sizes=on --preproc_with_compile --preproc_dependency="src/SCI_GetFunction.d_raw" --obj_directory="src"  "../src/SCI_GetFunction.c"
FILE: src/SCI_GetFunction.obj
CODE  size (bytes): 583
DATA  size (bytes): 10
 
Finished building: "../src/SCI_GetFunction.c"
 
Building file: "../src/F2837xD_GlobalVariableDefs.c"
Invoking: C2000 Compiler
"/home/ismail/ti/ccs1271/ccs/tools/compiler/ti-cgt-c2000_22.6.1.LTS/bin/cl2000" -v28 -ml -mt --cla_support=cla1 --float_support=fpu32 --tmu_support=tmu0 --vcu_support=vcu2 -O3 --include_path="/home/ismail/IOT-CANBus/TI/Bootloader/Smallbootloader/src" --include_path="/home/ismail/IOT-CANBus/TI/Bootloader/Smallbootloader/assembly" --include_path="/home/ismail/IOT-CANBus/TI/Bootloader/Smallbootloader/linker" --include_path="/home/ismail/IOT-CANBus/TI/Bootloader/Smallbootloader/headers" --include_path="/home/ismail/ti/C2000Ware_5_02_00_00/device_support/f2837xd/common/include" --include_path="/home/ismail/ti/C2000Ware_5_02_00_00/device_support/f2837xd/headers/include" --include_path="/home/ismail/ti/C2000Ware_5_02_00_00/libraries/flash_api/f2837xd/include/Constants" --include_path="/home/ismail/ti/C2000Ware_5_02_00_00/libraries/flash_api/f2837xd/include" --include_path="/home/ismail/IOT-CANBus/TI/Bootloader/Smallbootloader" --include_path="/home/ismail/ti/ccs1271/ccs/tools/compiler/ti-cgt-c2000_22.6.1.LTS/include" --advice:performance=all --define=_STANDALONE --define=_FLASH --define=_LAUNCHXL_F28379D --define=DEBUG --define=_DUAL_HEADERS --define=CPU1 --diag_suppress=10063 --diag_warning=225 --diag_wrap=off --display_error_number --abi=coffabi --section_sizes=on --preproc_with_compile --preproc_dependency="src/F2837xD_GlobalVariableDefs.d_raw" --obj_directory="src"  "../src/F2837xD_GlobalVariableDefs.c"
FILE: src/F2837xD_GlobalVariableDefs.obj
DATA  size (bytes): 9870
 
Finished building: "../src/F2837xD_GlobalVariableDefs.c"
 
Building file: "../src/Shared_Verify.c"
Invoking: C2000 Compiler
"/home/ismail/ti/ccs1271/ccs/tools/compiler/ti-cgt-c2000_22.6.1.LTS/bin/cl2000" -v28 -ml -mt --cla_support=cla1 --float_support=fpu32 --tmu_support=tmu0 --vcu_support=vcu2 -O3 --include_path="/home/ismail/IOT-CANBus/TI/Bootloader/Smallbootloader/src" --include_path="/home/ismail/IOT-CANBus/TI/Bootloader/Smallbootloader/assembly" --include_path="/home/ismail/IOT-CANBus/TI/Bootloader/Smallbootloader/linker" --include_path="/home/ismail/IOT-CANBus/TI/Bootloader/Smallbootloader/headers" --include_path="/home/ismail/ti/C2000Ware_5_02_00_00/device_support/f2837xd/common/include" --include_path="/home/ismail/ti/C2000Ware_5_02_00_00/device_support/f2837xd/headers/include" --include_path="/home/ismail/ti/C2000Ware_5_02_00_00/libraries/flash_api/f2837xd/include/Constants" --include_path="/home/ismail/ti/C2000Ware_5_02_00_00/libraries/flash_api/f2837xd/include" --include_path="/home/ismail/IOT-CANBus/TI/Bootloader/Smallbootloader" --include_path="/home/ismail/ti/ccs1271/ccs/tools/compiler/ti-cgt-c2000_22.6.1.LTS/include" --advice:performance=all --define=_STANDALONE --define=_FLASH --define=_LAUNCHXL_F28379D --define=DEBUG --define=_DUAL_HEADERS --define=CPU1 --diag_suppress=10063 --diag_warning=225 --diag_wrap=off --display_error_number --abi=coffabi --section_sizes=on --preproc_with_compile --preproc_dependency="src/Shared_Verify.d_raw" --obj_directory="src"  "../src/Shared_Verify.c"
FILE: src/Shared_Verify.obj
CODE  size (bytes): 359
 
Finished building: "../src/Shared_Verify.c"
 
Building file: "../src/main.c"
Invoking: C2000 Compiler
"/home/ismail/ti/ccs1271/ccs/tools/compiler/ti-cgt-c2000_22.6.1.LTS/bin/cl2000" -v28 -ml -mt --cla_support=cla1 --float_support=fpu32 --tmu_support=tmu0 --vcu_support=vcu2 -O3 --include_path="/home/ismail/IOT-CANBus/TI/Bootloader/Smallbootloader/src" --include_path="/home/ismail/IOT-CANBus/TI/Bootloader/Smallbootloader/assembly" --include_path="/home/ismail/IOT-CANBus/TI/Bootloader/Smallbootloader/linker" --include_path="/home/ismail/IOT-CANBus/TI/Bootloader/Smallbootloader/headers" --include_path="/home/ismail/ti/C2000Ware_5_02_00_00/device_support/f2837xd/common/include" --include_path="/home/ismail/ti/C2000Ware_5_02_00_00/device_support/f2837xd/headers/include" --include_path="/home/ismail/ti/C2000Ware_5_02_00_00/libraries/flash_api/f2837xd/include/Constants" --include_path="/home/ismail/ti/C2000Ware_5_02_00_00/libraries/flash_api/f2837xd/include" --include_path="/home/ismail/IOT-CANBus/TI/Bootloader/Smallbootloader" --include_path="/home/ismail/ti/ccs1271/ccs/tools/compiler/ti-cgt-c2000_22.6.1.LTS/include" --advice:performance=all --define=_STANDALONE --define=_FLASH --define=_LAUNCHXL_F28379D --define=DEBUG --define=_DUAL_HEADERS --define=CPU1 --diag_suppress=10063 --diag_warning=225 --diag_wrap=off --display_error_number --abi=coffabi --section_sizes=on --preproc_with_compile --preproc_dependency="src/main.d_raw" --obj_directory="src"  "../src/main.c"
FILE: src/main.obj
CODE  size (bytes): 68
 
Finished building: "../src/main.c"
 
Building target: "Smallbootloader.out"
Invoking: C2000 Linker
"/home/ismail/ti/ccs1271/ccs/tools/compiler/ti-cgt-c2000_22.6.1.LTS/bin/cl2000" -v28 -ml -mt --cla_support=cla1 --float_support=fpu32 --tmu_support=tmu0 --vcu_support=vcu2 -O3 --advice:performance=all --define=_STANDALONE --define=_FLASH --define=_LAUNCHXL_F28379D --define=DEBUG --define=_DUAL_HEADERS --define=CPU1 --diag_suppress=10063 --diag_warning=225 --diag_wrap=off --display_error_number --abi=coffabi --section_sizes=on -z -m"Smallbootloader.map" --stack_size=0x100 --warn_sections -i"/home/ismail/ti/C2000Ware_5_02_00_00/device_support/f2837xd/common/cmd" -i"/home/ismail/ti/C2000Ware_5_02_00_00/device_support/f2837xd/headers/cmd" -i"/home/ismail/ti/ccs1271/ccs/tools/compiler/ti-cgt-c2000_22.6.1.LTS/lib" -i"/home/ismail/ti/ccs1271/ccs/tools/compiler/ti-cgt-c2000_22.6.1.LTS/include" --reread_libs --diag_wrap=off --display_error_number --xml_link_info="Smallbootloader_linkInfo.xml" --entry_point=code_start --rom_model -o "Smallbootloader.out" "./assembly/F2837xD_usDelay.obj" "./assembly/fwupgradec1toc2_start.obj" "./src/F2837xD_DefaultISR.obj" "./src/F2837xD_GlobalVariableDefs.obj" "./src/F2837xD_Gpio.obj" "./src/F2837xD_SysCtrl.obj" "./src/Fapi_UserDefinedFunctions.obj" "./src/SCI_Boot.obj" "./src/SCI_GetFunction.obj" "./src/Shared_Boot.obj" "./src/Shared_Erase.obj" "./src/Shared_Verify.obj" "./src/main.obj" "/home/ismail/ti/C2000Ware_5_02_00_00/libraries/flash_api/f2837xd/lib/F021_API_F2837xD_FPU32.lib" "/home/ismail/ti/C2000Ware_5_02_00_00/libraries/boot_rom/f2837xd/rev0/rom_symbol_libs/c1_ROM_API/c1bootROM_BootROMSymbols_fpu32.lib" "../linker/2837xD_FLASH_lnk_cpu1.cmd" "../linker/F2837xD_Headers_nonBIOS_cpu1.cmd" "../linker/flash_programming_cpu1tocpu2_RAM.cmd"  -l"/home/ismail/ti/ccs1271/ccs/tools/compiler/ti-cgt-c2000_22.6.1.LTS/lib/rts2800_fpu32.lib" -llibc.a 
<Linking>
FILE: Smallbootloader.out
CODE  size (bytes): 7395
CONST size (bytes): 61
DATA  size (bytes): 10164
 
Finished building target: "Smallbootloader.out"
 

**** Build Finished ****

**** Build of configuration CPU1_FLASH__opt_level__4 for project Smallbootloader ****

/home/ismail/ti/ccs1271/ccs/utils/bin/gmake -k -j 4 all -O 
 
Building file: "../assembly/fwupgradec1toc2_start.asm"
Invoking: C2000 Compiler
"/home/ismail/ti/ccs1271/ccs/tools/compiler/ti-cgt-c2000_22.6.1.LTS/bin/cl2000" -v28 -ml -mt --cla_support=cla1 --float_support=fpu32 --tmu_support=tmu0 --vcu_support=vcu2 -O4 --include_path="/home/ismail/IOT-CANBus/TI/Bootloader/Smallbootloader/src" --include_path="/home/ismail/IOT-CANBus/TI/Bootloader/Smallbootloader/assembly" --include_path="/home/ismail/IOT-CANBus/TI/Bootloader/Smallbootloader/linker" --include_path="/home/ismail/IOT-CANBus/TI/Bootloader/Smallbootloader/headers" --include_path="/home/ismail/ti/C2000Ware_5_02_00_00/device_support/f2837xd/common/include" --include_path="/home/ismail/ti/C2000Ware_5_02_00_00/device_support/f2837xd/headers/include" --include_path="/home/ismail/ti/C2000Ware_5_02_00_00/libraries/flash_api/f2837xd/include/Constants" --include_path="/home/ismail/ti/C2000Ware_5_02_00_00/libraries/flash_api/f2837xd/include" --include_path="/home/ismail/IOT-CANBus/TI/Bootloader/Smallbootloader" --include_path="/home/ismail/ti/ccs1271/ccs/tools/compiler/ti-cgt-c2000_22.6.1.LTS/include" --advice:performance=all --define=_STANDALONE --define=_FLASH --define=_LAUNCHXL_F28379D --define=DEBUG --define=_DUAL_HEADERS --define=CPU1 --diag_suppress=10063 --diag_warning=225 --diag_wrap=off --display_error_number --abi=coffabi --section_sizes=on --preproc_with_compile --preproc_dependency="assembly/fwupgradec1toc2_start.d_raw" --obj_directory="assembly"  "../assembly/fwupgradec1toc2_start.asm"
Finished building: "../assembly/fwupgradec1toc2_start.asm"
 
Building file: "../assembly/F2837xD_usDelay.asm"
Invoking: C2000 Compiler
"/home/ismail/ti/ccs1271/ccs/tools/compiler/ti-cgt-c2000_22.6.1.LTS/bin/cl2000" -v28 -ml -mt --cla_support=cla1 --float_support=fpu32 --tmu_support=tmu0 --vcu_support=vcu2 -O4 --include_path="/home/ismail/IOT-CANBus/TI/Bootloader/Smallbootloader/src" --include_path="/home/ismail/IOT-CANBus/TI/Bootloader/Smallbootloader/assembly" --include_path="/home/ismail/IOT-CANBus/TI/Bootloader/Smallbootloader/linker" --include_path="/home/ismail/IOT-CANBus/TI/Bootloader/Smallbootloader/headers" --include_path="/home/ismail/ti/C2000Ware_5_02_00_00/device_support/f2837xd/common/include" --include_path="/home/ismail/ti/C2000Ware_5_02_00_00/device_support/f2837xd/headers/include" --include_path="/home/ismail/ti/C2000Ware_5_02_00_00/libraries/flash_api/f2837xd/include/Constants" --include_path="/home/ismail/ti/C2000Ware_5_02_00_00/libraries/flash_api/f2837xd/include" --include_path="/home/ismail/IOT-CANBus/TI/Bootloader/Smallbootloader" --include_path="/home/ismail/ti/ccs1271/ccs/tools/compiler/ti-cgt-c2000_22.6.1.LTS/include" --advice:performance=all --define=_STANDALONE --define=_FLASH --define=_LAUNCHXL_F28379D --define=DEBUG --define=_DUAL_HEADERS --define=CPU1 --diag_suppress=10063 --diag_warning=225 --diag_wrap=off --display_error_number --abi=coffabi --section_sizes=on --preproc_with_compile --preproc_dependency="assembly/F2837xD_usDelay.d_raw" --obj_directory="assembly"  "../assembly/F2837xD_usDelay.asm"
Finished building: "../assembly/F2837xD_usDelay.asm"
 
Building file: "../src/F2837xD_DefaultISR.c"
Invoking: C2000 Compiler
"/home/ismail/ti/ccs1271/ccs/tools/compiler/ti-cgt-c2000_22.6.1.LTS/bin/cl2000" -v28 -ml -mt --cla_support=cla1 --float_support=fpu32 --tmu_support=tmu0 --vcu_support=vcu2 -O4 --include_path="/home/ismail/IOT-CANBus/TI/Bootloader/Smallbootloader/src" --include_path="/home/ismail/IOT-CANBus/TI/Bootloader/Smallbootloader/assembly" --include_path="/home/ismail/IOT-CANBus/TI/Bootloader/Smallbootloader/linker" --include_path="/home/ismail/IOT-CANBus/TI/Bootloader/Smallbootloader/headers" --include_path="/home/ismail/ti/C2000Ware_5_02_00_00/device_support/f2837xd/common/include" --include_path="/home/ismail/ti/C2000Ware_5_02_00_00/device_support/f2837xd/headers/include" --include_path="/home/ismail/ti/C2000Ware_5_02_00_00/libraries/flash_api/f2837xd/include/Constants" --include_path="/home/ismail/ti/C2000Ware_5_02_00_00/libraries/flash_api/f2837xd/include" --include_path="/home/ismail/IOT-CANBus/TI/Bootloader/Smallbootloader" --include_path="/home/ismail/ti/ccs1271/ccs/tools/compiler/ti-cgt-c2000_22.6.1.LTS/include" --advice:performance=all --define=_STANDALONE --define=_FLASH --define=_LAUNCHXL_F28379D --define=DEBUG --define=_DUAL_HEADERS --define=CPU1 --diag_suppress=10063 --diag_warning=225 --diag_wrap=off --display_error_number --abi=coffabi --section_sizes=on --preproc_with_compile --preproc_dependency="src/F2837xD_DefaultISR.d_raw" --obj_directory="src"  "../src/F2837xD_DefaultISR.c"
FILE: src/F2837xD_DefaultISR.obj
CODE  size (bytes): 1413
 
Finished building: "../src/F2837xD_DefaultISR.c"
 
Building file: "../src/Fapi_UserDefinedFunctions.c"
Invoking: C2000 Compiler
"/home/ismail/ti/ccs1271/ccs/tools/compiler/ti-cgt-c2000_22.6.1.LTS/bin/cl2000" -v28 -ml -mt --cla_support=cla1 --float_support=fpu32 --tmu_support=tmu0 --vcu_support=vcu2 -O4 --include_path="/home/ismail/IOT-CANBus/TI/Bootloader/Smallbootloader/src" --include_path="/home/ismail/IOT-CANBus/TI/Bootloader/Smallbootloader/assembly" --include_path="/home/ismail/IOT-CANBus/TI/Bootloader/Smallbootloader/linker" --include_path="/home/ismail/IOT-CANBus/TI/Bootloader/Smallbootloader/headers" --include_path="/home/ismail/ti/C2000Ware_5_02_00_00/device_support/f2837xd/common/include" --include_path="/home/ismail/ti/C2000Ware_5_02_00_00/device_support/f2837xd/headers/include" --include_path="/home/ismail/ti/C2000Ware_5_02_00_00/libraries/flash_api/f2837xd/include/Constants" --include_path="/home/ismail/ti/C2000Ware_5_02_00_00/libraries/flash_api/f2837xd/include" --include_path="/home/ismail/IOT-CANBus/TI/Bootloader/Smallbootloader" --include_path="/home/ismail/ti/ccs1271/ccs/tools/compiler/ti-cgt-c2000_22.6.1.LTS/include" --advice:performance=all --define=_STANDALONE --define=_FLASH --define=_LAUNCHXL_F28379D --define=DEBUG --define=_DUAL_HEADERS --define=CPU1 --diag_suppress=10063 --diag_warning=225 --diag_wrap=off --display_error_number --abi=coffabi --section_sizes=on --preproc_with_compile --preproc_dependency="src/Fapi_UserDefinedFunctions.d_raw" --obj_directory="src"  "../src/Fapi_UserDefinedFunctions.c"
FILE: src/Fapi_UserDefinedFunctions.obj
CODE  size (bytes): 84
 
Finished building: "../src/Fapi_UserDefinedFunctions.c"
 
Building file: "../src/SCI_Boot.c"
Invoking: C2000 Compiler
"/home/ismail/ti/ccs1271/ccs/tools/compiler/ti-cgt-c2000_22.6.1.LTS/bin/cl2000" -v28 -ml -mt --cla_support=cla1 --float_support=fpu32 --tmu_support=tmu0 --vcu_support=vcu2 -O4 --include_path="/home/ismail/IOT-CANBus/TI/Bootloader/Smallbootloader/src" --include_path="/home/ismail/IOT-CANBus/TI/Bootloader/Smallbootloader/assembly" --include_path="/home/ismail/IOT-CANBus/TI/Bootloader/Smallbootloader/linker" --include_path="/home/ismail/IOT-CANBus/TI/Bootloader/Smallbootloader/headers" --include_path="/home/ismail/ti/C2000Ware_5_02_00_00/device_support/f2837xd/common/include" --include_path="/home/ismail/ti/C2000Ware_5_02_00_00/device_support/f2837xd/headers/include" --include_path="/home/ismail/ti/C2000Ware_5_02_00_00/libraries/flash_api/f2837xd/include/Constants" --include_path="/home/ismail/ti/C2000Ware_5_02_00_00/libraries/flash_api/f2837xd/include" --include_path="/home/ismail/IOT-CANBus/TI/Bootloader/Smallbootloader" --include_path="/home/ismail/ti/ccs1271/ccs/tools/compiler/ti-cgt-c2000_22.6.1.LTS/include" --advice:performance=all --define=_STANDALONE --define=_FLASH --define=_LAUNCHXL_F28379D --define=DEBUG --define=_DUAL_HEADERS --define=CPU1 --diag_suppress=10063 --diag_warning=225 --diag_wrap=off --display_error_number --abi=coffabi --section_sizes=on --preproc_with_compile --preproc_dependency="src/SCI_Boot.d_raw" --obj_directory="src"  "../src/SCI_Boot.c"
FILE: src/SCI_Boot.obj
CODE  size (bytes): 41
 
Finished building: "../src/SCI_Boot.c"
 
Building file: "../src/F2837xD_Gpio.c"
Invoking: C2000 Compiler
"/home/ismail/ti/ccs1271/ccs/tools/compiler/ti-cgt-c2000_22.6.1.LTS/bin/cl2000" -v28 -ml -mt --cla_support=cla1 --float_support=fpu32 --tmu_support=tmu0 --vcu_support=vcu2 -O4 --include_path="/home/ismail/IOT-CANBus/TI/Bootloader/Smallbootloader/src" --include_path="/home/ismail/IOT-CANBus/TI/Bootloader/Smallbootloader/assembly" --include_path="/home/ismail/IOT-CANBus/TI/Bootloader/Smallbootloader/linker" --include_path="/home/ismail/IOT-CANBus/TI/Bootloader/Smallbootloader/headers" --include_path="/home/ismail/ti/C2000Ware_5_02_00_00/device_support/f2837xd/common/include" --include_path="/home/ismail/ti/C2000Ware_5_02_00_00/device_support/f2837xd/headers/include" --include_path="/home/ismail/ti/C2000Ware_5_02_00_00/libraries/flash_api/f2837xd/include/Constants" --include_path="/home/ismail/ti/C2000Ware_5_02_00_00/libraries/flash_api/f2837xd/include" --include_path="/home/ismail/IOT-CANBus/TI/Bootloader/Smallbootloader" --include_path="/home/ismail/ti/ccs1271/ccs/tools/compiler/ti-cgt-c2000_22.6.1.LTS/include" --advice:performance=all --define=_STANDALONE --define=_FLASH --define=_LAUNCHXL_F28379D --define=DEBUG --define=_DUAL_HEADERS --define=CPU1 --diag_suppress=10063 --diag_warning=225 --diag_wrap=off --display_error_number --abi=coffabi --section_sizes=on --preproc_with_compile --preproc_dependency="src/F2837xD_Gpio.d_raw" --obj_directory="src"  "../src/F2837xD_Gpio.c"
FILE: src/F2837xD_Gpio.obj
CODE  size (bytes): 458
 
Finished building: "../src/F2837xD_Gpio.c"
 
Building file: "../src/F2837xD_SysCtrl.c"
Invoking: C2000 Compiler
"/home/ismail/ti/ccs1271/ccs/tools/compiler/ti-cgt-c2000_22.6.1.LTS/bin/cl2000" -v28 -ml -mt --cla_support=cla1 --float_support=fpu32 --tmu_support=tmu0 --vcu_support=vcu2 -O4 --include_path="/home/ismail/IOT-CANBus/TI/Bootloader/Smallbootloader/src" --include_path="/home/ismail/IOT-CANBus/TI/Bootloader/Smallbootloader/assembly" --include_path="/home/ismail/IOT-CANBus/TI/Bootloader/Smallbootloader/linker" --include_path="/home/ismail/IOT-CANBus/TI/Bootloader/Smallbootloader/headers" --include_path="/home/ismail/ti/C2000Ware_5_02_00_00/device_support/f2837xd/common/include" --include_path="/home/ismail/ti/C2000Ware_5_02_00_00/device_support/f2837xd/headers/include" --include_path="/home/ismail/ti/C2000Ware_5_02_00_00/libraries/flash_api/f2837xd/include/Constants" --include_path="/home/ismail/ti/C2000Ware_5_02_00_00/libraries/flash_api/f2837xd/include" --include_path="/home/ismail/IOT-CANBus/TI/Bootloader/Smallbootloader" --include_path="/home/ismail/ti/ccs1271/ccs/tools/compiler/ti-cgt-c2000_22.6.1.LTS/include" --advice:performance=all --define=_STANDALONE --define=_FLASH --define=_LAUNCHXL_F28379D --define=DEBUG --define=_DUAL_HEADERS --define=CPU1 --diag_suppress=10063 --diag_warning=225 --diag_wrap=off --display_error_number --abi=coffabi --section_sizes=on --preproc_with_compile --preproc_dependency="src/F2837xD_SysCtrl.d_raw" --obj_directory="src"  "../src/F2837xD_SysCtrl.c"
FILE: src/F2837xD_SysCtrl.obj
CODE  size (bytes): 1353
 
"../src/F2837xD_SysCtrl.c", line 837 (col. 47): advice #2614-D: (Performance) Use --fp_mode=relaxed to enable TMU hardware support for FP division.
Finished building: "../src/F2837xD_SysCtrl.c"
 
Building file: "../src/Shared_Erase.c"
Invoking: C2000 Compiler
"/home/ismail/ti/ccs1271/ccs/tools/compiler/ti-cgt-c2000_22.6.1.LTS/bin/cl2000" -v28 -ml -mt --cla_support=cla1 --float_support=fpu32 --tmu_support=tmu0 --vcu_support=vcu2 -O4 --include_path="/home/ismail/IOT-CANBus/TI/Bootloader/Smallbootloader/src" --include_path="/home/ismail/IOT-CANBus/TI/Bootloader/Smallbootloader/assembly" --include_path="/home/ismail/IOT-CANBus/TI/Bootloader/Smallbootloader/linker" --include_path="/home/ismail/IOT-CANBus/TI/Bootloader/Smallbootloader/headers" --include_path="/home/ismail/ti/C2000Ware_5_02_00_00/device_support/f2837xd/common/include" --include_path="/home/ismail/ti/C2000Ware_5_02_00_00/device_support/f2837xd/headers/include" --include_path="/home/ismail/ti/C2000Ware_5_02_00_00/libraries/flash_api/f2837xd/include/Constants" --include_path="/home/ismail/ti/C2000Ware_5_02_00_00/libraries/flash_api/f2837xd/include" --include_path="/home/ismail/IOT-CANBus/TI/Bootloader/Smallbootloader" --include_path="/home/ismail/ti/ccs1271/ccs/tools/compiler/ti-cgt-c2000_22.6.1.LTS/include" --advice:performance=all --define=_STANDALONE --define=_FLASH --define=_LAUNCHXL_F28379D --define=DEBUG --define=_DUAL_HEADERS --define=CPU1 --diag_suppress=10063 --diag_warning=225 --diag_wrap=off --display_error_number --abi=coffabi --section_sizes=on --preproc_with_compile --preproc_dependency="src/Shared_Erase.d_raw" --obj_directory="src"  "../src/Shared_Erase.c"
FILE: src/Shared_Erase.obj
CODE  size (bytes): 87
CONST size (bytes): 42
 
Finished building: "../src/Shared_Erase.c"
 
Building file: "../src/Shared_Boot.c"
Invoking: C2000 Compiler
"/home/ismail/ti/ccs1271/ccs/tools/compiler/ti-cgt-c2000_22.6.1.LTS/bin/cl2000" -v28 -ml -mt --cla_support=cla1 --float_support=fpu32 --tmu_support=tmu0 --vcu_support=vcu2 -O4 --include_path="/home/ismail/IOT-CANBus/TI/Bootloader/Smallbootloader/src" --include_path="/home/ismail/IOT-CANBus/TI/Bootloader/Smallbootloader/assembly" --include_path="/home/ismail/IOT-CANBus/TI/Bootloader/Smallbootloader/linker" --include_path="/home/ismail/IOT-CANBus/TI/Bootloader/Smallbootloader/headers" --include_path="/home/ismail/ti/C2000Ware_5_02_00_00/device_support/f2837xd/common/include" --include_path="/home/ismail/ti/C2000Ware_5_02_00_00/device_support/f2837xd/headers/include" --include_path="/home/ismail/ti/C2000Ware_5_02_00_00/libraries/flash_api/f2837xd/include/Constants" --include_path="/home/ismail/ti/C2000Ware_5_02_00_00/libraries/flash_api/f2837xd/include" --include_path="/home/ismail/IOT-CANBus/TI/Bootloader/Smallbootloader" --include_path="/home/ismail/ti/ccs1271/ccs/tools/compiler/ti-cgt-c2000_22.6.1.LTS/include" --advice:performance=all --define=_STANDALONE --define=_FLASH --define=_LAUNCHXL_F28379D --define=DEBUG --define=_DUAL_HEADERS --define=CPU1 --diag_suppress=10063 --diag_warning=225 --diag_wrap=off --display_error_number --abi=coffabi --section_sizes=on --preproc_with_compile --preproc_dependency="src/Shared_Boot.d_raw" --obj_directory="src"  "../src/Shared_Boot.c"
FILE: src/Shared_Boot.obj
CODE  size (bytes): 974
CONST size (bytes): 17
DATA  size (bytes): 16
 
Finished building: "../src/Shared_Boot.c"
 
Building file: "../src/SCI_GetFunction.c"
Invoking: C2000 Compiler
"/home/ismail/ti/ccs1271/ccs/tools/compiler/ti-cgt-c2000_22.6.1.LTS/bin/cl2000" -v28 -ml -mt --cla_support=cla1 --float_support=fpu32 --tmu_support=tmu0 --vcu_support=vcu2 -O4 --include_path="/home/ismail/IOT-CANBus/TI/Bootloader/Smallbootloader/src" --include_path="/home/ismail/IOT-CANBus/TI/Bootloader/Smallbootloader/assembly" --include_path="/home/ismail/IOT-CANBus/TI/Bootloader/Smallbootloader/linker" --include_path="/home/ismail/IOT-CANBus/TI/Bootloader/Smallbootloader/headers" --include_path="/home/ismail/ti/C2000Ware_5_02_00_00/device_support/f2837xd/common/include" --include_path="/home/ismail/ti/C2000Ware_5_02_00_00/device_support/f2837xd/headers/include" --include_path="/home/ismail/ti/C2000Ware_5_02_00_00/libraries/flash_api/f2837xd/include/Constants" --include_path="/home/ismail/ti/C2000Ware_5_02_00_00/libraries/flash_api/f2837xd/include" --include_path="/home/ismail/IOT-CANBus/TI/Bootloader/Smallbootloader" --include_path="/home/ismail/ti/ccs1271/ccs/tools/compiler/ti-cgt-c2000_22.6.1.LTS/include" --advice:performance=all --define=_STANDALONE --define=_FLASH --define=_LAUNCHXL_F28379D --define=DEBUG --define=_DUAL_HEADERS --define=CPU1 --diag_suppress=10063 --diag_warning=225 --diag_wrap=off --display_error_number --abi=coffabi --section_sizes=on --preproc_with_compile --preproc_dependency="src/SCI_GetFunction.d_raw" --obj_directory="src"  "../src/SCI_GetFunction.c"
FILE: src/SCI_GetFunction.obj
CODE  size (bytes): 583
DATA  size (bytes): 10
 
Finished building: "../src/SCI_GetFunction.c"
 
Building file: "../src/Shared_Verify.c"
Invoking: C2000 Compiler
"/home/ismail/ti/ccs1271/ccs/tools/compiler/ti-cgt-c2000_22.6.1.LTS/bin/cl2000" -v28 -ml -mt --cla_support=cla1 --float_support=fpu32 --tmu_support=tmu0 --vcu_support=vcu2 -O4 --include_path="/home/ismail/IOT-CANBus/TI/Bootloader/Smallbootloader/src" --include_path="/home/ismail/IOT-CANBus/TI/Bootloader/Smallbootloader/assembly" --include_path="/home/ismail/IOT-CANBus/TI/Bootloader/Smallbootloader/linker" --include_path="/home/ismail/IOT-CANBus/TI/Bootloader/Smallbootloader/headers" --include_path="/home/ismail/ti/C2000Ware_5_02_00_00/device_support/f2837xd/common/include" --include_path="/home/ismail/ti/C2000Ware_5_02_00_00/device_support/f2837xd/headers/include" --include_path="/home/ismail/ti/C2000Ware_5_02_00_00/libraries/flash_api/f2837xd/include/Constants" --include_path="/home/ismail/ti/C2000Ware_5_02_00_00/libraries/flash_api/f2837xd/include" --include_path="/home/ismail/IOT-CANBus/TI/Bootloader/Smallbootloader" --include_path="/home/ismail/ti/ccs1271/ccs/tools/compiler/ti-cgt-c2000_22.6.1.LTS/include" --advice:performance=all --define=_STANDALONE --define=_FLASH --define=_LAUNCHXL_F28379D --define=DEBUG --define=_DUAL_HEADERS --define=CPU1 --diag_suppress=10063 --diag_warning=225 --diag_wrap=off --display_error_number --abi=coffabi --section_sizes=on --preproc_with_compile --preproc_dependency="src/Shared_Verify.d_raw" --obj_directory="src"  "../src/Shared_Verify.c"
FILE: src/Shared_Verify.obj
CODE  size (bytes): 359
 
Finished building: "../src/Shared_Verify.c"
 
Building file: "../src/F2837xD_GlobalVariableDefs.c"
Invoking: C2000 Compiler
"/home/ismail/ti/ccs1271/ccs/tools/compiler/ti-cgt-c2000_22.6.1.LTS/bin/cl2000" -v28 -ml -mt --cla_support=cla1 --float_support=fpu32 --tmu_support=tmu0 --vcu_support=vcu2 -O4 --include_path="/home/ismail/IOT-CANBus/TI/Bootloader/Smallbootloader/src" --include_path="/home/ismail/IOT-CANBus/TI/Bootloader/Smallbootloader/assembly" --include_path="/home/ismail/IOT-CANBus/TI/Bootloader/Smallbootloader/linker" --include_path="/home/ismail/IOT-CANBus/TI/Bootloader/Smallbootloader/headers" --include_path="/home/ismail/ti/C2000Ware_5_02_00_00/device_support/f2837xd/common/include" --include_path="/home/ismail/ti/C2000Ware_5_02_00_00/device_support/f2837xd/headers/include" --include_path="/home/ismail/ti/C2000Ware_5_02_00_00/libraries/flash_api/f2837xd/include/Constants" --include_path="/home/ismail/ti/C2000Ware_5_02_00_00/libraries/flash_api/f2837xd/include" --include_path="/home/ismail/IOT-CANBus/TI/Bootloader/Smallbootloader" --include_path="/home/ismail/ti/ccs1271/ccs/tools/compiler/ti-cgt-c2000_22.6.1.LTS/include" --advice:performance=all --define=_STANDALONE --define=_FLASH --define=_LAUNCHXL_F28379D --define=DEBUG --define=_DUAL_HEADERS --define=CPU1 --diag_suppress=10063 --diag_warning=225 --diag_wrap=off --display_error_number --abi=coffabi --section_sizes=on --preproc_with_compile --preproc_dependency="src/F2837xD_GlobalVariableDefs.d_raw" --obj_directory="src"  "../src/F2837xD_GlobalVariableDefs.c"
FILE: src/F2837xD_GlobalVariableDefs.obj
DATA  size (bytes): 9870
 
Finished building: "../src/F2837xD_GlobalVariableDefs.c"
 
Building file: "../src/main.c"
Invoking: C2000 Compiler
"/home/ismail/ti/ccs1271/ccs/tools/compiler/ti-cgt-c2000_22.6.1.LTS/bin/cl2000" -v28 -ml -mt --cla_support=cla1 --float_support=fpu32 --tmu_support=tmu0 --vcu_support=vcu2 -O4 --include_path="/home/ismail/IOT-CANBus/TI/Bootloader/Smallbootloader/src" --include_path="/home/ismail/IOT-CANBus/TI/Bootloader/Smallbootloader/assembly" --include_path="/home/ismail/IOT-CANBus/TI/Bootloader/Smallbootloader/linker" --include_path="/home/ismail/IOT-CANBus/TI/Bootloader/Smallbootloader/headers" --include_path="/home/ismail/ti/C2000Ware_5_02_00_00/device_support/f2837xd/common/include" --include_path="/home/ismail/ti/C2000Ware_5_02_00_00/device_support/f2837xd/headers/include" --include_path="/home/ismail/ti/C2000Ware_5_02_00_00/libraries/flash_api/f2837xd/include/Constants" --include_path="/home/ismail/ti/C2000Ware_5_02_00_00/libraries/flash_api/f2837xd/include" --include_path="/home/ismail/IOT-CANBus/TI/Bootloader/Smallbootloader" --include_path="/home/ismail/ti/ccs1271/ccs/tools/compiler/ti-cgt-c2000_22.6.1.LTS/include" --advice:performance=all --define=_STANDALONE --define=_FLASH --define=_LAUNCHXL_F28379D --define=DEBUG --define=_DUAL_HEADERS --define=CPU1 --diag_suppress=10063 --diag_warning=225 --diag_wrap=off --display_error_number --abi=coffabi --section_sizes=on --preproc_with_compile --preproc_dependency="src/main.d_raw" --obj_directory="src"  "../src/main.c"
FILE: src/main.obj
CODE  size (bytes): 68
 
Finished building: "../src/main.c"
 
Building target: "Smallbootloader.out"
Invoking: C2000 Linker
"/home/ismail/ti/ccs1271/ccs/tools/compiler/ti-cgt-c2000_22.6.1.LTS/bin/cl2000" -v28 -ml -mt --cla_support=cla1 --float_support=fpu32 --tmu_support=tmu0 --vcu_support=vcu2 -O4 --advice:performance=all --define=_STANDALONE --define=_FLASH --define=_LAUNCHXL_F28379D --define=DEBUG --define=_DUAL_HEADERS --define=CPU1 --diag_suppress=10063 --diag_warning=225 --diag_wrap=off --display_error_number --abi=coffabi --section_sizes=on -z -m"Smallbootloader.map" --stack_size=0x100 --warn_sections -i"/home/ismail/ti/C2000Ware_5_02_00_00/device_support/f2837xd/common/cmd" -i"/home/ismail/ti/C2000Ware_5_02_00_00/device_support/f2837xd/headers/cmd" -i"/home/ismail/ti/ccs1271/ccs/tools/compiler/ti-cgt-c2000_22.6.1.LTS/lib" -i"/home/ismail/ti/ccs1271/ccs/tools/compiler/ti-cgt-c2000_22.6.1.LTS/include" --reread_libs --diag_wrap=off --display_error_number --xml_link_info="Smallbootloader_linkInfo.xml" --entry_point=code_start --rom_model -o "Smallbootloader.out" "./assembly/F2837xD_usDelay.obj" "./assembly/fwupgradec1toc2_start.obj" "./src/F2837xD_DefaultISR.obj" "./src/F2837xD_GlobalVariableDefs.obj" "./src/F2837xD_Gpio.obj" "./src/F2837xD_SysCtrl.obj" "./src/Fapi_UserDefinedFunctions.obj" "./src/SCI_Boot.obj" "./src/SCI_GetFunction.obj" "./src/Shared_Boot.obj" "./src/Shared_Erase.obj" "./src/Shared_Verify.obj" "./src/main.obj" "/home/ismail/ti/C2000Ware_5_02_00_00/libraries/flash_api/f2837xd/lib/F021_API_F2837xD_FPU32.lib" "/home/ismail/ti/C2000Ware_5_02_00_00/libraries/boot_rom/f2837xd/rev0/rom_symbol_libs/c1_ROM_API/c1bootROM_BootROMSymbols_fpu32.lib" "../linker/2837xD_FLASH_lnk_cpu1.cmd" "../linker/F2837xD_Headers_nonBIOS_cpu1.cmd" "../linker/flash_programming_cpu1tocpu2_RAM.cmd"  -l"/home/ismail/ti/ccs1271/ccs/tools/compiler/ti-cgt-c2000_22.6.1.LTS/lib/rts2800_fpu32.lib" -llibc.a 
<Linking>
FILE: Smallbootloader.out
CODE  size (bytes): 7395
CONST size (bytes): 61
DATA  size (bytes): 10164
 
Finished building target: "Smallbootloader.out"
 

**** Build Finished ****

**** Build of configuration CPU1_FLASH for project Smallbootloader ****

/home/ismail/ti/ccs1271/ccs/utils/bin/gmake -k -j 4 all -O 
 
gmake[1]: 'Smallbootloader.out' is up to date.

**** Build Finished ****

**** Build of configuration CPU1_FLASH for project Smallbootloader ****

/home/ismail/ti/ccs1271/ccs/utils/bin/gmake -k -j 4 all -O 
 
gmake[1]: 'Smallbootloader.out' is up to date.

**** Build Finished ****

**** Build of configuration CPU1_FLASH for project Smallbootloader ****

/home/ismail/ti/ccs1271/ccs/utils/bin/gmake -k -j 4 all -O 
 
Building file: "../src/main.c"
Invoking: C2000 Compiler
"/home/ismail/ti/ccs1271/ccs/tools/compiler/ti-cgt-c2000_22.6.1.LTS/bin/cl2000" -v28 -ml -mt --cla_support=cla1 --float_support=fpu32 --tmu_support=tmu0 --vcu_support=vcu2 -O2 --include_path="/home/ismail/IOT-CANBus/TI/Bootloader/Smallbootloader/src" --include_path="/home/ismail/IOT-CANBus/TI/Bootloader/Smallbootloader/assembly" --include_path="/home/ismail/IOT-CANBus/TI/Bootloader/Smallbootloader/linker" --include_path="/home/ismail/IOT-CANBus/TI/Bootloader/Smallbootloader/headers" --include_path="/home/ismail/ti/C2000Ware_5_02_00_00/device_support/f2837xd/common/include" --include_path="/home/ismail/ti/C2000Ware_5_02_00_00/device_support/f2837xd/headers/include" --include_path="/home/ismail/ti/C2000Ware_5_02_00_00/libraries/flash_api/f2837xd/include/Constants" --include_path="/home/ismail/ti/C2000Ware_5_02_00_00/libraries/flash_api/f2837xd/include" --include_path="/home/ismail/IOT-CANBus/TI/Bootloader/Smallbootloader" --include_path="/home/ismail/ti/ccs1271/ccs/tools/compiler/ti-cgt-c2000_22.6.1.LTS/include" --advice:performance=all --define=_STANDALONE --define=_FLASH --define=_LAUNCHXL_F28379D --define=DEBUG --define=_DUAL_HEADERS --define=CPU1 --diag_suppress=10063 --diag_warning=225 --diag_wrap=off --display_error_number --abi=coffabi --section_sizes=on --preproc_with_compile --preproc_dependency="src/main.d_raw" --obj_directory="src"  "../src/main.c"
FILE: src/main.obj
CODE  size (bytes): 68
 
Finished building: "../src/main.c"
 
Building target: "Smallbootloader.out"
Invoking: C2000 Linker
"/home/ismail/ti/ccs1271/ccs/tools/compiler/ti-cgt-c2000_22.6.1.LTS/bin/cl2000" -v28 -ml -mt --cla_support=cla1 --float_support=fpu32 --tmu_support=tmu0 --vcu_support=vcu2 -O2 --advice:performance=all --define=_STANDALONE --define=_FLASH --define=_LAUNCHXL_F28379D --define=DEBUG --define=_DUAL_HEADERS --define=CPU1 --diag_suppress=10063 --diag_warning=225 --diag_wrap=off --display_error_number --abi=coffabi --section_sizes=on -z -m"Smallbootloader.map" --stack_size=0x100 --warn_sections -i"/home/ismail/ti/C2000Ware_5_02_00_00/device_support/f2837xd/common/cmd" -i"/home/ismail/ti/C2000Ware_5_02_00_00/device_support/f2837xd/headers/cmd" -i"/home/ismail/ti/ccs1271/ccs/tools/compiler/ti-cgt-c2000_22.6.1.LTS/lib" -i"/home/ismail/ti/ccs1271/ccs/tools/compiler/ti-cgt-c2000_22.6.1.LTS/include" --reread_libs --diag_wrap=off --display_error_number --xml_link_info="Smallbootloader_linkInfo.xml" --entry_point=code_start --rom_model -o "Smallbootloader.out" "./assembly/F2837xD_usDelay.obj" "./assembly/fwupgradec1toc2_start.obj" "./src/F2837xD_DefaultISR.obj" "./src/F2837xD_GlobalVariableDefs.obj" "./src/F2837xD_Gpio.obj" "./src/F2837xD_SysCtrl.obj" "./src/Fapi_UserDefinedFunctions.obj" "./src/SCI_Boot.obj" "./src/SCI_GetFunction.obj" "./src/Shared_Boot.obj" "./src/Shared_Erase.obj" "./src/Shared_Verify.obj" "./src/main.obj" "/home/ismail/ti/C2000Ware_5_02_00_00/libraries/flash_api/f2837xd/lib/F021_API_F2837xD_FPU32.lib" "/home/ismail/ti/C2000Ware_5_02_00_00/libraries/boot_rom/f2837xd/rev0/rom_symbol_libs/c1_ROM_API/c1bootROM_BootROMSymbols_fpu32.lib" "../linker/2837xD_FLASH_lnk_cpu1.cmd" "../linker/F2837xD_Headers_nonBIOS_cpu1.cmd" "../linker/flash_programming_cpu1tocpu2_RAM.cmd"  -l"/home/ismail/ti/ccs1271/ccs/tools/compiler/ti-cgt-c2000_22.6.1.LTS/lib/rts2800_fpu32.lib" -llibc.a 
<Linking>
FILE: Smallbootloader.out
CODE  size (bytes): 7383
CONST size (bytes): 61
DATA  size (bytes): 10164
 
Finished building target: "Smallbootloader.out"
 

**** Build Finished ****

**** Build of configuration CPU1_FLASH for project Smallbootloader ****

/home/ismail/ti/ccs1271/ccs/utils/bin/gmake -k -j 4 all -O 
 
Building file: "../src/main.c"
Invoking: C2000 Compiler
"/home/ismail/ti/ccs1271/ccs/tools/compiler/ti-cgt-c2000_22.6.1.LTS/bin/cl2000" -v28 -ml -mt --cla_support=cla1 --float_support=fpu32 --tmu_support=tmu0 --vcu_support=vcu2 -O2 --include_path="/home/ismail/IOT-CANBus/TI/Bootloader/Smallbootloader/src" --include_path="/home/ismail/IOT-CANBus/TI/Bootloader/Smallbootloader/assembly" --include_path="/home/ismail/IOT-CANBus/TI/Bootloader/Smallbootloader/linker" --include_path="/home/ismail/IOT-CANBus/TI/Bootloader/Smallbootloader/headers" --include_path="/home/ismail/ti/C2000Ware_5_02_00_00/device_support/f2837xd/common/include" --include_path="/home/ismail/ti/C2000Ware_5_02_00_00/device_support/f2837xd/headers/include" --include_path="/home/ismail/ti/C2000Ware_5_02_00_00/libraries/flash_api/f2837xd/include/Constants" --include_path="/home/ismail/ti/C2000Ware_5_02_00_00/libraries/flash_api/f2837xd/include" --include_path="/home/ismail/IOT-CANBus/TI/Bootloader/Smallbootloader" --include_path="/home/ismail/ti/ccs1271/ccs/tools/compiler/ti-cgt-c2000_22.6.1.LTS/include" --advice:performance=all --define=_STANDALONE --define=_FLASH --define=_LAUNCHXL_F28379D --define=DEBUG --define=_DUAL_HEADERS --define=CPU1 --diag_suppress=10063 --diag_warning=225 --diag_wrap=off --display_error_number --abi=coffabi --section_sizes=on --preproc_with_compile --preproc_dependency="src/main.d_raw" --obj_directory="src"  "../src/main.c"
FILE: src/main.obj
CODE  size (bytes): 68
 
Finished building: "../src/main.c"
 
Building target: "Smallbootloader.out"
Invoking: C2000 Linker
"/home/ismail/ti/ccs1271/ccs/tools/compiler/ti-cgt-c2000_22.6.1.LTS/bin/cl2000" -v28 -ml -mt --cla_support=cla1 --float_support=fpu32 --tmu_support=tmu0 --vcu_support=vcu2 -O2 --advice:performance=all --define=_STANDALONE --define=_FLASH --define=_LAUNCHXL_F28379D --define=DEBUG --define=_DUAL_HEADERS --define=CPU1 --diag_suppress=10063 --diag_warning=225 --diag_wrap=off --display_error_number --abi=coffabi --section_sizes=on -z -m"Smallbootloader.map" --stack_size=0x100 --warn_sections -i"/home/ismail/ti/C2000Ware_5_02_00_00/device_support/f2837xd/common/cmd" -i"/home/ismail/ti/C2000Ware_5_02_00_00/device_support/f2837xd/headers/cmd" -i"/home/ismail/ti/ccs1271/ccs/tools/compiler/ti-cgt-c2000_22.6.1.LTS/lib" -i"/home/ismail/ti/ccs1271/ccs/tools/compiler/ti-cgt-c2000_22.6.1.LTS/include" --reread_libs --diag_wrap=off --display_error_number --xml_link_info="Smallbootloader_linkInfo.xml" --entry_point=code_start --rom_model -o "Smallbootloader.out" "./assembly/F2837xD_usDelay.obj" "./assembly/fwupgradec1toc2_start.obj" "./src/F2837xD_DefaultISR.obj" "./src/F2837xD_GlobalVariableDefs.obj" "./src/F2837xD_Gpio.obj" "./src/F2837xD_SysCtrl.obj" "./src/Fapi_UserDefinedFunctions.obj" "./src/SCI_Boot.obj" "./src/SCI_GetFunction.obj" "./src/Shared_Boot.obj" "./src/Shared_Erase.obj" "./src/Shared_Verify.obj" "./src/main.obj" "/home/ismail/ti/C2000Ware_5_02_00_00/libraries/flash_api/f2837xd/lib/F021_API_F2837xD_FPU32.lib" "/home/ismail/ti/C2000Ware_5_02_00_00/libraries/boot_rom/f2837xd/rev0/rom_symbol_libs/c1_ROM_API/c1bootROM_BootROMSymbols_fpu32.lib" "../linker/2837xD_FLASH_lnk_cpu1.cmd" "../linker/F2837xD_Headers_nonBIOS_cpu1.cmd" "../linker/flash_programming_cpu1tocpu2_RAM.cmd"  -l"/home/ismail/ti/ccs1271/ccs/tools/compiler/ti-cgt-c2000_22.6.1.LTS/lib/rts2800_fpu32.lib" -llibc.a 
<Linking>
FILE: Smallbootloader.out
CODE  size (bytes): 7383
CONST size (bytes): 61
DATA  size (bytes): 10164
 
Finished building target: "Smallbootloader.out"
 

**** Build Finished ****

**** Build of configuration CPU1_FLASH for project Smallbootloader ****

/home/ismail/ti/ccs1271/ccs/utils/bin/gmake -k -j 4 all -O 
 
gmake[1]: 'Smallbootloader.out' is up to date.

**** Build Finished ****

**** Build of configuration CPU1_FLASH for project Smallbootloader ****

/home/ismail/ti/ccs1271/ccs/utils/bin/gmake -k -j 4 all -O 
 
Building file: "../src/Shared_Boot.c"
Invoking: C2000 Compiler
"/home/ismail/ti/ccs1271/ccs/tools/compiler/ti-cgt-c2000_22.6.1.LTS/bin/cl2000" -v28 -ml -mt --cla_support=cla1 --float_support=fpu32 --tmu_support=tmu0 --vcu_support=vcu2 -O2 --include_path="/home/ismail/IOT-CANBus/TI/Bootloader/Smallbootloader/src" --include_path="/home/ismail/IOT-CANBus/TI/Bootloader/Smallbootloader/assembly" --include_path="/home/ismail/IOT-CANBus/TI/Bootloader/Smallbootloader/linker" --include_path="/home/ismail/IOT-CANBus/TI/Bootloader/Smallbootloader/headers" --include_path="/home/ismail/ti/C2000Ware_5_02_00_00/device_support/f2837xd/common/include" --include_path="/home/ismail/ti/C2000Ware_5_02_00_00/device_support/f2837xd/headers/include" --include_path="/home/ismail/ti/C2000Ware_5_02_00_00/libraries/flash_api/f2837xd/include/Constants" --include_path="/home/ismail/ti/C2000Ware_5_02_00_00/libraries/flash_api/f2837xd/include" --include_path="/home/ismail/IOT-CANBus/TI/Bootloader/Smallbootloader" --include_path="/home/ismail/ti/ccs1271/ccs/tools/compiler/ti-cgt-c2000_22.6.1.LTS/include" --advice:performance=all --define=_STANDALONE --define=_FLASH --define=_LAUNCHXL_F28379D --define=DEBUG --define=_DUAL_HEADERS --define=CPU1 --diag_suppress=10063 --diag_warning=225 --diag_wrap=off --display_error_number --abi=coffabi --section_sizes=on --preproc_with_compile --preproc_dependency="src/Shared_Boot.d_raw" --obj_directory="src"  "../src/Shared_Boot.c"
FILE: src/Shared_Boot.obj
CODE  size (bytes): 968
CONST size (bytes): 17
DATA  size (bytes): 16
 
Finished building: "../src/Shared_Boot.c"
 
Building target: "Smallbootloader.out"
Invoking: C2000 Linker
"/home/ismail/ti/ccs1271/ccs/tools/compiler/ti-cgt-c2000_22.6.1.LTS/bin/cl2000" -v28 -ml -mt --cla_support=cla1 --float_support=fpu32 --tmu_support=tmu0 --vcu_support=vcu2 -O2 --advice:performance=all --define=_STANDALONE --define=_FLASH --define=_LAUNCHXL_F28379D --define=DEBUG --define=_DUAL_HEADERS --define=CPU1 --diag_suppress=10063 --diag_warning=225 --diag_wrap=off --display_error_number --abi=coffabi --section_sizes=on -z -m"Smallbootloader.map" --stack_size=0x100 --warn_sections -i"/home/ismail/ti/C2000Ware_5_02_00_00/device_support/f2837xd/common/cmd" -i"/home/ismail/ti/C2000Ware_5_02_00_00/device_support/f2837xd/headers/cmd" -i"/home/ismail/ti/ccs1271/ccs/tools/compiler/ti-cgt-c2000_22.6.1.LTS/lib" -i"/home/ismail/ti/ccs1271/ccs/tools/compiler/ti-cgt-c2000_22.6.1.LTS/include" --reread_libs --diag_wrap=off --display_error_number --xml_link_info="Smallbootloader_linkInfo.xml" --entry_point=code_start --rom_model -o "Smallbootloader.out" "./assembly/F2837xD_usDelay.obj" "./assembly/fwupgradec1toc2_start.obj" "./src/F2837xD_DefaultISR.obj" "./src/F2837xD_GlobalVariableDefs.obj" "./src/F2837xD_Gpio.obj" "./src/F2837xD_SysCtrl.obj" "./src/Fapi_UserDefinedFunctions.obj" "./src/SCI_Boot.obj" "./src/SCI_GetFunction.obj" "./src/Shared_Boot.obj" "./src/Shared_Erase.obj" "./src/Shared_Verify.obj" "./src/main.obj" "/home/ismail/ti/C2000Ware_5_02_00_00/libraries/flash_api/f2837xd/lib/F021_API_F2837xD_FPU32.lib" "/home/ismail/ti/C2000Ware_5_02_00_00/libraries/boot_rom/f2837xd/rev0/rom_symbol_libs/c1_ROM_API/c1bootROM_BootROMSymbols_fpu32.lib" "../linker/2837xD_FLASH_lnk_cpu1.cmd" "../linker/F2837xD_Headers_nonBIOS_cpu1.cmd" "../linker/flash_programming_cpu1tocpu2_RAM.cmd"  -l"/home/ismail/ti/ccs1271/ccs/tools/compiler/ti-cgt-c2000_22.6.1.LTS/lib/rts2800_fpu32.lib" -llibc.a 
<Linking>
FILE: Smallbootloader.out
CODE  size (bytes): 7389
CONST size (bytes): 61
DATA  size (bytes): 10164
 
Finished building target: "Smallbootloader.out"
 

**** Build Finished ****

**** Build of configuration CPU1_FLASH for project Smallbootloader ****

/home/ismail/ti/ccs1271/ccs/utils/bin/gmake -k -j 4 all -O 
 
Building file: "../src/main.c"
Invoking: C2000 Compiler
"/home/ismail/ti/ccs1271/ccs/tools/compiler/ti-cgt-c2000_22.6.1.LTS/bin/cl2000" -v28 -ml -mt --cla_support=cla1 --float_support=fpu32 --tmu_support=tmu0 --vcu_support=vcu2 -O2 --include_path="/home/ismail/IOT-CANBus/TI/Bootloader/Smallbootloader/src" --include_path="/home/ismail/IOT-CANBus/TI/Bootloader/Smallbootloader/assembly" --include_path="/home/ismail/IOT-CANBus/TI/Bootloader/Smallbootloader/linker" --include_path="/home/ismail/IOT-CANBus/TI/Bootloader/Smallbootloader/headers" --include_path="/home/ismail/ti/C2000Ware_5_02_00_00/device_support/f2837xd/common/include" --include_path="/home/ismail/ti/C2000Ware_5_02_00_00/device_support/f2837xd/headers/include" --include_path="/home/ismail/ti/C2000Ware_5_02_00_00/libraries/flash_api/f2837xd/include/Constants" --include_path="/home/ismail/ti/C2000Ware_5_02_00_00/libraries/flash_api/f2837xd/include" --include_path="/home/ismail/IOT-CANBus/TI/Bootloader/Smallbootloader" --include_path="/home/ismail/ti/ccs1271/ccs/tools/compiler/ti-cgt-c2000_22.6.1.LTS/include" --advice:performance=all --define=_STANDALONE --define=_FLASH --define=_LAUNCHXL_F28379D --define=DEBUG --define=_DUAL_HEADERS --define=CPU1 --diag_suppress=10063 --diag_warning=225 --diag_wrap=off --display_error_number --abi=coffabi --section_sizes=on --preproc_with_compile --preproc_dependency="src/main.d_raw" --obj_directory="src"  "../src/main.c"
FILE: src/main.obj
CODE  size (bytes): 199
 
Finished building: "../src/main.c"
 
Building target: "Smallbootloader.out"
Invoking: C2000 Linker
"/home/ismail/ti/ccs1271/ccs/tools/compiler/ti-cgt-c2000_22.6.1.LTS/bin/cl2000" -v28 -ml -mt --cla_support=cla1 --float_support=fpu32 --tmu_support=tmu0 --vcu_support=vcu2 -O2 --advice:performance=all --define=_STANDALONE --define=_FLASH --define=_LAUNCHXL_F28379D --define=DEBUG --define=_DUAL_HEADERS --define=CPU1 --diag_suppress=10063 --diag_warning=225 --diag_wrap=off --display_error_number --abi=coffabi --section_sizes=on -z -m"Smallbootloader.map" --stack_size=0x100 --warn_sections -i"/home/ismail/ti/C2000Ware_5_02_00_00/device_support/f2837xd/common/cmd" -i"/home/ismail/ti/C2000Ware_5_02_00_00/device_support/f2837xd/headers/cmd" -i"/home/ismail/ti/ccs1271/ccs/tools/compiler/ti-cgt-c2000_22.6.1.LTS/lib" -i"/home/ismail/ti/ccs1271/ccs/tools/compiler/ti-cgt-c2000_22.6.1.LTS/include" --reread_libs --diag_wrap=off --display_error_number --xml_link_info="Smallbootloader_linkInfo.xml" --entry_point=code_start --rom_model -o "Smallbootloader.out" "./assembly/F2837xD_usDelay.obj" "./assembly/fwupgradec1toc2_start.obj" "./src/F2837xD_DefaultISR.obj" "./src/F2837xD_GlobalVariableDefs.obj" "./src/F2837xD_Gpio.obj" "./src/F2837xD_SysCtrl.obj" "./src/Fapi_UserDefinedFunctions.obj" "./src/SCI_Boot.obj" "./src/SCI_GetFunction.obj" "./src/Shared_Boot.obj" "./src/Shared_Erase.obj" "./src/Shared_Verify.obj" "./src/main.obj" "/home/ismail/ti/C2000Ware_5_02_00_00/libraries/flash_api/f2837xd/lib/F021_API_F2837xD_FPU32.lib" "/home/ismail/ti/C2000Ware_5_02_00_00/libraries/boot_rom/f2837xd/rev0/rom_symbol_libs/c1_ROM_API/c1bootROM_BootROMSymbols_fpu32.lib" "../linker/2837xD_FLASH_lnk_cpu1.cmd" "../linker/F2837xD_Headers_nonBIOS_cpu1.cmd" "../linker/flash_programming_cpu1tocpu2_RAM.cmd"  -l"/home/ismail/ti/ccs1271/ccs/tools/compiler/ti-cgt-c2000_22.6.1.LTS/lib/rts2800_fpu32.lib" -llibc.a 
<Linking>
FILE: Smallbootloader.out
CODE  size (bytes): 7520
CONST size (bytes): 61
DATA  size (bytes): 10164
 
Finished building target: "Smallbootloader.out"
 

**** Build Finished ****

**** Build of configuration CPU1_FLASH for project Smallbootloader ****

/home/ismail/ti/ccs1271/ccs/utils/bin/gmake -k -j 4 all -O 
 
gmake[1]: 'Smallbootloader.out' is up to date.

**** Build Finished ****
