
**** Build of configuration CPU1_FLASH for project SCI_CAN_Interfaces_CPU1 ****

/home/ismail/ti/ccs1271/ccs/utils/bin/gmake -k -j 4 all -O 
 
Building file: "../DCSM_Z1_ZoneSelectBlock.asm"
Invoking: C2000 Compiler
"/home/ismail/ti/ccs1271/ccs/tools/compiler/ti-cgt-c2000_22.6.1.LTS/bin/cl2000" -v28 -ml -mt --cla_support=cla1 --float_support=fpu32 --tmu_support=tmu0 --vcu_support=vcu2 -Ooff --include_path="/home/ismail/ti/C2000Ware_5_02_00_00/device_support/f2837xd/common/include" --include_path="/home/ismail/ti/C2000Ware_5_02_00_00/device_support/f2837xd/headers/include" --include_path="/home/ismail/ti/C2000Ware_5_02_00_00/libraries/flash_api/f2837xd/include/Constants" --include_path="/home/ismail/ti/C2000Ware_5_02_00_00/libraries/flash_api/f2837xd/include" --include_path="/home/ismail/IOT-CANBus/TI/FLASH_BANK_0/SCI_CAN_Interfaces_CPU1" --include_path="/home/ismail/ti/ccs1271/ccs/tools/compiler/ti-cgt-c2000_22.6.1.LTS/include" --advice:performance=all --define=_STANDALONE --define=_FLASH --define=_LAUNCHXL_F28379D --define=DEBUG --define=_DUAL_HEADERS --define=CPU1 --diag_suppress=10063 --diag_warning=225 --diag_wrap=off --display_error_number --abi=coffabi --preproc_with_compile --preproc_dependency="DCSM_Z1_ZoneSelectBlock.d_raw"  "../DCSM_Z1_ZoneSelectBlock.asm"
Finished building: "../DCSM_Z1_ZoneSelectBlock.asm"
 
Building file: "../DCSM_Z2_ZoneSelectBlock.asm"
Invoking: C2000 Compiler
"/home/ismail/ti/ccs1271/ccs/tools/compiler/ti-cgt-c2000_22.6.1.LTS/bin/cl2000" -v28 -ml -mt --cla_support=cla1 --float_support=fpu32 --tmu_support=tmu0 --vcu_support=vcu2 -Ooff --include_path="/home/ismail/ti/C2000Ware_5_02_00_00/device_support/f2837xd/common/include" --include_path="/home/ismail/ti/C2000Ware_5_02_00_00/device_support/f2837xd/headers/include" --include_path="/home/ismail/ti/C2000Ware_5_02_00_00/libraries/flash_api/f2837xd/include/Constants" --include_path="/home/ismail/ti/C2000Ware_5_02_00_00/libraries/flash_api/f2837xd/include" --include_path="/home/ismail/IOT-CANBus/TI/FLASH_BANK_0/SCI_CAN_Interfaces_CPU1" --include_path="/home/ismail/ti/ccs1271/ccs/tools/compiler/ti-cgt-c2000_22.6.1.LTS/include" --advice:performance=all --define=_STANDALONE --define=_FLASH --define=_LAUNCHXL_F28379D --define=DEBUG --define=_DUAL_HEADERS --define=CPU1 --diag_suppress=10063 --diag_warning=225 --diag_wrap=off --display_error_number --abi=coffabi --preproc_with_compile --preproc_dependency="DCSM_Z2_ZoneSelectBlock.d_raw"  "../DCSM_Z2_ZoneSelectBlock.asm"
Finished building: "../DCSM_Z2_ZoneSelectBlock.asm"
 
Building file: "/home/ismail/ti/C2000Ware_5_02_00_00/device_support/f2837xd/common/source/F2837xD_Ipc.c"
Invoking: C2000 Compiler
"/home/ismail/ti/ccs1271/ccs/tools/compiler/ti-cgt-c2000_22.6.1.LTS/bin/cl2000" -v28 -ml -mt --cla_support=cla1 --float_support=fpu32 --tmu_support=tmu0 --vcu_support=vcu2 -Ooff --include_path="/home/ismail/ti/C2000Ware_5_02_00_00/device_support/f2837xd/common/include" --include_path="/home/ismail/ti/C2000Ware_5_02_00_00/device_support/f2837xd/headers/include" --include_path="/home/ismail/ti/C2000Ware_5_02_00_00/libraries/flash_api/f2837xd/include/Constants" --include_path="/home/ismail/ti/C2000Ware_5_02_00_00/libraries/flash_api/f2837xd/include" --include_path="/home/ismail/IOT-CANBus/TI/FLASH_BANK_0/SCI_CAN_Interfaces_CPU1" --include_path="/home/ismail/ti/ccs1271/ccs/tools/compiler/ti-cgt-c2000_22.6.1.LTS/include" --advice:performance=all --define=_STANDALONE --define=_FLASH --define=_LAUNCHXL_F28379D --define=DEBUG --define=_DUAL_HEADERS --define=CPU1 --diag_suppress=10063 --diag_warning=225 --diag_wrap=off --display_error_number --abi=coffabi --preproc_with_compile --preproc_dependency="F2837xD_Ipc.d_raw"  "/home/ismail/ti/C2000Ware_5_02_00_00/device_support/f2837xd/common/source/F2837xD_Ipc.c"
Finished building: "/home/ismail/ti/C2000Ware_5_02_00_00/device_support/f2837xd/common/source/F2837xD_Ipc.c"
 
Building file: "/home/ismail/IOT-CANBus/TI/FLASH_BANK_0/SCI_CAN_Interfaces_CPU1/F2837xD_DefaultISR.c"
Invoking: C2000 Compiler
"/home/ismail/ti/ccs1271/ccs/tools/compiler/ti-cgt-c2000_22.6.1.LTS/bin/cl2000" -v28 -ml -mt --cla_support=cla1 --float_support=fpu32 --tmu_support=tmu0 --vcu_support=vcu2 -Ooff --include_path="/home/ismail/ti/C2000Ware_5_02_00_00/device_support/f2837xd/common/include" --include_path="/home/ismail/ti/C2000Ware_5_02_00_00/device_support/f2837xd/headers/include" --include_path="/home/ismail/ti/C2000Ware_5_02_00_00/libraries/flash_api/f2837xd/include/Constants" --include_path="/home/ismail/ti/C2000Ware_5_02_00_00/libraries/flash_api/f2837xd/include" --include_path="/home/ismail/IOT-CANBus/TI/FLASH_BANK_0/SCI_CAN_Interfaces_CPU1" --include_path="/home/ismail/ti/ccs1271/ccs/tools/compiler/ti-cgt-c2000_22.6.1.LTS/include" --advice:performance=all --define=_STANDALONE --define=_FLASH --define=_LAUNCHXL_F28379D --define=DEBUG --define=_DUAL_HEADERS --define=CPU1 --diag_suppress=10063 --diag_warning=225 --diag_wrap=off --display_error_number --abi=coffabi --preproc_with_compile --preproc_dependency="F2837xD_DefaultISR.d_raw"  "/home/ismail/IOT-CANBus/TI/FLASH_BANK_0/SCI_CAN_Interfaces_CPU1/F2837xD_DefaultISR.c"
Finished building: "/home/ismail/IOT-CANBus/TI/FLASH_BANK_0/SCI_CAN_Interfaces_CPU1/F2837xD_DefaultISR.c"
 
Building file: "/home/ismail/IOT-CANBus/TI/FLASH_BANK_0/SCI_CAN_Interfaces_CPU1/F2837xD_PieCtrl.c"
Invoking: C2000 Compiler
"/home/ismail/ti/ccs1271/ccs/tools/compiler/ti-cgt-c2000_22.6.1.LTS/bin/cl2000" -v28 -ml -mt --cla_support=cla1 --float_support=fpu32 --tmu_support=tmu0 --vcu_support=vcu2 -Ooff --include_path="/home/ismail/ti/C2000Ware_5_02_00_00/device_support/f2837xd/common/include" --include_path="/home/ismail/ti/C2000Ware_5_02_00_00/device_support/f2837xd/headers/include" --include_path="/home/ismail/ti/C2000Ware_5_02_00_00/libraries/flash_api/f2837xd/include/Constants" --include_path="/home/ismail/ti/C2000Ware_5_02_00_00/libraries/flash_api/f2837xd/include" --include_path="/home/ismail/IOT-CANBus/TI/FLASH_BANK_0/SCI_CAN_Interfaces_CPU1" --include_path="/home/ismail/ti/ccs1271/ccs/tools/compiler/ti-cgt-c2000_22.6.1.LTS/include" --advice:performance=all --define=_STANDALONE --define=_FLASH --define=_LAUNCHXL_F28379D --define=DEBUG --define=_DUAL_HEADERS --define=CPU1 --diag_suppress=10063 --diag_warning=225 --diag_wrap=off --display_error_number --abi=coffabi --preproc_with_compile --preproc_dependency="F2837xD_PieCtrl.d_raw"  "/home/ismail/IOT-CANBus/TI/FLASH_BANK_0/SCI_CAN_Interfaces_CPU1/F2837xD_PieCtrl.c"
Finished building: "/home/ismail/IOT-CANBus/TI/FLASH_BANK_0/SCI_CAN_Interfaces_CPU1/F2837xD_PieCtrl.c"
 
Building file: "/home/ismail/IOT-CANBus/TI/FLASH_BANK_0/SCI_CAN_Interfaces_CPU1/F2837xD_PieVect.c"
Invoking: C2000 Compiler
"/home/ismail/ti/ccs1271/ccs/tools/compiler/ti-cgt-c2000_22.6.1.LTS/bin/cl2000" -v28 -ml -mt --cla_support=cla1 --float_support=fpu32 --tmu_support=tmu0 --vcu_support=vcu2 -Ooff --include_path="/home/ismail/ti/C2000Ware_5_02_00_00/device_support/f2837xd/common/include" --include_path="/home/ismail/ti/C2000Ware_5_02_00_00/device_support/f2837xd/headers/include" --include_path="/home/ismail/ti/C2000Ware_5_02_00_00/libraries/flash_api/f2837xd/include/Constants" --include_path="/home/ismail/ti/C2000Ware_5_02_00_00/libraries/flash_api/f2837xd/include" --include_path="/home/ismail/IOT-CANBus/TI/FLASH_BANK_0/SCI_CAN_Interfaces_CPU1" --include_path="/home/ismail/ti/ccs1271/ccs/tools/compiler/ti-cgt-c2000_22.6.1.LTS/include" --advice:performance=all --define=_STANDALONE --define=_FLASH --define=_LAUNCHXL_F28379D --define=DEBUG --define=_DUAL_HEADERS --define=CPU1 --diag_suppress=10063 --diag_warning=225 --diag_wrap=off --display_error_number --abi=coffabi --preproc_with_compile --preproc_dependency="F2837xD_PieVect.d_raw"  "/home/ismail/IOT-CANBus/TI/FLASH_BANK_0/SCI_CAN_Interfaces_CPU1/F2837xD_PieVect.c"
Finished building: "/home/ismail/IOT-CANBus/TI/FLASH_BANK_0/SCI_CAN_Interfaces_CPU1/F2837xD_PieVect.c"
 
Building file: "/home/ismail/IOT-CANBus/TI/FLASH_BANK_0/SCI_CAN_Interfaces_CPU1/F2837xD_Gpio.c"
Invoking: C2000 Compiler
"/home/ismail/ti/ccs1271/ccs/tools/compiler/ti-cgt-c2000_22.6.1.LTS/bin/cl2000" -v28 -ml -mt --cla_support=cla1 --float_support=fpu32 --tmu_support=tmu0 --vcu_support=vcu2 -Ooff --include_path="/home/ismail/ti/C2000Ware_5_02_00_00/device_support/f2837xd/common/include" --include_path="/home/ismail/ti/C2000Ware_5_02_00_00/device_support/f2837xd/headers/include" --include_path="/home/ismail/ti/C2000Ware_5_02_00_00/libraries/flash_api/f2837xd/include/Constants" --include_path="/home/ismail/ti/C2000Ware_5_02_00_00/libraries/flash_api/f2837xd/include" --include_path="/home/ismail/IOT-CANBus/TI/FLASH_BANK_0/SCI_CAN_Interfaces_CPU1" --include_path="/home/ismail/ti/ccs1271/ccs/tools/compiler/ti-cgt-c2000_22.6.1.LTS/include" --advice:performance=all --define=_STANDALONE --define=_FLASH --define=_LAUNCHXL_F28379D --define=DEBUG --define=_DUAL_HEADERS --define=CPU1 --diag_suppress=10063 --diag_warning=225 --diag_wrap=off --display_error_number --abi=coffabi --preproc_with_compile --preproc_dependency="F2837xD_Gpio.d_raw"  "/home/ismail/IOT-CANBus/TI/FLASH_BANK_0/SCI_CAN_Interfaces_CPU1/F2837xD_Gpio.c"
Finished building: "/home/ismail/IOT-CANBus/TI/FLASH_BANK_0/SCI_CAN_Interfaces_CPU1/F2837xD_Gpio.c"
 
Building file: "/home/ismail/ti/C2000Ware_5_02_00_00/device_support/f2837xd/common/source/F2837xD_Ipc_Driver_Util.c"
Invoking: C2000 Compiler
"/home/ismail/ti/ccs1271/ccs/tools/compiler/ti-cgt-c2000_22.6.1.LTS/bin/cl2000" -v28 -ml -mt --cla_support=cla1 --float_support=fpu32 --tmu_support=tmu0 --vcu_support=vcu2 -Ooff --include_path="/home/ismail/ti/C2000Ware_5_02_00_00/device_support/f2837xd/common/include" --include_path="/home/ismail/ti/C2000Ware_5_02_00_00/device_support/f2837xd/headers/include" --include_path="/home/ismail/ti/C2000Ware_5_02_00_00/libraries/flash_api/f2837xd/include/Constants" --include_path="/home/ismail/ti/C2000Ware_5_02_00_00/libraries/flash_api/f2837xd/include" --include_path="/home/ismail/IOT-CANBus/TI/FLASH_BANK_0/SCI_CAN_Interfaces_CPU1" --include_path="/home/ismail/ti/ccs1271/ccs/tools/compiler/ti-cgt-c2000_22.6.1.LTS/include" --advice:performance=all --define=_STANDALONE --define=_FLASH --define=_LAUNCHXL_F28379D --define=DEBUG --define=_DUAL_HEADERS --define=CPU1 --diag_suppress=10063 --diag_warning=225 --diag_wrap=off --display_error_number --abi=coffabi --preproc_with_compile --preproc_dependency="F2837xD_Ipc_Driver_Util.d_raw"  "/home/ismail/ti/C2000Ware_5_02_00_00/device_support/f2837xd/common/source/F2837xD_Ipc_Driver_Util.c"
Finished building: "/home/ismail/ti/C2000Ware_5_02_00_00/device_support/f2837xd/common/source/F2837xD_Ipc_Driver_Util.c"
 
Building file: "/home/ismail/IOT-CANBus/TI/FLASH_BANK_0/SCI_CAN_Interfaces_CPU1/F2837xD_usDelay.asm"
Invoking: C2000 Compiler
"/home/ismail/ti/ccs1271/ccs/tools/compiler/ti-cgt-c2000_22.6.1.LTS/bin/cl2000" -v28 -ml -mt --cla_support=cla1 --float_support=fpu32 --tmu_support=tmu0 --vcu_support=vcu2 -Ooff --include_path="/home/ismail/ti/C2000Ware_5_02_00_00/device_support/f2837xd/common/include" --include_path="/home/ismail/ti/C2000Ware_5_02_00_00/device_support/f2837xd/headers/include" --include_path="/home/ismail/ti/C2000Ware_5_02_00_00/libraries/flash_api/f2837xd/include/Constants" --include_path="/home/ismail/ti/C2000Ware_5_02_00_00/libraries/flash_api/f2837xd/include" --include_path="/home/ismail/IOT-CANBus/TI/FLASH_BANK_0/SCI_CAN_Interfaces_CPU1" --include_path="/home/ismail/ti/ccs1271/ccs/tools/compiler/ti-cgt-c2000_22.6.1.LTS/include" --advice:performance=all --define=_STANDALONE --define=_FLASH --define=_LAUNCHXL_F28379D --define=DEBUG --define=_DUAL_HEADERS --define=CPU1 --diag_suppress=10063 --diag_warning=225 --diag_wrap=off --display_error_number --abi=coffabi --preproc_with_compile --preproc_dependency="F2837xD_usDelay.d_raw"  "/home/ismail/IOT-CANBus/TI/FLASH_BANK_0/SCI_CAN_Interfaces_CPU1/F2837xD_usDelay.asm"
Finished building: "/home/ismail/IOT-CANBus/TI/FLASH_BANK_0/SCI_CAN_Interfaces_CPU1/F2837xD_usDelay.asm"
 
Building file: "/home/ismail/IOT-CANBus/TI/FLASH_BANK_0/SCI_CAN_Interfaces_CPU1/F2837xD_sci_flash_kernels_cpu01.c"
Invoking: C2000 Compiler
"/home/ismail/ti/ccs1271/ccs/tools/compiler/ti-cgt-c2000_22.6.1.LTS/bin/cl2000" -v28 -ml -mt --cla_support=cla1 --float_support=fpu32 --tmu_support=tmu0 --vcu_support=vcu2 -Ooff --include_path="/home/ismail/ti/C2000Ware_5_02_00_00/device_support/f2837xd/common/include" --include_path="/home/ismail/ti/C2000Ware_5_02_00_00/device_support/f2837xd/headers/include" --include_path="/home/ismail/ti/C2000Ware_5_02_00_00/libraries/flash_api/f2837xd/include/Constants" --include_path="/home/ismail/ti/C2000Ware_5_02_00_00/libraries/flash_api/f2837xd/include" --include_path="/home/ismail/IOT-CANBus/TI/FLASH_BANK_0/SCI_CAN_Interfaces_CPU1" --include_path="/home/ismail/ti/ccs1271/ccs/tools/compiler/ti-cgt-c2000_22.6.1.LTS/include" --advice:performance=all --define=_STANDALONE --define=_FLASH --define=_LAUNCHXL_F28379D --define=DEBUG --define=_DUAL_HEADERS --define=CPU1 --diag_suppress=10063 --diag_warning=225 --diag_wrap=off --display_error_number --abi=coffabi --preproc_with_compile --preproc_dependency="F2837xD_sci_flash_kernels_cpu01.d_raw"  "/home/ismail/IOT-CANBus/TI/FLASH_BANK_0/SCI_CAN_Interfaces_CPU1/F2837xD_sci_flash_kernels_cpu01.c"
Finished building: "/home/ismail/IOT-CANBus/TI/FLASH_BANK_0/SCI_CAN_Interfaces_CPU1/F2837xD_sci_flash_kernels_cpu01.c"
 
Building file: "/home/ismail/IOT-CANBus/TI/FLASH_BANK_0/SCI_CAN_Interfaces_CPU1/Fapi_UserDefinedFunctions.c"
Invoking: C2000 Compiler
"/home/ismail/ti/ccs1271/ccs/tools/compiler/ti-cgt-c2000_22.6.1.LTS/bin/cl2000" -v28 -ml -mt --cla_support=cla1 --float_support=fpu32 --tmu_support=tmu0 --vcu_support=vcu2 -Ooff --include_path="/home/ismail/ti/C2000Ware_5_02_00_00/device_support/f2837xd/common/include" --include_path="/home/ismail/ti/C2000Ware_5_02_00_00/device_support/f2837xd/headers/include" --include_path="/home/ismail/ti/C2000Ware_5_02_00_00/libraries/flash_api/f2837xd/include/Constants" --include_path="/home/ismail/ti/C2000Ware_5_02_00_00/libraries/flash_api/f2837xd/include" --include_path="/home/ismail/IOT-CANBus/TI/FLASH_BANK_0/SCI_CAN_Interfaces_CPU1" --include_path="/home/ismail/ti/ccs1271/ccs/tools/compiler/ti-cgt-c2000_22.6.1.LTS/include" --advice:performance=all --define=_STANDALONE --define=_FLASH --define=_LAUNCHXL_F28379D --define=DEBUG --define=_DUAL_HEADERS --define=CPU1 --diag_suppress=10063 --diag_warning=225 --diag_wrap=off --display_error_number --abi=coffabi --preproc_with_compile --preproc_dependency="Fapi_UserDefinedFunctions.d_raw"  "/home/ismail/IOT-CANBus/TI/FLASH_BANK_0/SCI_CAN_Interfaces_CPU1/Fapi_UserDefinedFunctions.c"
Finished building: "/home/ismail/IOT-CANBus/TI/FLASH_BANK_0/SCI_CAN_Interfaces_CPU1/Fapi_UserDefinedFunctions.c"
 
Building file: "/home/ismail/IOT-CANBus/TI/FLASH_BANK_0/SCI_CAN_Interfaces_CPU1/F2837xD_SysCtrl.c"
Invoking: C2000 Compiler
"/home/ismail/ti/ccs1271/ccs/tools/compiler/ti-cgt-c2000_22.6.1.LTS/bin/cl2000" -v28 -ml -mt --cla_support=cla1 --float_support=fpu32 --tmu_support=tmu0 --vcu_support=vcu2 -Ooff --include_path="/home/ismail/ti/C2000Ware_5_02_00_00/device_support/f2837xd/common/include" --include_path="/home/ismail/ti/C2000Ware_5_02_00_00/device_support/f2837xd/headers/include" --include_path="/home/ismail/ti/C2000Ware_5_02_00_00/libraries/flash_api/f2837xd/include/Constants" --include_path="/home/ismail/ti/C2000Ware_5_02_00_00/libraries/flash_api/f2837xd/include" --include_path="/home/ismail/IOT-CANBus/TI/FLASH_BANK_0/SCI_CAN_Interfaces_CPU1" --include_path="/home/ismail/ti/ccs1271/ccs/tools/compiler/ti-cgt-c2000_22.6.1.LTS/include" --advice:performance=all --define=_STANDALONE --define=_FLASH --define=_LAUNCHXL_F28379D --define=DEBUG --define=_DUAL_HEADERS --define=CPU1 --diag_suppress=10063 --diag_warning=225 --diag_wrap=off --display_error_number --abi=coffabi --preproc_with_compile --preproc_dependency="F2837xD_SysCtrl.d_raw"  "/home/ismail/IOT-CANBus/TI/FLASH_BANK_0/SCI_CAN_Interfaces_CPU1/F2837xD_SysCtrl.c"
"/home/ismail/IOT-CANBus/TI/FLASH_BANK_0/SCI_CAN_Interfaces_CPU1/F2837xD_SysCtrl.c", line 837 (col. 47): advice #2614-D: (Performance) Use --fp_mode=relaxed to enable TMU hardware support for FP division.
Finished building: "/home/ismail/IOT-CANBus/TI/FLASH_BANK_0/SCI_CAN_Interfaces_CPU1/F2837xD_SysCtrl.c"
 
Building file: "/home/ismail/IOT-CANBus/TI/FLASH_BANK_0/SCI_CAN_Interfaces_CPU1/SCI_Boot.c"
Invoking: C2000 Compiler
"/home/ismail/ti/ccs1271/ccs/tools/compiler/ti-cgt-c2000_22.6.1.LTS/bin/cl2000" -v28 -ml -mt --cla_support=cla1 --float_support=fpu32 --tmu_support=tmu0 --vcu_support=vcu2 -Ooff --include_path="/home/ismail/ti/C2000Ware_5_02_00_00/device_support/f2837xd/common/include" --include_path="/home/ismail/ti/C2000Ware_5_02_00_00/device_support/f2837xd/headers/include" --include_path="/home/ismail/ti/C2000Ware_5_02_00_00/libraries/flash_api/f2837xd/include/Constants" --include_path="/home/ismail/ti/C2000Ware_5_02_00_00/libraries/flash_api/f2837xd/include" --include_path="/home/ismail/IOT-CANBus/TI/FLASH_BANK_0/SCI_CAN_Interfaces_CPU1" --include_path="/home/ismail/ti/ccs1271/ccs/tools/compiler/ti-cgt-c2000_22.6.1.LTS/include" --advice:performance=all --define=_STANDALONE --define=_FLASH --define=_LAUNCHXL_F28379D --define=DEBUG --define=_DUAL_HEADERS --define=CPU1 --diag_suppress=10063 --diag_warning=225 --diag_wrap=off --display_error_number --abi=coffabi --preproc_with_compile --preproc_dependency="SCI_Boot.d_raw"  "/home/ismail/IOT-CANBus/TI/FLASH_BANK_0/SCI_CAN_Interfaces_CPU1/SCI_Boot.c"
Finished building: "/home/ismail/IOT-CANBus/TI/FLASH_BANK_0/SCI_CAN_Interfaces_CPU1/SCI_Boot.c"
 
Building file: "/home/ismail/IOT-CANBus/TI/FLASH_BANK_0/SCI_CAN_Interfaces_CPU1/Shared_Erase.c"
Invoking: C2000 Compiler
"/home/ismail/ti/ccs1271/ccs/tools/compiler/ti-cgt-c2000_22.6.1.LTS/bin/cl2000" -v28 -ml -mt --cla_support=cla1 --float_support=fpu32 --tmu_support=tmu0 --vcu_support=vcu2 -Ooff --include_path="/home/ismail/ti/C2000Ware_5_02_00_00/device_support/f2837xd/common/include" --include_path="/home/ismail/ti/C2000Ware_5_02_00_00/device_support/f2837xd/headers/include" --include_path="/home/ismail/ti/C2000Ware_5_02_00_00/libraries/flash_api/f2837xd/include/Constants" --include_path="/home/ismail/ti/C2000Ware_5_02_00_00/libraries/flash_api/f2837xd/include" --include_path="/home/ismail/IOT-CANBus/TI/FLASH_BANK_0/SCI_CAN_Interfaces_CPU1" --include_path="/home/ismail/ti/ccs1271/ccs/tools/compiler/ti-cgt-c2000_22.6.1.LTS/include" --advice:performance=all --define=_STANDALONE --define=_FLASH --define=_LAUNCHXL_F28379D --define=DEBUG --define=_DUAL_HEADERS --define=CPU1 --diag_suppress=10063 --diag_warning=225 --diag_wrap=off --display_error_number --abi=coffabi --preproc_with_compile --preproc_dependency="Shared_Erase.d_raw"  "/home/ismail/IOT-CANBus/TI/FLASH_BANK_0/SCI_CAN_Interfaces_CPU1/Shared_Erase.c"
Finished building: "/home/ismail/IOT-CANBus/TI/FLASH_BANK_0/SCI_CAN_Interfaces_CPU1/Shared_Erase.c"
 
Building file: "/home/ismail/IOT-CANBus/TI/FLASH_BANK_0/SCI_CAN_Interfaces_CPU1/SCI_GetFunction.c"
Invoking: C2000 Compiler
"/home/ismail/ti/ccs1271/ccs/tools/compiler/ti-cgt-c2000_22.6.1.LTS/bin/cl2000" -v28 -ml -mt --cla_support=cla1 --float_support=fpu32 --tmu_support=tmu0 --vcu_support=vcu2 -Ooff --include_path="/home/ismail/ti/C2000Ware_5_02_00_00/device_support/f2837xd/common/include" --include_path="/home/ismail/ti/C2000Ware_5_02_00_00/device_support/f2837xd/headers/include" --include_path="/home/ismail/ti/C2000Ware_5_02_00_00/libraries/flash_api/f2837xd/include/Constants" --include_path="/home/ismail/ti/C2000Ware_5_02_00_00/libraries/flash_api/f2837xd/include" --include_path="/home/ismail/IOT-CANBus/TI/FLASH_BANK_0/SCI_CAN_Interfaces_CPU1" --include_path="/home/ismail/ti/ccs1271/ccs/tools/compiler/ti-cgt-c2000_22.6.1.LTS/include" --advice:performance=all --define=_STANDALONE --define=_FLASH --define=_LAUNCHXL_F28379D --define=DEBUG --define=_DUAL_HEADERS --define=CPU1 --diag_suppress=10063 --diag_warning=225 --diag_wrap=off --display_error_number --abi=coffabi --preproc_with_compile --preproc_dependency="SCI_GetFunction.d_raw"  "/home/ismail/IOT-CANBus/TI/FLASH_BANK_0/SCI_CAN_Interfaces_CPU1/SCI_GetFunction.c"
Finished building: "/home/ismail/IOT-CANBus/TI/FLASH_BANK_0/SCI_CAN_Interfaces_CPU1/SCI_GetFunction.c"
 
Building file: "../fwupgradec1toc2_start.asm"
Invoking: C2000 Compiler
"/home/ismail/ti/ccs1271/ccs/tools/compiler/ti-cgt-c2000_22.6.1.LTS/bin/cl2000" -v28 -ml -mt --cla_support=cla1 --float_support=fpu32 --tmu_support=tmu0 --vcu_support=vcu2 -Ooff --include_path="/home/ismail/ti/C2000Ware_5_02_00_00/device_support/f2837xd/common/include" --include_path="/home/ismail/ti/C2000Ware_5_02_00_00/device_support/f2837xd/headers/include" --include_path="/home/ismail/ti/C2000Ware_5_02_00_00/libraries/flash_api/f2837xd/include/Constants" --include_path="/home/ismail/ti/C2000Ware_5_02_00_00/libraries/flash_api/f2837xd/include" --include_path="/home/ismail/IOT-CANBus/TI/FLASH_BANK_0/SCI_CAN_Interfaces_CPU1" --include_path="/home/ismail/ti/ccs1271/ccs/tools/compiler/ti-cgt-c2000_22.6.1.LTS/include" --advice:performance=all --define=_STANDALONE --define=_FLASH --define=_LAUNCHXL_F28379D --define=DEBUG --define=_DUAL_HEADERS --define=CPU1 --diag_suppress=10063 --diag_warning=225 --diag_wrap=off --display_error_number --abi=coffabi --preproc_with_compile --preproc_dependency="fwupgradec1toc2_start.d_raw"  "../fwupgradec1toc2_start.asm"
Finished building: "../fwupgradec1toc2_start.asm"
 
Building file: "/home/ismail/IOT-CANBus/TI/FLASH_BANK_0/SCI_CAN_Interfaces_CPU1/Shared_Verify.c"
Invoking: C2000 Compiler
"/home/ismail/ti/ccs1271/ccs/tools/compiler/ti-cgt-c2000_22.6.1.LTS/bin/cl2000" -v28 -ml -mt --cla_support=cla1 --float_support=fpu32 --tmu_support=tmu0 --vcu_support=vcu2 -Ooff --include_path="/home/ismail/ti/C2000Ware_5_02_00_00/device_support/f2837xd/common/include" --include_path="/home/ismail/ti/C2000Ware_5_02_00_00/device_support/f2837xd/headers/include" --include_path="/home/ismail/ti/C2000Ware_5_02_00_00/libraries/flash_api/f2837xd/include/Constants" --include_path="/home/ismail/ti/C2000Ware_5_02_00_00/libraries/flash_api/f2837xd/include" --include_path="/home/ismail/IOT-CANBus/TI/FLASH_BANK_0/SCI_CAN_Interfaces_CPU1" --include_path="/home/ismail/ti/ccs1271/ccs/tools/compiler/ti-cgt-c2000_22.6.1.LTS/include" --advice:performance=all --define=_STANDALONE --define=_FLASH --define=_LAUNCHXL_F28379D --define=DEBUG --define=_DUAL_HEADERS --define=CPU1 --diag_suppress=10063 --diag_warning=225 --diag_wrap=off --display_error_number --abi=coffabi --preproc_with_compile --preproc_dependency="Shared_Verify.d_raw"  "/home/ismail/IOT-CANBus/TI/FLASH_BANK_0/SCI_CAN_Interfaces_CPU1/Shared_Verify.c"
Finished building: "/home/ismail/IOT-CANBus/TI/FLASH_BANK_0/SCI_CAN_Interfaces_CPU1/Shared_Verify.c"
 
Building file: "/home/ismail/IOT-CANBus/TI/FLASH_BANK_0/SCI_CAN_Interfaces_CPU1/F2837xD_GlobalVariableDefs.c"
Invoking: C2000 Compiler
"/home/ismail/ti/ccs1271/ccs/tools/compiler/ti-cgt-c2000_22.6.1.LTS/bin/cl2000" -v28 -ml -mt --cla_support=cla1 --float_support=fpu32 --tmu_support=tmu0 --vcu_support=vcu2 -Ooff --include_path="/home/ismail/ti/C2000Ware_5_02_00_00/device_support/f2837xd/common/include" --include_path="/home/ismail/ti/C2000Ware_5_02_00_00/device_support/f2837xd/headers/include" --include_path="/home/ismail/ti/C2000Ware_5_02_00_00/libraries/flash_api/f2837xd/include/Constants" --include_path="/home/ismail/ti/C2000Ware_5_02_00_00/libraries/flash_api/f2837xd/include" --include_path="/home/ismail/IOT-CANBus/TI/FLASH_BANK_0/SCI_CAN_Interfaces_CPU1" --include_path="/home/ismail/ti/ccs1271/ccs/tools/compiler/ti-cgt-c2000_22.6.1.LTS/include" --advice:performance=all --define=_STANDALONE --define=_FLASH --define=_LAUNCHXL_F28379D --define=DEBUG --define=_DUAL_HEADERS --define=CPU1 --diag_suppress=10063 --diag_warning=225 --diag_wrap=off --display_error_number --abi=coffabi --preproc_with_compile --preproc_dependency="F2837xD_GlobalVariableDefs.d_raw"  "/home/ismail/IOT-CANBus/TI/FLASH_BANK_0/SCI_CAN_Interfaces_CPU1/F2837xD_GlobalVariableDefs.c"
Finished building: "/home/ismail/IOT-CANBus/TI/FLASH_BANK_0/SCI_CAN_Interfaces_CPU1/F2837xD_GlobalVariableDefs.c"
 
Building file: "/home/ismail/IOT-CANBus/TI/FLASH_BANK_0/SCI_CAN_Interfaces_CPU1/Shared_Boot.c"
Invoking: C2000 Compiler
"/home/ismail/ti/ccs1271/ccs/tools/compiler/ti-cgt-c2000_22.6.1.LTS/bin/cl2000" -v28 -ml -mt --cla_support=cla1 --float_support=fpu32 --tmu_support=tmu0 --vcu_support=vcu2 -Ooff --include_path="/home/ismail/ti/C2000Ware_5_02_00_00/device_support/f2837xd/common/include" --include_path="/home/ismail/ti/C2000Ware_5_02_00_00/device_support/f2837xd/headers/include" --include_path="/home/ismail/ti/C2000Ware_5_02_00_00/libraries/flash_api/f2837xd/include/Constants" --include_path="/home/ismail/ti/C2000Ware_5_02_00_00/libraries/flash_api/f2837xd/include" --include_path="/home/ismail/IOT-CANBus/TI/FLASH_BANK_0/SCI_CAN_Interfaces_CPU1" --include_path="/home/ismail/ti/ccs1271/ccs/tools/compiler/ti-cgt-c2000_22.6.1.LTS/include" --advice:performance=all --define=_STANDALONE --define=_FLASH --define=_LAUNCHXL_F28379D --define=DEBUG --define=_DUAL_HEADERS --define=CPU1 --diag_suppress=10063 --diag_warning=225 --diag_wrap=off --display_error_number --abi=coffabi --preproc_with_compile --preproc_dependency="Shared_Boot.d_raw"  "/home/ismail/IOT-CANBus/TI/FLASH_BANK_0/SCI_CAN_Interfaces_CPU1/Shared_Boot.c"
Finished building: "/home/ismail/IOT-CANBus/TI/FLASH_BANK_0/SCI_CAN_Interfaces_CPU1/Shared_Boot.c"
 
Building target: "SCI_CAN_Interfaces_CPU1.out"
Invoking: C2000 Linker
"/home/ismail/ti/ccs1271/ccs/tools/compiler/ti-cgt-c2000_22.6.1.LTS/bin/cl2000" -v28 -ml -mt --cla_support=cla1 --float_support=fpu32 --tmu_support=tmu0 --vcu_support=vcu2 -Ooff --advice:performance=all --define=_STANDALONE --define=_FLASH --define=_LAUNCHXL_F28379D --define=DEBUG --define=_DUAL_HEADERS --define=CPU1 --diag_suppress=10063 --diag_warning=225 --diag_wrap=off --display_error_number --abi=coffabi -z -m"SCI_CAN_Interfaces_CPU1.map" --stack_size=0x100 --warn_sections -i"/home/ismail/ti/C2000Ware_5_02_00_00/device_support/f2837xd/common/cmd" -i"/home/ismail/ti/C2000Ware_5_02_00_00/device_support/f2837xd/headers/cmd" -i"/home/ismail/ti/ccs1271/ccs/tools/compiler/ti-cgt-c2000_22.6.1.LTS/lib" -i"/home/ismail/ti/ccs1271/ccs/tools/compiler/ti-cgt-c2000_22.6.1.LTS/include" --reread_libs --diag_wrap=off --display_error_number --xml_link_info="SCI_CAN_Interfaces_CPU1_linkInfo.xml" --entry_point=code_start --rom_model -o "SCI_CAN_Interfaces_CPU1.out" "./DCSM_Z1_ZoneSelectBlock.obj" "./DCSM_Z2_ZoneSelectBlock.obj" "./F2837xD_DefaultISR.obj" "./F2837xD_GlobalVariableDefs.obj" "./F2837xD_Gpio.obj" "./F2837xD_Ipc.obj" "./F2837xD_Ipc_Driver_Util.obj" "./F2837xD_PieCtrl.obj" "./F2837xD_PieVect.obj" "./F2837xD_SysCtrl.obj" "./F2837xD_sci_flash_kernels_cpu01.obj" "./F2837xD_usDelay.obj" "./Fapi_UserDefinedFunctions.obj" "./SCI_Boot.obj" "./SCI_GetFunction.obj" "./Shared_Boot.obj" "./Shared_Erase.obj" "./Shared_Verify.obj" "./fwupgradec1toc2_start.obj" "../2837xD_FLASH_lnk_cpu1.cmd" "/home/ismail/ti/C2000Ware_5_02_00_00/libraries/flash_api/f2837xd/lib/F021_API_F2837xD_FPU32.lib" "../F2837xD_Headers_nonBIOS_cpu1.cmd" "/home/ismail/ti/C2000Ware_5_02_00_00/libraries/boot_rom/f2837xd/rev0/rom_symbol_libs/c1_ROM_API/c1bootROM_BootROMSymbols_fpu32.lib" "../flash_programming_cpu1tocpu2_RAM.cmd"  -l"/home/ismail/ti/ccs1271/ccs/tools/compiler/ti-cgt-c2000_22.6.1.LTS/lib/rts2800_fpu32.lib" -llibc.a 
<Linking>
Finished building target: "SCI_CAN_Interfaces_CPU1.out"
 
Building secondary target: "SCI_CAN_Interfaces_CPU1.hex"
Invoking: C2000 Hex Utility
"/home/ismail/ti/ccs1271/ccs/tools/compiler/ti-cgt-c2000_22.6.1.LTS/bin/hex2000" "SCI_CAN_Interfaces_CPU1.out" -boot -sci8 -a -o "SCI_CAN_Interfaces_CPU1.txt" --diag_wrap=off -o "SCI_CAN_Interfaces_CPU1.hex"  "SCI_CAN_Interfaces_CPU1.out" 
Translating to ASCII-Hex format...
   "SCI_CAN_Interfaces_CPU1.out" .cinit ==> (BOOT TABLE)
   "SCI_CAN_Interfaces_CPU1.out" codestart ==> (BOOT TABLE)
   "SCI_CAN_Interfaces_CPU1.out" .TI.ramfunc ==> (BOOT TABLE)
   "SCI_CAN_Interfaces_CPU1.out" .text.1 ==> (BOOT TABLE)
   "SCI_CAN_Interfaces_CPU1.out" .text.2 ==> (BOOT TABLE)
   "SCI_CAN_Interfaces_CPU1.out" .econst ==> (BOOT TABLE)
Finished building secondary target: "SCI_CAN_Interfaces_CPU1.hex"
 
warning: duplicate section name SCI_CAN_Interfaces_CPU1.out($build.attributes) (ignored)
warning: duplicate section name SCI_CAN_Interfaces_CPU1.out(.cinit) (ignored)
warning: duplicate section name SCI_CAN_Interfaces_CPU1.out(codestart) (ignored)
warning: duplicate section name SCI_CAN_Interfaces_CPU1.out(.stack) (ignored)
warning: duplicate section name SCI_CAN_Interfaces_CPU1.out(.TI.ramfunc) (ignored)
warning: duplicate section name SCI_CAN_Interfaces_CPU1.out(PieVectTableFile) (ignored)
warning: duplicate section name SCI_CAN_Interfaces_CPU1.out(AccessProtectionRegsFile) (ignored)
warning: duplicate section name SCI_CAN_Interfaces_CPU1.out(AdcaRegsFile) (ignored)
warning: duplicate section name SCI_CAN_Interfaces_CPU1.out(AdcbRegsFile) (ignored)
warning: duplicate section name SCI_CAN_Interfaces_CPU1.out(AdccRegsFile) (ignored)
warning: duplicate section name SCI_CAN_Interfaces_CPU1.out(AdcdRegsFile) (ignored)
warning: duplicate section name SCI_CAN_Interfaces_CPU1.out(AdcaResultRegsFile) (ignored)
warning: duplicate section name SCI_CAN_Interfaces_CPU1.out(AdcbResultRegsFile) (ignored)
warning: duplicate section name SCI_CAN_Interfaces_CPU1.out(AdccResultRegsFile) (ignored)
warning: duplicate section name SCI_CAN_Interfaces_CPU1.out(AdcdResultRegsFile) (ignored)
warning: duplicate section name SCI_CAN_Interfaces_CPU1.out(AnalogSubsysRegsFile) (ignored)
warning: duplicate section name SCI_CAN_Interfaces_CPU1.out(CanaRegsFile) (ignored)
warning: duplicate section name SCI_CAN_Interfaces_CPU1.out(CanbRegsFile) (ignored)
warning: duplicate section name SCI_CAN_Interfaces_CPU1.out(Cla1RegsFile) (ignored)
warning: duplicate section name SCI_CAN_Interfaces_CPU1.out(Clb1DataExchRegsFile) (ignored)
warning: duplicate section name SCI_CAN_Interfaces_CPU1.out(Clb2DataExchRegsFile) (ignored)
warning: duplicate section name SCI_CAN_Interfaces_CPU1.out(Clb3DataExchRegsFile) (ignored)
warning: duplicate section name SCI_CAN_Interfaces_CPU1.out(Clb4DataExchRegsFile) (ignored)
warning: duplicate section name SCI_CAN_Interfaces_CPU1.out(Clb1LogicCfgRegsFile) (ignored)
warning: duplicate section name SCI_CAN_Interfaces_CPU1.out(Clb2LogicCfgRegsFile) (ignored)
warning: duplicate section name SCI_CAN_Interfaces_CPU1.out(Clb3LogicCfgRegsFile) (ignored)
warning: duplicate section name SCI_CAN_Interfaces_CPU1.out(Clb4LogicCfgRegsFile) (ignored)
warning: duplicate section name SCI_CAN_Interfaces_CPU1.out(Clb1LogicCtrlRegsFile) (ignored)
warning: duplicate section name SCI_CAN_Interfaces_CPU1.out(Clb2LogicCtrlRegsFile) (ignored)
warning: duplicate section name SCI_CAN_Interfaces_CPU1.out(Clb3LogicCtrlRegsFile) (ignored)
warning: duplicate section name SCI_CAN_Interfaces_CPU1.out(Clb4LogicCtrlRegsFile) (ignored)
warning: duplicate section name SCI_CAN_Interfaces_CPU1.out(ClbXbarRegsFile) (ignored)
warning: duplicate section name SCI_CAN_Interfaces_CPU1.out(ClkCfgRegsFile) (ignored)
warning: duplicate section name SCI_CAN_Interfaces_CPU1.out(Cmpss1RegsFile) (ignored)
warning: duplicate section name SCI_CAN_Interfaces_CPU1.out(Cmpss2RegsFile) (ignored)
warning: duplicate section name SCI_CAN_Interfaces_CPU1.out(Cmpss3RegsFile) (ignored)
warning: duplicate section name SCI_CAN_Interfaces_CPU1.out(Cmpss4RegsFile) (ignored)
warning: duplicate section name SCI_CAN_Interfaces_CPU1.out(Cmpss5RegsFile) (ignored)
warning: duplicate section name SCI_CAN_Interfaces_CPU1.out(Cmpss6RegsFile) (ignored)
warning: duplicate section name SCI_CAN_Interfaces_CPU1.out(Cmpss7RegsFile) (ignored)
warning: duplicate section name SCI_CAN_Interfaces_CPU1.out(Cmpss8RegsFile) (ignored)
warning: duplicate section name SCI_CAN_Interfaces_CPU1.out(CpuTimer0RegsFile) (ignored)
warning: duplicate section name SCI_CAN_Interfaces_CPU1.out(CpuTimer1RegsFile) (ignored)
warning: duplicate section name SCI_CAN_Interfaces_CPU1.out(CpuTimer2RegsFile) (ignored)
warning: duplicate section name SCI_CAN_Interfaces_CPU1.out(CpuSysRegsFile) (ignored)
warning: duplicate section name SCI_CAN_Interfaces_CPU1.out(DacaRegsFile) (ignored)
warning: duplicate section name SCI_CAN_Interfaces_CPU1.out(DacbRegsFile) (ignored)
warning: duplicate section name SCI_CAN_Interfaces_CPU1.out(DaccRegsFile) (ignored)
warning: duplicate section name SCI_CAN_Interfaces_CPU1.out(DcsmCommonRegsFile) (ignored)
warning: duplicate section name SCI_CAN_Interfaces_CPU1.out(DcsmZ1RegsFile) (ignored)
warning: duplicate section name SCI_CAN_Interfaces_CPU1.out(DcsmZ2RegsFile) (ignored)
warning: duplicate section name SCI_CAN_Interfaces_CPU1.out(DevCfgRegsFile) (ignored)
warning: duplicate section name SCI_CAN_Interfaces_CPU1.out(DmaClaSrcSelRegsFile) (ignored)
warning: duplicate section name SCI_CAN_Interfaces_CPU1.out(DmaRegsFile) (ignored)
warning: duplicate section name SCI_CAN_Interfaces_CPU1.out(ECap1RegsFile) (ignored)
warning: duplicate section name SCI_CAN_Interfaces_CPU1.out(ECap2RegsFile) (ignored)
warning: duplicate section name SCI_CAN_Interfaces_CPU1.out(ECap3RegsFile) (ignored)
warning: duplicate section name SCI_CAN_Interfaces_CPU1.out(ECap4RegsFile) (ignored)
warning: duplicate section name SCI_CAN_Interfaces_CPU1.out(ECap5RegsFile) (ignored)
warning: duplicate section name SCI_CAN_Interfaces_CPU1.out(ECap6RegsFile) (ignored)
warning: duplicate section name SCI_CAN_Interfaces_CPU1.out(Emif1ConfigRegsFile) (ignored)
warning: duplicate section name SCI_CAN_Interfaces_CPU1.out(Emif2ConfigRegsFile) (ignored)
warning: duplicate section name SCI_CAN_Interfaces_CPU1.out(Emif1RegsFile) (ignored)
warning: duplicate section name SCI_CAN_Interfaces_CPU1.out(Emif2RegsFile) (ignored)
warning: duplicate section name SCI_CAN_Interfaces_CPU1.out(EPwm1RegsFile) (ignored)
warning: duplicate section name SCI_CAN_Interfaces_CPU1.out(EPwm2RegsFile) (ignored)
warning: duplicate section name SCI_CAN_Interfaces_CPU1.out(EPwm3RegsFile) (ignored)
warning: duplicate section name SCI_CAN_Interfaces_CPU1.out(EPwm4RegsFile) (ignored)
warning: duplicate section name SCI_CAN_Interfaces_CPU1.out(EPwm5RegsFile) (ignored)
warning: duplicate section name SCI_CAN_Interfaces_CPU1.out(EPwm6RegsFile) (ignored)
warning: duplicate section name SCI_CAN_Interfaces_CPU1.out(EPwm7RegsFile) (ignored)
warning: duplicate section name SCI_CAN_Interfaces_CPU1.out(EPwm8RegsFile) (ignored)
warning: duplicate section name SCI_CAN_Interfaces_CPU1.out(EPwm9RegsFile) (ignored)
warning: duplicate section name SCI_CAN_Interfaces_CPU1.out(EPwm10RegsFile) (ignored)
warning: duplicate section name SCI_CAN_Interfaces_CPU1.out(EPwm11RegsFile) (ignored)
warning: duplicate section name SCI_CAN_Interfaces_CPU1.out(EPwm12RegsFile) (ignored)
warning: duplicate section name SCI_CAN_Interfaces_CPU1.out(EPwmXbarRegsFile) (ignored)
warning: duplicate section name SCI_CAN_Interfaces_CPU1.out(EQep1RegsFile) (ignored)
warning: duplicate section name SCI_CAN_Interfaces_CPU1.out(EQep2RegsFile) (ignored)
warning: duplicate section name SCI_CAN_Interfaces_CPU1.out(EQep3RegsFile) (ignored)
warning: duplicate section name SCI_CAN_Interfaces_CPU1.out(Flash0CtrlRegsFile) (ignored)
warning: duplicate section name SCI_CAN_Interfaces_CPU1.out(Flash0EccRegsFile) (ignored)
warning: duplicate section name SCI_CAN_Interfaces_CPU1.out(FlashPumpSemaphoreRegsFile) (ignored)
warning: duplicate section name SCI_CAN_Interfaces_CPU1.out(GpioCtrlRegsFile) (ignored)
warning: duplicate section name SCI_CAN_Interfaces_CPU1.out(GpioDataRegsFile) (ignored)
warning: duplicate section name SCI_CAN_Interfaces_CPU1.out(I2caRegsFile) (ignored)
warning: duplicate section name SCI_CAN_Interfaces_CPU1.out(I2cbRegsFile) (ignored)
warning: duplicate section name SCI_CAN_Interfaces_CPU1.out(InputXbarRegsFile) (ignored)
warning: duplicate section name SCI_CAN_Interfaces_CPU1.out(IpcRegsFile) (ignored)
warning: duplicate section name SCI_CAN_Interfaces_CPU1.out(MemoryErrorRegsFile) (ignored)
warning: duplicate section name SCI_CAN_Interfaces_CPU1.out(MemCfgRegsFile) (ignored)
warning: duplicate section name SCI_CAN_Interfaces_CPU1.out(McbspaRegsFile) (ignored)
warning: duplicate section name SCI_CAN_Interfaces_CPU1.out(McbspbRegsFile) (ignored)
warning: duplicate section name SCI_CAN_Interfaces_CPU1.out(NmiIntruptRegsFile) (ignored)
warning: duplicate section name SCI_CAN_Interfaces_CPU1.out(OutputXbarRegsFile) (ignored)
warning: duplicate section name SCI_CAN_Interfaces_CPU1.out(PieCtrlRegsFile) (ignored)
warning: duplicate section name SCI_CAN_Interfaces_CPU1.out(RomPrefetchRegsFile) (ignored)
warning: duplicate section name SCI_CAN_Interfaces_CPU1.out(RomWaitStateRegsFile) (ignored)
warning: duplicate section name SCI_CAN_Interfaces_CPU1.out(SciaRegsFile) (ignored)
warning: duplicate section name SCI_CAN_Interfaces_CPU1.out(ScibRegsFile) (ignored)
warning: duplicate section name SCI_CAN_Interfaces_CPU1.out(ScicRegsFile) (ignored)
warning: duplicate section name SCI_CAN_Interfaces_CPU1.out(ScidRegsFile) (ignored)
warning: duplicate section name SCI_CAN_Interfaces_CPU1.out(Sdfm1RegsFile) (ignored)
warning: duplicate section name SCI_CAN_Interfaces_CPU1.out(Sdfm2RegsFile) (ignored)
warning: duplicate section name SCI_CAN_Interfaces_CPU1.out(SpiaRegsFile) (ignored)
warning: duplicate section name SCI_CAN_Interfaces_CPU1.out(SpibRegsFile) (ignored)
warning: duplicate section name SCI_CAN_Interfaces_CPU1.out(SpicRegsFile) (ignored)
warning: duplicate section name SCI_CAN_Interfaces_CPU1.out(SyncSocRegsFile) (ignored)
warning: duplicate section name SCI_CAN_Interfaces_CPU1.out(UppRegsFile) (ignored)
warning: duplicate section name SCI_CAN_Interfaces_CPU1.out(WdRegsFile) (ignored)
warning: duplicate section name SCI_CAN_Interfaces_CPU1.out(UidRegsFile) (ignored)
warning: duplicate section name SCI_CAN_Interfaces_CPU1.out(XbarRegsFile) (ignored)
warning: duplicate section name SCI_CAN_Interfaces_CPU1.out(XintRegsFile) (ignored)
warning: duplicate section name SCI_CAN_Interfaces_CPU1.out(.ebss) (ignored)
warning: duplicate section name SCI_CAN_Interfaces_CPU1.out(.debug_info) (ignored)
warning: duplicate section name SCI_CAN_Interfaces_CPU1.out(.debug_frame) (ignored)
warning: duplicate section name SCI_CAN_Interfaces_CPU1.out(.debug_line) (ignored)
warning: duplicate section name SCI_CAN_Interfaces_CPU1.out(.text.1) (ignored)
warning: duplicate section name SCI_CAN_Interfaces_CPU1.out(.text.2) (ignored)
warning: duplicate section name SCI_CAN_Interfaces_CPU1.out(.econst) (ignored)
warning: duplicate section name SCI_CAN_Interfaces_CPU1.out(.debug_abbrev) (ignored)
warning: duplicate section name SCI_CAN_Interfaces_CPU1.out(.debug_aranges) (ignored)
warning: duplicate section name SCI_CAN_Interfaces_CPU1.out(.debug_pubnames) (ignored)
warning: duplicate section name SCI_CAN_Interfaces_CPU1.out(.debug_pubtypes) (ignored)
warning: no entry point specified, using entry point of "SCI_CAN_Interfaces_CPU1.out"

**** Build Finished ****

**** Build of configuration CPU1_FLASH for project SCI_CAN_Interfaces_CPU1 ****

/home/ismail/ti/ccs1271/ccs/utils/bin/gmake -k -j 4 all -O 
 
Building target: "SCI_CAN_Interfaces_CPU1.out"
Invoking: C2000 Linker
"/home/ismail/ti/ccs1271/ccs/tools/compiler/ti-cgt-c2000_22.6.1.LTS/bin/cl2000" -v28 -ml -mt --cla_support=cla1 --float_support=fpu32 --tmu_support=tmu0 --vcu_support=vcu2 -Ooff --advice:performance=all --define=_STANDALONE --define=_FLASH --define=_LAUNCHXL_F28379D --define=DEBUG --define=_DUAL_HEADERS --define=CPU1 --diag_suppress=10063 --diag_warning=225 --diag_wrap=off --display_error_number --abi=coffabi -z -m"SCI_CAN_Interfaces_CPU1.map" --stack_size=0x100 --warn_sections -i"/home/ismail/ti/C2000Ware_5_02_00_00/device_support/f2837xd/common/cmd" -i"/home/ismail/ti/C2000Ware_5_02_00_00/device_support/f2837xd/headers/cmd" -i"/home/ismail/ti/ccs1271/ccs/tools/compiler/ti-cgt-c2000_22.6.1.LTS/lib" -i"/home/ismail/ti/ccs1271/ccs/tools/compiler/ti-cgt-c2000_22.6.1.LTS/include" --reread_libs --diag_wrap=off --display_error_number --xml_link_info="SCI_CAN_Interfaces_CPU1_linkInfo.xml" --entry_point=code_start --rom_model -o "SCI_CAN_Interfaces_CPU1.out" "./DCSM_Z1_ZoneSelectBlock.obj" "./DCSM_Z2_ZoneSelectBlock.obj" "./F2837xD_DefaultISR.obj" "./F2837xD_GlobalVariableDefs.obj" "./F2837xD_Gpio.obj" "./F2837xD_Ipc.obj" "./F2837xD_Ipc_Driver_Util.obj" "./F2837xD_PieCtrl.obj" "./F2837xD_PieVect.obj" "./F2837xD_SysCtrl.obj" "./F2837xD_sci_flash_kernels_cpu01.obj" "./F2837xD_usDelay.obj" "./Fapi_UserDefinedFunctions.obj" "./SCI_Boot.obj" "./SCI_GetFunction.obj" "./Shared_Boot.obj" "./Shared_Erase.obj" "./Shared_Verify.obj" "./fwupgradec1toc2_start.obj" "../2837xD_FLASH_lnk_cpu1.cmd" "/home/ismail/ti/C2000Ware_5_02_00_00/libraries/flash_api/f2837xd/lib/F021_API_F2837xD_FPU32.lib" "../F2837xD_Headers_nonBIOS_cpu1.cmd" "/home/ismail/ti/C2000Ware_5_02_00_00/libraries/boot_rom/f2837xd/rev0/rom_symbol_libs/c1_ROM_API/c1bootROM_BootROMSymbols_fpu32.lib" "../flash_programming_cpu1tocpu2_RAM.cmd"  -l"/home/ismail/ti/ccs1271/ccs/tools/compiler/ti-cgt-c2000_22.6.1.LTS/lib/rts2800_fpu32.lib" -llibc.a 
<Linking>
Finished building target: "SCI_CAN_Interfaces_CPU1.out"
 

**** Build Finished ****

**** Build of configuration CPU1_FLASH for project SCI_CAN_Interfaces_CPU1 ****

/home/ismail/ti/ccs1271/ccs/utils/bin/gmake -k -j 4 all -O 
 
Building file: "/home/ismail/IOT-CANBus/TI/FLASH_BANK_0/SCI_CAN_Interfaces_CPU1/src/F2837xD_PieCtrl.c"
Invoking: C2000 Compiler
"/home/ismail/ti/ccs1271/ccs/tools/compiler/ti-cgt-c2000_22.6.1.LTS/bin/cl2000" -v28 -ml -mt --cla_support=cla1 --float_support=fpu32 --tmu_support=tmu0 --vcu_support=vcu2 -Ooff --include_path="/home/ismail/ti/C2000Ware_5_02_00_00/device_support/f2837xd/common/include" --include_path="/home/ismail/ti/C2000Ware_5_02_00_00/device_support/f2837xd/headers/include" --include_path="/home/ismail/ti/C2000Ware_5_02_00_00/libraries/flash_api/f2837xd/include/Constants" --include_path="/home/ismail/ti/C2000Ware_5_02_00_00/libraries/flash_api/f2837xd/include" --include_path="/home/ismail/IOT-CANBus/TI/FLASH_BANK_0/SCI_CAN_Interfaces_CPU1" --include_path="/home/ismail/ti/ccs1271/ccs/tools/compiler/ti-cgt-c2000_22.6.1.LTS/include" --advice:performance=all --define=_STANDALONE --define=_FLASH --define=_LAUNCHXL_F28379D --define=DEBUG --define=_DUAL_HEADERS --define=CPU1 --diag_suppress=10063 --diag_warning=225 --diag_wrap=off --display_error_number --abi=coffabi --preproc_with_compile --preproc_dependency="F2837xD_PieCtrl.d_raw" --obj_directory="src"  "/home/ismail/IOT-CANBus/TI/FLASH_BANK_0/SCI_CAN_Interfaces_CPU1/src/F2837xD_PieCtrl.c"
Finished building: "/home/ismail/IOT-CANBus/TI/FLASH_BANK_0/SCI_CAN_Interfaces_CPU1/src/F2837xD_PieCtrl.c"
 
Building file: "/home/ismail/IOT-CANBus/TI/FLASH_BANK_0/SCI_CAN_Interfaces_CPU1/src/F2837xD_DefaultISR.c"
Invoking: C2000 Compiler
"/home/ismail/ti/ccs1271/ccs/tools/compiler/ti-cgt-c2000_22.6.1.LTS/bin/cl2000" -v28 -ml -mt --cla_support=cla1 --float_support=fpu32 --tmu_support=tmu0 --vcu_support=vcu2 -Ooff --include_path="/home/ismail/ti/C2000Ware_5_02_00_00/device_support/f2837xd/common/include" --include_path="/home/ismail/ti/C2000Ware_5_02_00_00/device_support/f2837xd/headers/include" --include_path="/home/ismail/ti/C2000Ware_5_02_00_00/libraries/flash_api/f2837xd/include/Constants" --include_path="/home/ismail/ti/C2000Ware_5_02_00_00/libraries/flash_api/f2837xd/include" --include_path="/home/ismail/IOT-CANBus/TI/FLASH_BANK_0/SCI_CAN_Interfaces_CPU1" --include_path="/home/ismail/ti/ccs1271/ccs/tools/compiler/ti-cgt-c2000_22.6.1.LTS/include" --advice:performance=all --define=_STANDALONE --define=_FLASH --define=_LAUNCHXL_F28379D --define=DEBUG --define=_DUAL_HEADERS --define=CPU1 --diag_suppress=10063 --diag_warning=225 --diag_wrap=off --display_error_number --abi=coffabi --preproc_with_compile --preproc_dependency="F2837xD_DefaultISR.d_raw" --obj_directory="src"  "/home/ismail/IOT-CANBus/TI/FLASH_BANK_0/SCI_CAN_Interfaces_CPU1/src/F2837xD_DefaultISR.c"
Finished building: "/home/ismail/IOT-CANBus/TI/FLASH_BANK_0/SCI_CAN_Interfaces_CPU1/src/F2837xD_DefaultISR.c"
 
Building file: "/home/ismail/IOT-CANBus/TI/FLASH_BANK_0/SCI_CAN_Interfaces_CPU1/src/F2837xD_PieVect.c"
Invoking: C2000 Compiler
"/home/ismail/ti/ccs1271/ccs/tools/compiler/ti-cgt-c2000_22.6.1.LTS/bin/cl2000" -v28 -ml -mt --cla_support=cla1 --float_support=fpu32 --tmu_support=tmu0 --vcu_support=vcu2 -Ooff --include_path="/home/ismail/ti/C2000Ware_5_02_00_00/device_support/f2837xd/common/include" --include_path="/home/ismail/ti/C2000Ware_5_02_00_00/device_support/f2837xd/headers/include" --include_path="/home/ismail/ti/C2000Ware_5_02_00_00/libraries/flash_api/f2837xd/include/Constants" --include_path="/home/ismail/ti/C2000Ware_5_02_00_00/libraries/flash_api/f2837xd/include" --include_path="/home/ismail/IOT-CANBus/TI/FLASH_BANK_0/SCI_CAN_Interfaces_CPU1" --include_path="/home/ismail/ti/ccs1271/ccs/tools/compiler/ti-cgt-c2000_22.6.1.LTS/include" --advice:performance=all --define=_STANDALONE --define=_FLASH --define=_LAUNCHXL_F28379D --define=DEBUG --define=_DUAL_HEADERS --define=CPU1 --diag_suppress=10063 --diag_warning=225 --diag_wrap=off --display_error_number --abi=coffabi --preproc_with_compile --preproc_dependency="F2837xD_PieVect.d_raw" --obj_directory="src"  "/home/ismail/IOT-CANBus/TI/FLASH_BANK_0/SCI_CAN_Interfaces_CPU1/src/F2837xD_PieVect.c"
Finished building: "/home/ismail/IOT-CANBus/TI/FLASH_BANK_0/SCI_CAN_Interfaces_CPU1/src/F2837xD_PieVect.c"
 
Building file: "/home/ismail/IOT-CANBus/TI/FLASH_BANK_0/SCI_CAN_Interfaces_CPU1/src/main.c"
Invoking: C2000 Compiler
"/home/ismail/ti/ccs1271/ccs/tools/compiler/ti-cgt-c2000_22.6.1.LTS/bin/cl2000" -v28 -ml -mt --cla_support=cla1 --float_support=fpu32 --tmu_support=tmu0 --vcu_support=vcu2 -Ooff --include_path="/home/ismail/ti/C2000Ware_5_02_00_00/device_support/f2837xd/common/include" --include_path="/home/ismail/ti/C2000Ware_5_02_00_00/device_support/f2837xd/headers/include" --include_path="/home/ismail/ti/C2000Ware_5_02_00_00/libraries/flash_api/f2837xd/include/Constants" --include_path="/home/ismail/ti/C2000Ware_5_02_00_00/libraries/flash_api/f2837xd/include" --include_path="/home/ismail/IOT-CANBus/TI/FLASH_BANK_0/SCI_CAN_Interfaces_CPU1" --include_path="/home/ismail/ti/ccs1271/ccs/tools/compiler/ti-cgt-c2000_22.6.1.LTS/include" --advice:performance=all --define=_STANDALONE --define=_FLASH --define=_LAUNCHXL_F28379D --define=DEBUG --define=_DUAL_HEADERS --define=CPU1 --diag_suppress=10063 --diag_warning=225 --diag_wrap=off --display_error_number --abi=coffabi --preproc_with_compile --preproc_dependency="main.d_raw" --obj_directory="src"  "/home/ismail/IOT-CANBus/TI/FLASH_BANK_0/SCI_CAN_Interfaces_CPU1/src/main.c"
 
>> Compilation failure
subdir_rules.mk:63: recipe for target 'src/main.obj' failed
"/home/ismail/IOT-CANBus/TI/FLASH_BANK_0/SCI_CAN_Interfaces_CPU1/src/main.c", line 60: fatal error #1965: cannot open source file "Shared_Erase.h"
1 catastrophic error detected in the compilation of "/home/ismail/IOT-CANBus/TI/FLASH_BANK_0/SCI_CAN_Interfaces_CPU1/src/main.c".
Compilation terminated.
gmake: *** [src/main.obj] Error 1
Building file: "/home/ismail/IOT-CANBus/TI/FLASH_BANK_0/SCI_CAN_Interfaces_CPU1/assembly/F2837xD_usDelay.asm"
Invoking: C2000 Compiler
"/home/ismail/ti/ccs1271/ccs/tools/compiler/ti-cgt-c2000_22.6.1.LTS/bin/cl2000" -v28 -ml -mt --cla_support=cla1 --float_support=fpu32 --tmu_support=tmu0 --vcu_support=vcu2 -Ooff --include_path="/home/ismail/ti/C2000Ware_5_02_00_00/device_support/f2837xd/common/include" --include_path="/home/ismail/ti/C2000Ware_5_02_00_00/device_support/f2837xd/headers/include" --include_path="/home/ismail/ti/C2000Ware_5_02_00_00/libraries/flash_api/f2837xd/include/Constants" --include_path="/home/ismail/ti/C2000Ware_5_02_00_00/libraries/flash_api/f2837xd/include" --include_path="/home/ismail/IOT-CANBus/TI/FLASH_BANK_0/SCI_CAN_Interfaces_CPU1" --include_path="/home/ismail/ti/ccs1271/ccs/tools/compiler/ti-cgt-c2000_22.6.1.LTS/include" --advice:performance=all --define=_STANDALONE --define=_FLASH --define=_LAUNCHXL_F28379D --define=DEBUG --define=_DUAL_HEADERS --define=CPU1 --diag_suppress=10063 --diag_warning=225 --diag_wrap=off --display_error_number --abi=coffabi --preproc_with_compile --preproc_dependency="F2837xD_usDelay.d_raw" --obj_directory="assembly"  "/home/ismail/IOT-CANBus/TI/FLASH_BANK_0/SCI_CAN_Interfaces_CPU1/assembly/F2837xD_usDelay.asm"
Finished building: "/home/ismail/IOT-CANBus/TI/FLASH_BANK_0/SCI_CAN_Interfaces_CPU1/assembly/F2837xD_usDelay.asm"
 
Building file: "/home/ismail/IOT-CANBus/TI/FLASH_BANK_0/SCI_CAN_Interfaces_CPU1/src/F2837xD_Gpio.c"
Invoking: C2000 Compiler
"/home/ismail/ti/ccs1271/ccs/tools/compiler/ti-cgt-c2000_22.6.1.LTS/bin/cl2000" -v28 -ml -mt --cla_support=cla1 --float_support=fpu32 --tmu_support=tmu0 --vcu_support=vcu2 -Ooff --include_path="/home/ismail/ti/C2000Ware_5_02_00_00/device_support/f2837xd/common/include" --include_path="/home/ismail/ti/C2000Ware_5_02_00_00/device_support/f2837xd/headers/include" --include_path="/home/ismail/ti/C2000Ware_5_02_00_00/libraries/flash_api/f2837xd/include/Constants" --include_path="/home/ismail/ti/C2000Ware_5_02_00_00/libraries/flash_api/f2837xd/include" --include_path="/home/ismail/IOT-CANBus/TI/FLASH_BANK_0/SCI_CAN_Interfaces_CPU1" --include_path="/home/ismail/ti/ccs1271/ccs/tools/compiler/ti-cgt-c2000_22.6.1.LTS/include" --advice:performance=all --define=_STANDALONE --define=_FLASH --define=_LAUNCHXL_F28379D --define=DEBUG --define=_DUAL_HEADERS --define=CPU1 --diag_suppress=10063 --diag_warning=225 --diag_wrap=off --display_error_number --abi=coffabi --preproc_with_compile --preproc_dependency="F2837xD_Gpio.d_raw" --obj_directory="src"  "/home/ismail/IOT-CANBus/TI/FLASH_BANK_0/SCI_CAN_Interfaces_CPU1/src/F2837xD_Gpio.c"
Finished building: "/home/ismail/IOT-CANBus/TI/FLASH_BANK_0/SCI_CAN_Interfaces_CPU1/src/F2837xD_Gpio.c"
 
Building file: "/home/ismail/IOT-CANBus/TI/FLASH_BANK_0/SCI_CAN_Interfaces_CPU1/src/SCI_Boot.c"
Invoking: C2000 Compiler
"/home/ismail/ti/ccs1271/ccs/tools/compiler/ti-cgt-c2000_22.6.1.LTS/bin/cl2000" -v28 -ml -mt --cla_support=cla1 --float_support=fpu32 --tmu_support=tmu0 --vcu_support=vcu2 -Ooff --include_path="/home/ismail/ti/C2000Ware_5_02_00_00/device_support/f2837xd/common/include" --include_path="/home/ismail/ti/C2000Ware_5_02_00_00/device_support/f2837xd/headers/include" --include_path="/home/ismail/ti/C2000Ware_5_02_00_00/libraries/flash_api/f2837xd/include/Constants" --include_path="/home/ismail/ti/C2000Ware_5_02_00_00/libraries/flash_api/f2837xd/include" --include_path="/home/ismail/IOT-CANBus/TI/FLASH_BANK_0/SCI_CAN_Interfaces_CPU1" --include_path="/home/ismail/ti/ccs1271/ccs/tools/compiler/ti-cgt-c2000_22.6.1.LTS/include" --advice:performance=all --define=_STANDALONE --define=_FLASH --define=_LAUNCHXL_F28379D --define=DEBUG --define=_DUAL_HEADERS --define=CPU1 --diag_suppress=10063 --diag_warning=225 --diag_wrap=off --display_error_number --abi=coffabi --preproc_with_compile --preproc_dependency="SCI_Boot.d_raw" --obj_directory="src"  "/home/ismail/IOT-CANBus/TI/FLASH_BANK_0/SCI_CAN_Interfaces_CPU1/src/SCI_Boot.c"
 
>> Compilation failure
subdir_rules.mk:84: recipe for target 'src/SCI_Boot.obj' failed
"/home/ismail/IOT-CANBus/TI/FLASH_BANK_0/SCI_CAN_Interfaces_CPU1/src/SCI_Boot.c", line 55: fatal error #1965: cannot open source file "c1_bootrom.h"
1 catastrophic error detected in the compilation of "/home/ismail/IOT-CANBus/TI/FLASH_BANK_0/SCI_CAN_Interfaces_CPU1/src/SCI_Boot.c".
Compilation terminated.
gmake: *** [src/SCI_Boot.obj] Error 1
Building file: "/home/ismail/IOT-CANBus/TI/FLASH_BANK_0/SCI_CAN_Interfaces_CPU1/src/SCI_GetFunction.c"
Invoking: C2000 Compiler
"/home/ismail/ti/ccs1271/ccs/tools/compiler/ti-cgt-c2000_22.6.1.LTS/bin/cl2000" -v28 -ml -mt --cla_support=cla1 --float_support=fpu32 --tmu_support=tmu0 --vcu_support=vcu2 -Ooff --include_path="/home/ismail/ti/C2000Ware_5_02_00_00/device_support/f2837xd/common/include" --include_path="/home/ismail/ti/C2000Ware_5_02_00_00/device_support/f2837xd/headers/include" --include_path="/home/ismail/ti/C2000Ware_5_02_00_00/libraries/flash_api/f2837xd/include/Constants" --include_path="/home/ismail/ti/C2000Ware_5_02_00_00/libraries/flash_api/f2837xd/include" --include_path="/home/ismail/IOT-CANBus/TI/FLASH_BANK_0/SCI_CAN_Interfaces_CPU1" --include_path="/home/ismail/ti/ccs1271/ccs/tools/compiler/ti-cgt-c2000_22.6.1.LTS/include" --advice:performance=all --define=_STANDALONE --define=_FLASH --define=_LAUNCHXL_F28379D --define=DEBUG --define=_DUAL_HEADERS --define=CPU1 --diag_suppress=10063 --diag_warning=225 --diag_wrap=off --display_error_number --abi=coffabi --preproc_with_compile --preproc_dependency="SCI_GetFunction.d_raw" --obj_directory="src"  "/home/ismail/IOT-CANBus/TI/FLASH_BANK_0/SCI_CAN_Interfaces_CPU1/src/SCI_GetFunction.c"
 
>> Compilation failure
subdir_rules.mk:91: recipe for target 'src/SCI_GetFunction.obj' failed
"/home/ismail/IOT-CANBus/TI/FLASH_BANK_0/SCI_CAN_Interfaces_CPU1/src/SCI_GetFunction.c", line 55: fatal error #1965: cannot open source file "c1_bootrom.h"
1 catastrophic error detected in the compilation of "/home/ismail/IOT-CANBus/TI/FLASH_BANK_0/SCI_CAN_Interfaces_CPU1/src/SCI_GetFunction.c".
Compilation terminated.
gmake: *** [src/SCI_GetFunction.obj] Error 1
Building file: "/home/ismail/IOT-CANBus/TI/FLASH_BANK_0/SCI_CAN_Interfaces_CPU1/src/Shared_Boot.c"
Invoking: C2000 Compiler
"/home/ismail/ti/ccs1271/ccs/tools/compiler/ti-cgt-c2000_22.6.1.LTS/bin/cl2000" -v28 -ml -mt --cla_support=cla1 --float_support=fpu32 --tmu_support=tmu0 --vcu_support=vcu2 -Ooff --include_path="/home/ismail/ti/C2000Ware_5_02_00_00/device_support/f2837xd/common/include" --include_path="/home/ismail/ti/C2000Ware_5_02_00_00/device_support/f2837xd/headers/include" --include_path="/home/ismail/ti/C2000Ware_5_02_00_00/libraries/flash_api/f2837xd/include/Constants" --include_path="/home/ismail/ti/C2000Ware_5_02_00_00/libraries/flash_api/f2837xd/include" --include_path="/home/ismail/IOT-CANBus/TI/FLASH_BANK_0/SCI_CAN_Interfaces_CPU1" --include_path="/home/ismail/ti/ccs1271/ccs/tools/compiler/ti-cgt-c2000_22.6.1.LTS/include" --advice:performance=all --define=_STANDALONE --define=_FLASH --define=_LAUNCHXL_F28379D --define=DEBUG --define=_DUAL_HEADERS --define=CPU1 --diag_suppress=10063 --diag_warning=225 --diag_wrap=off --display_error_number --abi=coffabi --preproc_with_compile --preproc_dependency="Shared_Boot.d_raw" --obj_directory="src"  "/home/ismail/IOT-CANBus/TI/FLASH_BANK_0/SCI_CAN_Interfaces_CPU1/src/Shared_Boot.c"
 
>> Compilation failure
subdir_rules.mk:98: recipe for target 'src/Shared_Boot.obj' failed
"/home/ismail/IOT-CANBus/TI/FLASH_BANK_0/SCI_CAN_Interfaces_CPU1/src/Shared_Boot.c", line 54: fatal error #1965: cannot open source file "c1_bootrom.h"
1 catastrophic error detected in the compilation of "/home/ismail/IOT-CANBus/TI/FLASH_BANK_0/SCI_CAN_Interfaces_CPU1/src/Shared_Boot.c".
Compilation terminated.
gmake: *** [src/Shared_Boot.obj] Error 1
Building file: "/home/ismail/IOT-CANBus/TI/FLASH_BANK_0/SCI_CAN_Interfaces_CPU1/src/Shared_Erase.c"
Invoking: C2000 Compiler
"/home/ismail/ti/ccs1271/ccs/tools/compiler/ti-cgt-c2000_22.6.1.LTS/bin/cl2000" -v28 -ml -mt --cla_support=cla1 --float_support=fpu32 --tmu_support=tmu0 --vcu_support=vcu2 -Ooff --include_path="/home/ismail/ti/C2000Ware_5_02_00_00/device_support/f2837xd/common/include" --include_path="/home/ismail/ti/C2000Ware_5_02_00_00/device_support/f2837xd/headers/include" --include_path="/home/ismail/ti/C2000Ware_5_02_00_00/libraries/flash_api/f2837xd/include/Constants" --include_path="/home/ismail/ti/C2000Ware_5_02_00_00/libraries/flash_api/f2837xd/include" --include_path="/home/ismail/IOT-CANBus/TI/FLASH_BANK_0/SCI_CAN_Interfaces_CPU1" --include_path="/home/ismail/ti/ccs1271/ccs/tools/compiler/ti-cgt-c2000_22.6.1.LTS/include" --advice:performance=all --define=_STANDALONE --define=_FLASH --define=_LAUNCHXL_F28379D --define=DEBUG --define=_DUAL_HEADERS --define=CPU1 --diag_suppress=10063 --diag_warning=225 --diag_wrap=off --display_error_number --abi=coffabi --preproc_with_compile --preproc_dependency="Shared_Erase.d_raw" --obj_directory="src"  "/home/ismail/IOT-CANBus/TI/FLASH_BANK_0/SCI_CAN_Interfaces_CPU1/src/Shared_Erase.c"
 
>> Compilation failure
subdir_rules.mk:105: recipe for target 'src/Shared_Erase.obj' failed
"/home/ismail/IOT-CANBus/TI/FLASH_BANK_0/SCI_CAN_Interfaces_CPU1/src/Shared_Erase.c", line 50: fatal error #1965: cannot open source file "c1_bootrom.h"
1 catastrophic error detected in the compilation of "/home/ismail/IOT-CANBus/TI/FLASH_BANK_0/SCI_CAN_Interfaces_CPU1/src/Shared_Erase.c".
Compilation terminated.
gmake: *** [src/Shared_Erase.obj] Error 1
Building file: "/home/ismail/IOT-CANBus/TI/FLASH_BANK_0/SCI_CAN_Interfaces_CPU1/src/Shared_Verify.c"
Invoking: C2000 Compiler
"/home/ismail/ti/ccs1271/ccs/tools/compiler/ti-cgt-c2000_22.6.1.LTS/bin/cl2000" -v28 -ml -mt --cla_support=cla1 --float_support=fpu32 --tmu_support=tmu0 --vcu_support=vcu2 -Ooff --include_path="/home/ismail/ti/C2000Ware_5_02_00_00/device_support/f2837xd/common/include" --include_path="/home/ismail/ti/C2000Ware_5_02_00_00/device_support/f2837xd/headers/include" --include_path="/home/ismail/ti/C2000Ware_5_02_00_00/libraries/flash_api/f2837xd/include/Constants" --include_path="/home/ismail/ti/C2000Ware_5_02_00_00/libraries/flash_api/f2837xd/include" --include_path="/home/ismail/IOT-CANBus/TI/FLASH_BANK_0/SCI_CAN_Interfaces_CPU1" --include_path="/home/ismail/ti/ccs1271/ccs/tools/compiler/ti-cgt-c2000_22.6.1.LTS/include" --advice:performance=all --define=_STANDALONE --define=_FLASH --define=_LAUNCHXL_F28379D --define=DEBUG --define=_DUAL_HEADERS --define=CPU1 --diag_suppress=10063 --diag_warning=225 --diag_wrap=off --display_error_number --abi=coffabi --preproc_with_compile --preproc_dependency="Shared_Verify.d_raw" --obj_directory="src"  "/home/ismail/IOT-CANBus/TI/FLASH_BANK_0/SCI_CAN_Interfaces_CPU1/src/Shared_Verify.c"
 
>> Compilation failure
subdir_rules.mk:112: recipe for target 'src/Shared_Verify.obj' failed
"/home/ismail/IOT-CANBus/TI/FLASH_BANK_0/SCI_CAN_Interfaces_CPU1/src/Shared_Verify.c", line 50: fatal error #1965: cannot open source file "c1_bootrom.h"
1 catastrophic error detected in the compilation of "/home/ismail/IOT-CANBus/TI/FLASH_BANK_0/SCI_CAN_Interfaces_CPU1/src/Shared_Verify.c".
Compilation terminated.
gmake: *** [src/Shared_Verify.obj] Error 1
Building file: "../assembly/DCSM_Z1_ZoneSelectBlock.asm"
Invoking: C2000 Compiler
"/home/ismail/ti/ccs1271/ccs/tools/compiler/ti-cgt-c2000_22.6.1.LTS/bin/cl2000" -v28 -ml -mt --cla_support=cla1 --float_support=fpu32 --tmu_support=tmu0 --vcu_support=vcu2 -Ooff --include_path="/home/ismail/ti/C2000Ware_5_02_00_00/device_support/f2837xd/common/include" --include_path="/home/ismail/ti/C2000Ware_5_02_00_00/device_support/f2837xd/headers/include" --include_path="/home/ismail/ti/C2000Ware_5_02_00_00/libraries/flash_api/f2837xd/include/Constants" --include_path="/home/ismail/ti/C2000Ware_5_02_00_00/libraries/flash_api/f2837xd/include" --include_path="/home/ismail/IOT-CANBus/TI/FLASH_BANK_0/SCI_CAN_Interfaces_CPU1" --include_path="/home/ismail/ti/ccs1271/ccs/tools/compiler/ti-cgt-c2000_22.6.1.LTS/include" --advice:performance=all --define=_STANDALONE --define=_FLASH --define=_LAUNCHXL_F28379D --define=DEBUG --define=_DUAL_HEADERS --define=CPU1 --diag_suppress=10063 --diag_warning=225 --diag_wrap=off --display_error_number --abi=coffabi --preproc_with_compile --preproc_dependency="assembly/DCSM_Z1_ZoneSelectBlock.d_raw" --obj_directory="assembly"  "../assembly/DCSM_Z1_ZoneSelectBlock.asm"
Finished building: "../assembly/DCSM_Z1_ZoneSelectBlock.asm"
 
Building file: "../assembly/DCSM_Z2_ZoneSelectBlock.asm"
Invoking: C2000 Compiler
"/home/ismail/ti/ccs1271/ccs/tools/compiler/ti-cgt-c2000_22.6.1.LTS/bin/cl2000" -v28 -ml -mt --cla_support=cla1 --float_support=fpu32 --tmu_support=tmu0 --vcu_support=vcu2 -Ooff --include_path="/home/ismail/ti/C2000Ware_5_02_00_00/device_support/f2837xd/common/include" --include_path="/home/ismail/ti/C2000Ware_5_02_00_00/device_support/f2837xd/headers/include" --include_path="/home/ismail/ti/C2000Ware_5_02_00_00/libraries/flash_api/f2837xd/include/Constants" --include_path="/home/ismail/ti/C2000Ware_5_02_00_00/libraries/flash_api/f2837xd/include" --include_path="/home/ismail/IOT-CANBus/TI/FLASH_BANK_0/SCI_CAN_Interfaces_CPU1" --include_path="/home/ismail/ti/ccs1271/ccs/tools/compiler/ti-cgt-c2000_22.6.1.LTS/include" --advice:performance=all --define=_STANDALONE --define=_FLASH --define=_LAUNCHXL_F28379D --define=DEBUG --define=_DUAL_HEADERS --define=CPU1 --diag_suppress=10063 --diag_warning=225 --diag_wrap=off --display_error_number --abi=coffabi --preproc_with_compile --preproc_dependency="assembly/DCSM_Z2_ZoneSelectBlock.d_raw" --obj_directory="assembly"  "../assembly/DCSM_Z2_ZoneSelectBlock.asm"
Finished building: "../assembly/DCSM_Z2_ZoneSelectBlock.asm"
 
Building file: "/home/ismail/IOT-CANBus/TI/FLASH_BANK_0/SCI_CAN_Interfaces_CPU1/src/Fapi_UserDefinedFunctions.c"
Invoking: C2000 Compiler
"/home/ismail/ti/ccs1271/ccs/tools/compiler/ti-cgt-c2000_22.6.1.LTS/bin/cl2000" -v28 -ml -mt --cla_support=cla1 --float_support=fpu32 --tmu_support=tmu0 --vcu_support=vcu2 -Ooff --include_path="/home/ismail/ti/C2000Ware_5_02_00_00/device_support/f2837xd/common/include" --include_path="/home/ismail/ti/C2000Ware_5_02_00_00/device_support/f2837xd/headers/include" --include_path="/home/ismail/ti/C2000Ware_5_02_00_00/libraries/flash_api/f2837xd/include/Constants" --include_path="/home/ismail/ti/C2000Ware_5_02_00_00/libraries/flash_api/f2837xd/include" --include_path="/home/ismail/IOT-CANBus/TI/FLASH_BANK_0/SCI_CAN_Interfaces_CPU1" --include_path="/home/ismail/ti/ccs1271/ccs/tools/compiler/ti-cgt-c2000_22.6.1.LTS/include" --advice:performance=all --define=_STANDALONE --define=_FLASH --define=_LAUNCHXL_F28379D --define=DEBUG --define=_DUAL_HEADERS --define=CPU1 --diag_suppress=10063 --diag_warning=225 --diag_wrap=off --display_error_number --abi=coffabi --preproc_with_compile --preproc_dependency="Fapi_UserDefinedFunctions.d_raw" --obj_directory="src"  "/home/ismail/IOT-CANBus/TI/FLASH_BANK_0/SCI_CAN_Interfaces_CPU1/src/Fapi_UserDefinedFunctions.c"
Finished building: "/home/ismail/IOT-CANBus/TI/FLASH_BANK_0/SCI_CAN_Interfaces_CPU1/src/Fapi_UserDefinedFunctions.c"
 
Building file: "../assembly/fwupgradec1toc2_start.asm"
Invoking: C2000 Compiler
"/home/ismail/ti/ccs1271/ccs/tools/compiler/ti-cgt-c2000_22.6.1.LTS/bin/cl2000" -v28 -ml -mt --cla_support=cla1 --float_support=fpu32 --tmu_support=tmu0 --vcu_support=vcu2 -Ooff --include_path="/home/ismail/ti/C2000Ware_5_02_00_00/device_support/f2837xd/common/include" --include_path="/home/ismail/ti/C2000Ware_5_02_00_00/device_support/f2837xd/headers/include" --include_path="/home/ismail/ti/C2000Ware_5_02_00_00/libraries/flash_api/f2837xd/include/Constants" --include_path="/home/ismail/ti/C2000Ware_5_02_00_00/libraries/flash_api/f2837xd/include" --include_path="/home/ismail/IOT-CANBus/TI/FLASH_BANK_0/SCI_CAN_Interfaces_CPU1" --include_path="/home/ismail/ti/ccs1271/ccs/tools/compiler/ti-cgt-c2000_22.6.1.LTS/include" --advice:performance=all --define=_STANDALONE --define=_FLASH --define=_LAUNCHXL_F28379D --define=DEBUG --define=_DUAL_HEADERS --define=CPU1 --diag_suppress=10063 --diag_warning=225 --diag_wrap=off --display_error_number --abi=coffabi --preproc_with_compile --preproc_dependency="assembly/fwupgradec1toc2_start.d_raw" --obj_directory="assembly"  "../assembly/fwupgradec1toc2_start.asm"
Finished building: "../assembly/fwupgradec1toc2_start.asm"
 
Building file: "/home/ismail/IOT-CANBus/TI/FLASH_BANK_0/SCI_CAN_Interfaces_CPU1/src/F2837xD_SysCtrl.c"
Invoking: C2000 Compiler
"/home/ismail/ti/ccs1271/ccs/tools/compiler/ti-cgt-c2000_22.6.1.LTS/bin/cl2000" -v28 -ml -mt --cla_support=cla1 --float_support=fpu32 --tmu_support=tmu0 --vcu_support=vcu2 -Ooff --include_path="/home/ismail/ti/C2000Ware_5_02_00_00/device_support/f2837xd/common/include" --include_path="/home/ismail/ti/C2000Ware_5_02_00_00/device_support/f2837xd/headers/include" --include_path="/home/ismail/ti/C2000Ware_5_02_00_00/libraries/flash_api/f2837xd/include/Constants" --include_path="/home/ismail/ti/C2000Ware_5_02_00_00/libraries/flash_api/f2837xd/include" --include_path="/home/ismail/IOT-CANBus/TI/FLASH_BANK_0/SCI_CAN_Interfaces_CPU1" --include_path="/home/ismail/ti/ccs1271/ccs/tools/compiler/ti-cgt-c2000_22.6.1.LTS/include" --advice:performance=all --define=_STANDALONE --define=_FLASH --define=_LAUNCHXL_F28379D --define=DEBUG --define=_DUAL_HEADERS --define=CPU1 --diag_suppress=10063 --diag_warning=225 --diag_wrap=off --display_error_number --abi=coffabi --preproc_with_compile --preproc_dependency="F2837xD_SysCtrl.d_raw" --obj_directory="src"  "/home/ismail/IOT-CANBus/TI/FLASH_BANK_0/SCI_CAN_Interfaces_CPU1/src/F2837xD_SysCtrl.c"
"/home/ismail/IOT-CANBus/TI/FLASH_BANK_0/SCI_CAN_Interfaces_CPU1/src/F2837xD_SysCtrl.c", line 837 (col. 47): advice #2614-D: (Performance) Use --fp_mode=relaxed to enable TMU hardware support for FP division.
Finished building: "/home/ismail/IOT-CANBus/TI/FLASH_BANK_0/SCI_CAN_Interfaces_CPU1/src/F2837xD_SysCtrl.c"
 
Building file: "/home/ismail/IOT-CANBus/TI/FLASH_BANK_0/SCI_CAN_Interfaces_CPU1/src/F2837xD_GlobalVariableDefs.c"
Invoking: C2000 Compiler
"/home/ismail/ti/ccs1271/ccs/tools/compiler/ti-cgt-c2000_22.6.1.LTS/bin/cl2000" -v28 -ml -mt --cla_support=cla1 --float_support=fpu32 --tmu_support=tmu0 --vcu_support=vcu2 -Ooff --include_path="/home/ismail/ti/C2000Ware_5_02_00_00/device_support/f2837xd/common/include" --include_path="/home/ismail/ti/C2000Ware_5_02_00_00/device_support/f2837xd/headers/include" --include_path="/home/ismail/ti/C2000Ware_5_02_00_00/libraries/flash_api/f2837xd/include/Constants" --include_path="/home/ismail/ti/C2000Ware_5_02_00_00/libraries/flash_api/f2837xd/include" --include_path="/home/ismail/IOT-CANBus/TI/FLASH_BANK_0/SCI_CAN_Interfaces_CPU1" --include_path="/home/ismail/ti/ccs1271/ccs/tools/compiler/ti-cgt-c2000_22.6.1.LTS/include" --advice:performance=all --define=_STANDALONE --define=_FLASH --define=_LAUNCHXL_F28379D --define=DEBUG --define=_DUAL_HEADERS --define=CPU1 --diag_suppress=10063 --diag_warning=225 --diag_wrap=off --display_error_number --abi=coffabi --preproc_with_compile --preproc_dependency="F2837xD_GlobalVariableDefs.d_raw" --obj_directory="src"  "/home/ismail/IOT-CANBus/TI/FLASH_BANK_0/SCI_CAN_Interfaces_CPU1/src/F2837xD_GlobalVariableDefs.c"
Finished building: "/home/ismail/IOT-CANBus/TI/FLASH_BANK_0/SCI_CAN_Interfaces_CPU1/src/F2837xD_GlobalVariableDefs.c"
 
gmake: Target 'all' not remade because of errors.

**** Build Finished ****

**** Build of configuration CPU1_FLASH for project SCI_CAN_Interfaces_CPU1 ****

/home/ismail/ti/ccs1271/ccs/utils/bin/gmake -k -j 4 all -O 
 
Building file: "../src/Shared_Erase.c"
Invoking: C2000 Compiler
"/home/ismail/ti/ccs1271/ccs/tools/compiler/ti-cgt-c2000_22.6.1.LTS/bin/cl2000" -v28 -ml -mt --cla_support=cla1 --float_support=fpu32 --tmu_support=tmu0 --vcu_support=vcu2 -Ooff --include_path="/home/ismail/IOT-CANBus/TI/FLASH_BANK_0/SCI_CAN_Interfaces_CPU1/src" --include_path="/home/ismail/IOT-CANBus/TI/FLASH_BANK_0/SCI_CAN_Interfaces_CPU1/headers" --include_path="/home/ismail/ti/C2000Ware_5_02_00_00/device_support/f2837xd/common/include" --include_path="/home/ismail/ti/C2000Ware_5_02_00_00/device_support/f2837xd/headers/include" --include_path="/home/ismail/ti/C2000Ware_5_02_00_00/libraries/flash_api/f2837xd/include/Constants" --include_path="/home/ismail/ti/C2000Ware_5_02_00_00/libraries/flash_api/f2837xd/include" --include_path="/home/ismail/IOT-CANBus/TI/FLASH_BANK_0/SCI_CAN_Interfaces_CPU1" --include_path="/home/ismail/ti/ccs1271/ccs/tools/compiler/ti-cgt-c2000_22.6.1.LTS/include" --advice:performance=all --define=_STANDALONE --define=_FLASH --define=_LAUNCHXL_F28379D --define=DEBUG --define=_DUAL_HEADERS --define=CPU1 --diag_suppress=10063 --diag_warning=225 --diag_wrap=off --display_error_number --abi=coffabi --preproc_with_compile --preproc_dependency="src/Shared_Erase.d_raw" --obj_directory="src"  "../src/Shared_Erase.c"
Finished building: "../src/Shared_Erase.c"
 
Building file: "../src/SCI_Boot.c"
Invoking: C2000 Compiler
"/home/ismail/ti/ccs1271/ccs/tools/compiler/ti-cgt-c2000_22.6.1.LTS/bin/cl2000" -v28 -ml -mt --cla_support=cla1 --float_support=fpu32 --tmu_support=tmu0 --vcu_support=vcu2 -Ooff --include_path="/home/ismail/IOT-CANBus/TI/FLASH_BANK_0/SCI_CAN_Interfaces_CPU1/src" --include_path="/home/ismail/IOT-CANBus/TI/FLASH_BANK_0/SCI_CAN_Interfaces_CPU1/headers" --include_path="/home/ismail/ti/C2000Ware_5_02_00_00/device_support/f2837xd/common/include" --include_path="/home/ismail/ti/C2000Ware_5_02_00_00/device_support/f2837xd/headers/include" --include_path="/home/ismail/ti/C2000Ware_5_02_00_00/libraries/flash_api/f2837xd/include/Constants" --include_path="/home/ismail/ti/C2000Ware_5_02_00_00/libraries/flash_api/f2837xd/include" --include_path="/home/ismail/IOT-CANBus/TI/FLASH_BANK_0/SCI_CAN_Interfaces_CPU1" --include_path="/home/ismail/ti/ccs1271/ccs/tools/compiler/ti-cgt-c2000_22.6.1.LTS/include" --advice:performance=all --define=_STANDALONE --define=_FLASH --define=_LAUNCHXL_F28379D --define=DEBUG --define=_DUAL_HEADERS --define=CPU1 --diag_suppress=10063 --diag_warning=225 --diag_wrap=off --display_error_number --abi=coffabi --preproc_with_compile --preproc_dependency="src/SCI_Boot.d_raw" --obj_directory="src"  "../src/SCI_Boot.c"
Finished building: "../src/SCI_Boot.c"
 
Building file: "../src/Shared_Verify.c"
Invoking: C2000 Compiler
"/home/ismail/ti/ccs1271/ccs/tools/compiler/ti-cgt-c2000_22.6.1.LTS/bin/cl2000" -v28 -ml -mt --cla_support=cla1 --float_support=fpu32 --tmu_support=tmu0 --vcu_support=vcu2 -Ooff --include_path="/home/ismail/IOT-CANBus/TI/FLASH_BANK_0/SCI_CAN_Interfaces_CPU1/src" --include_path="/home/ismail/IOT-CANBus/TI/FLASH_BANK_0/SCI_CAN_Interfaces_CPU1/headers" --include_path="/home/ismail/ti/C2000Ware_5_02_00_00/device_support/f2837xd/common/include" --include_path="/home/ismail/ti/C2000Ware_5_02_00_00/device_support/f2837xd/headers/include" --include_path="/home/ismail/ti/C2000Ware_5_02_00_00/libraries/flash_api/f2837xd/include/Constants" --include_path="/home/ismail/ti/C2000Ware_5_02_00_00/libraries/flash_api/f2837xd/include" --include_path="/home/ismail/IOT-CANBus/TI/FLASH_BANK_0/SCI_CAN_Interfaces_CPU1" --include_path="/home/ismail/ti/ccs1271/ccs/tools/compiler/ti-cgt-c2000_22.6.1.LTS/include" --advice:performance=all --define=_STANDALONE --define=_FLASH --define=_LAUNCHXL_F28379D --define=DEBUG --define=_DUAL_HEADERS --define=CPU1 --diag_suppress=10063 --diag_warning=225 --diag_wrap=off --display_error_number --abi=coffabi --preproc_with_compile --preproc_dependency="src/Shared_Verify.d_raw" --obj_directory="src"  "../src/Shared_Verify.c"
Finished building: "../src/Shared_Verify.c"
 
Building file: "../src/Shared_Boot.c"
Invoking: C2000 Compiler
"/home/ismail/ti/ccs1271/ccs/tools/compiler/ti-cgt-c2000_22.6.1.LTS/bin/cl2000" -v28 -ml -mt --cla_support=cla1 --float_support=fpu32 --tmu_support=tmu0 --vcu_support=vcu2 -Ooff --include_path="/home/ismail/IOT-CANBus/TI/FLASH_BANK_0/SCI_CAN_Interfaces_CPU1/src" --include_path="/home/ismail/IOT-CANBus/TI/FLASH_BANK_0/SCI_CAN_Interfaces_CPU1/headers" --include_path="/home/ismail/ti/C2000Ware_5_02_00_00/device_support/f2837xd/common/include" --include_path="/home/ismail/ti/C2000Ware_5_02_00_00/device_support/f2837xd/headers/include" --include_path="/home/ismail/ti/C2000Ware_5_02_00_00/libraries/flash_api/f2837xd/include/Constants" --include_path="/home/ismail/ti/C2000Ware_5_02_00_00/libraries/flash_api/f2837xd/include" --include_path="/home/ismail/IOT-CANBus/TI/FLASH_BANK_0/SCI_CAN_Interfaces_CPU1" --include_path="/home/ismail/ti/ccs1271/ccs/tools/compiler/ti-cgt-c2000_22.6.1.LTS/include" --advice:performance=all --define=_STANDALONE --define=_FLASH --define=_LAUNCHXL_F28379D --define=DEBUG --define=_DUAL_HEADERS --define=CPU1 --diag_suppress=10063 --diag_warning=225 --diag_wrap=off --display_error_number --abi=coffabi --preproc_with_compile --preproc_dependency="src/Shared_Boot.d_raw" --obj_directory="src"  "../src/Shared_Boot.c"
Finished building: "../src/Shared_Boot.c"
 
Building file: "../src/SCI_GetFunction.c"
Invoking: C2000 Compiler
"/home/ismail/ti/ccs1271/ccs/tools/compiler/ti-cgt-c2000_22.6.1.LTS/bin/cl2000" -v28 -ml -mt --cla_support=cla1 --float_support=fpu32 --tmu_support=tmu0 --vcu_support=vcu2 -Ooff --include_path="/home/ismail/IOT-CANBus/TI/FLASH_BANK_0/SCI_CAN_Interfaces_CPU1/src" --include_path="/home/ismail/IOT-CANBus/TI/FLASH_BANK_0/SCI_CAN_Interfaces_CPU1/headers" --include_path="/home/ismail/ti/C2000Ware_5_02_00_00/device_support/f2837xd/common/include" --include_path="/home/ismail/ti/C2000Ware_5_02_00_00/device_support/f2837xd/headers/include" --include_path="/home/ismail/ti/C2000Ware_5_02_00_00/libraries/flash_api/f2837xd/include/Constants" --include_path="/home/ismail/ti/C2000Ware_5_02_00_00/libraries/flash_api/f2837xd/include" --include_path="/home/ismail/IOT-CANBus/TI/FLASH_BANK_0/SCI_CAN_Interfaces_CPU1" --include_path="/home/ismail/ti/ccs1271/ccs/tools/compiler/ti-cgt-c2000_22.6.1.LTS/include" --advice:performance=all --define=_STANDALONE --define=_FLASH --define=_LAUNCHXL_F28379D --define=DEBUG --define=_DUAL_HEADERS --define=CPU1 --diag_suppress=10063 --diag_warning=225 --diag_wrap=off --display_error_number --abi=coffabi --preproc_with_compile --preproc_dependency="src/SCI_GetFunction.d_raw" --obj_directory="src"  "../src/SCI_GetFunction.c"
Finished building: "../src/SCI_GetFunction.c"
 
Building file: "../src/main.c"
Invoking: C2000 Compiler
"/home/ismail/ti/ccs1271/ccs/tools/compiler/ti-cgt-c2000_22.6.1.LTS/bin/cl2000" -v28 -ml -mt --cla_support=cla1 --float_support=fpu32 --tmu_support=tmu0 --vcu_support=vcu2 -Ooff --include_path="/home/ismail/IOT-CANBus/TI/FLASH_BANK_0/SCI_CAN_Interfaces_CPU1/src" --include_path="/home/ismail/IOT-CANBus/TI/FLASH_BANK_0/SCI_CAN_Interfaces_CPU1/headers" --include_path="/home/ismail/ti/C2000Ware_5_02_00_00/device_support/f2837xd/common/include" --include_path="/home/ismail/ti/C2000Ware_5_02_00_00/device_support/f2837xd/headers/include" --include_path="/home/ismail/ti/C2000Ware_5_02_00_00/libraries/flash_api/f2837xd/include/Constants" --include_path="/home/ismail/ti/C2000Ware_5_02_00_00/libraries/flash_api/f2837xd/include" --include_path="/home/ismail/IOT-CANBus/TI/FLASH_BANK_0/SCI_CAN_Interfaces_CPU1" --include_path="/home/ismail/ti/ccs1271/ccs/tools/compiler/ti-cgt-c2000_22.6.1.LTS/include" --advice:performance=all --define=_STANDALONE --define=_FLASH --define=_LAUNCHXL_F28379D --define=DEBUG --define=_DUAL_HEADERS --define=CPU1 --diag_suppress=10063 --diag_warning=225 --diag_wrap=off --display_error_number --abi=coffabi --preproc_with_compile --preproc_dependency="src/main.d_raw" --obj_directory="src"  "../src/main.c"
Finished building: "../src/main.c"
 
Building target: "SCI_CAN_Interfaces_CPU1.out"
Invoking: C2000 Linker
"/home/ismail/ti/ccs1271/ccs/tools/compiler/ti-cgt-c2000_22.6.1.LTS/bin/cl2000" -v28 -ml -mt --cla_support=cla1 --float_support=fpu32 --tmu_support=tmu0 --vcu_support=vcu2 -Ooff --advice:performance=all --define=_STANDALONE --define=_FLASH --define=_LAUNCHXL_F28379D --define=DEBUG --define=_DUAL_HEADERS --define=CPU1 --diag_suppress=10063 --diag_warning=225 --diag_wrap=off --display_error_number --abi=coffabi -z -m"SCI_CAN_Interfaces_CPU1.map" --stack_size=0x100 --warn_sections -i"/home/ismail/ti/C2000Ware_5_02_00_00/device_support/f2837xd/common/cmd" -i"/home/ismail/ti/C2000Ware_5_02_00_00/device_support/f2837xd/headers/cmd" -i"/home/ismail/ti/ccs1271/ccs/tools/compiler/ti-cgt-c2000_22.6.1.LTS/lib" -i"/home/ismail/ti/ccs1271/ccs/tools/compiler/ti-cgt-c2000_22.6.1.LTS/include" --reread_libs --diag_wrap=off --display_error_number --xml_link_info="SCI_CAN_Interfaces_CPU1_linkInfo.xml" --entry_point=code_start --rom_model -o "SCI_CAN_Interfaces_CPU1.out" "./assembly/DCSM_Z1_ZoneSelectBlock.obj" "./assembly/DCSM_Z2_ZoneSelectBlock.obj" "./assembly/F2837xD_usDelay.obj" "./assembly/fwupgradec1toc2_start.obj" "./src/F2837xD_DefaultISR.obj" "./src/F2837xD_GlobalVariableDefs.obj" "./src/F2837xD_Gpio.obj" "./src/F2837xD_PieCtrl.obj" "./src/F2837xD_PieVect.obj" "./src/F2837xD_SysCtrl.obj" "./src/Fapi_UserDefinedFunctions.obj" "./src/SCI_Boot.obj" "./src/SCI_GetFunction.obj" "./src/Shared_Boot.obj" "./src/Shared_Erase.obj" "./src/Shared_Verify.obj" "./src/main.obj" "/home/ismail/ti/C2000Ware_5_02_00_00/libraries/flash_api/f2837xd/lib/F021_API_F2837xD_FPU32.lib" "/home/ismail/ti/C2000Ware_5_02_00_00/libraries/boot_rom/f2837xd/rev0/rom_symbol_libs/c1_ROM_API/c1bootROM_BootROMSymbols_fpu32.lib" "../linker/2837xD_FLASH_lnk_cpu1.cmd" "../linker/F2837xD_Headers_nonBIOS_cpu1.cmd" "../linker/flash_programming_cpu1tocpu2_RAM.cmd"  -l"/home/ismail/ti/ccs1271/ccs/tools/compiler/ti-cgt-c2000_22.6.1.LTS/lib/rts2800_fpu32.lib" -llibc.a 
<Linking>
 
 undefined         first referenced  
  symbol               in file       
 ---------         ----------------  
 _IPCGetBootStatus ./src/SCI_Boot.obj
 _IPCLtoRFlagBusy  ./src/SCI_Boot.obj
 _InitIpc          ./src/main.obj    
 
error #10234-D: unresolved symbols remain
error #10010: errors encountered during linking; "SCI_CAN_Interfaces_CPU1.out" not built
 
>> Compilation failure
makefile:160: recipe for target 'SCI_CAN_Interfaces_CPU1.out' failed
gmake[1]: *** [SCI_CAN_Interfaces_CPU1.out] Error 1
gmake: *** [all] Error 2
makefile:156: recipe for target 'all' failed

**** Build Finished ****

**** Build of configuration CPU1_FLASH for project SCI_CAN_Interfaces_CPU1 ****

/home/ismail/ti/ccs1271/ccs/utils/bin/gmake -k -j 4 all -O 
 
Building file: "../assembly/DCSM_Z1_ZoneSelectBlock.asm"
Invoking: C2000 Compiler
"/home/ismail/ti/ccs1271/ccs/tools/compiler/ti-cgt-c2000_22.6.1.LTS/bin/cl2000" -v28 -ml -mt --cla_support=cla1 --float_support=fpu32 --tmu_support=tmu0 --vcu_support=vcu2 -Ooff --include_path="/home/ismail/IOT-CANBus/TI/FLASH_BANK_0/SCI_CAN_Interfaces_CPU1/src" --include_path="/home/ismail/IOT-CANBus/TI/FLASH_BANK_0/SCI_CAN_Interfaces_CPU1/headers" --include_path="/home/ismail/ti/C2000Ware_5_02_00_00/device_support/f2837xd/common/include" --include_path="/home/ismail/ti/C2000Ware_5_02_00_00/device_support/f2837xd/headers/include" --include_path="/home/ismail/ti/C2000Ware_5_02_00_00/libraries/flash_api/f2837xd/include/Constants" --include_path="/home/ismail/ti/C2000Ware_5_02_00_00/libraries/flash_api/f2837xd/include" --include_path="/home/ismail/IOT-CANBus/TI/FLASH_BANK_0/SCI_CAN_Interfaces_CPU1" --include_path="/home/ismail/ti/ccs1271/ccs/tools/compiler/ti-cgt-c2000_22.6.1.LTS/include" --advice:performance=all --define=_STANDALONE --define=_FLASH --define=_LAUNCHXL_F28379D --define=DEBUG --define=_DUAL_HEADERS --define=CPU1 --diag_suppress=10063 --diag_warning=225 --diag_wrap=off --display_error_number --abi=coffabi --preproc_with_compile --preproc_dependency="assembly/DCSM_Z1_ZoneSelectBlock.d_raw" --obj_directory="assembly"  "../assembly/DCSM_Z1_ZoneSelectBlock.asm"
Finished building: "../assembly/DCSM_Z1_ZoneSelectBlock.asm"
 
Building file: "../assembly/DCSM_Z2_ZoneSelectBlock.asm"
Invoking: C2000 Compiler
"/home/ismail/ti/ccs1271/ccs/tools/compiler/ti-cgt-c2000_22.6.1.LTS/bin/cl2000" -v28 -ml -mt --cla_support=cla1 --float_support=fpu32 --tmu_support=tmu0 --vcu_support=vcu2 -Ooff --include_path="/home/ismail/IOT-CANBus/TI/FLASH_BANK_0/SCI_CAN_Interfaces_CPU1/src" --include_path="/home/ismail/IOT-CANBus/TI/FLASH_BANK_0/SCI_CAN_Interfaces_CPU1/headers" --include_path="/home/ismail/ti/C2000Ware_5_02_00_00/device_support/f2837xd/common/include" --include_path="/home/ismail/ti/C2000Ware_5_02_00_00/device_support/f2837xd/headers/include" --include_path="/home/ismail/ti/C2000Ware_5_02_00_00/libraries/flash_api/f2837xd/include/Constants" --include_path="/home/ismail/ti/C2000Ware_5_02_00_00/libraries/flash_api/f2837xd/include" --include_path="/home/ismail/IOT-CANBus/TI/FLASH_BANK_0/SCI_CAN_Interfaces_CPU1" --include_path="/home/ismail/ti/ccs1271/ccs/tools/compiler/ti-cgt-c2000_22.6.1.LTS/include" --advice:performance=all --define=_STANDALONE --define=_FLASH --define=_LAUNCHXL_F28379D --define=DEBUG --define=_DUAL_HEADERS --define=CPU1 --diag_suppress=10063 --diag_warning=225 --diag_wrap=off --display_error_number --abi=coffabi --preproc_with_compile --preproc_dependency="assembly/DCSM_Z2_ZoneSelectBlock.d_raw" --obj_directory="assembly"  "../assembly/DCSM_Z2_ZoneSelectBlock.asm"
Finished building: "../assembly/DCSM_Z2_ZoneSelectBlock.asm"
 
Building file: "../assembly/fwupgradec1toc2_start.asm"
Invoking: C2000 Compiler
"/home/ismail/ti/ccs1271/ccs/tools/compiler/ti-cgt-c2000_22.6.1.LTS/bin/cl2000" -v28 -ml -mt --cla_support=cla1 --float_support=fpu32 --tmu_support=tmu0 --vcu_support=vcu2 -Ooff --include_path="/home/ismail/IOT-CANBus/TI/FLASH_BANK_0/SCI_CAN_Interfaces_CPU1/src" --include_path="/home/ismail/IOT-CANBus/TI/FLASH_BANK_0/SCI_CAN_Interfaces_CPU1/headers" --include_path="/home/ismail/ti/C2000Ware_5_02_00_00/device_support/f2837xd/common/include" --include_path="/home/ismail/ti/C2000Ware_5_02_00_00/device_support/f2837xd/headers/include" --include_path="/home/ismail/ti/C2000Ware_5_02_00_00/libraries/flash_api/f2837xd/include/Constants" --include_path="/home/ismail/ti/C2000Ware_5_02_00_00/libraries/flash_api/f2837xd/include" --include_path="/home/ismail/IOT-CANBus/TI/FLASH_BANK_0/SCI_CAN_Interfaces_CPU1" --include_path="/home/ismail/ti/ccs1271/ccs/tools/compiler/ti-cgt-c2000_22.6.1.LTS/include" --advice:performance=all --define=_STANDALONE --define=_FLASH --define=_LAUNCHXL_F28379D --define=DEBUG --define=_DUAL_HEADERS --define=CPU1 --diag_suppress=10063 --diag_warning=225 --diag_wrap=off --display_error_number --abi=coffabi --preproc_with_compile --preproc_dependency="assembly/fwupgradec1toc2_start.d_raw" --obj_directory="assembly"  "../assembly/fwupgradec1toc2_start.asm"
Finished building: "../assembly/fwupgradec1toc2_start.asm"
 
Building file: "../assembly/F2837xD_usDelay.asm"
Invoking: C2000 Compiler
"/home/ismail/ti/ccs1271/ccs/tools/compiler/ti-cgt-c2000_22.6.1.LTS/bin/cl2000" -v28 -ml -mt --cla_support=cla1 --float_support=fpu32 --tmu_support=tmu0 --vcu_support=vcu2 -Ooff --include_path="/home/ismail/IOT-CANBus/TI/FLASH_BANK_0/SCI_CAN_Interfaces_CPU1/src" --include_path="/home/ismail/IOT-CANBus/TI/FLASH_BANK_0/SCI_CAN_Interfaces_CPU1/headers" --include_path="/home/ismail/ti/C2000Ware_5_02_00_00/device_support/f2837xd/common/include" --include_path="/home/ismail/ti/C2000Ware_5_02_00_00/device_support/f2837xd/headers/include" --include_path="/home/ismail/ti/C2000Ware_5_02_00_00/libraries/flash_api/f2837xd/include/Constants" --include_path="/home/ismail/ti/C2000Ware_5_02_00_00/libraries/flash_api/f2837xd/include" --include_path="/home/ismail/IOT-CANBus/TI/FLASH_BANK_0/SCI_CAN_Interfaces_CPU1" --include_path="/home/ismail/ti/ccs1271/ccs/tools/compiler/ti-cgt-c2000_22.6.1.LTS/include" --advice:performance=all --define=_STANDALONE --define=_FLASH --define=_LAUNCHXL_F28379D --define=DEBUG --define=_DUAL_HEADERS --define=CPU1 --diag_suppress=10063 --diag_warning=225 --diag_wrap=off --display_error_number --abi=coffabi --preproc_with_compile --preproc_dependency="assembly/F2837xD_usDelay.d_raw" --obj_directory="assembly"  "../assembly/F2837xD_usDelay.asm"
Finished building: "../assembly/F2837xD_usDelay.asm"
 
Building file: "../src/F2837xD_PieCtrl.c"
Invoking: C2000 Compiler
"/home/ismail/ti/ccs1271/ccs/tools/compiler/ti-cgt-c2000_22.6.1.LTS/bin/cl2000" -v28 -ml -mt --cla_support=cla1 --float_support=fpu32 --tmu_support=tmu0 --vcu_support=vcu2 -Ooff --include_path="/home/ismail/IOT-CANBus/TI/FLASH_BANK_0/SCI_CAN_Interfaces_CPU1/src" --include_path="/home/ismail/IOT-CANBus/TI/FLASH_BANK_0/SCI_CAN_Interfaces_CPU1/headers" --include_path="/home/ismail/ti/C2000Ware_5_02_00_00/device_support/f2837xd/common/include" --include_path="/home/ismail/ti/C2000Ware_5_02_00_00/device_support/f2837xd/headers/include" --include_path="/home/ismail/ti/C2000Ware_5_02_00_00/libraries/flash_api/f2837xd/include/Constants" --include_path="/home/ismail/ti/C2000Ware_5_02_00_00/libraries/flash_api/f2837xd/include" --include_path="/home/ismail/IOT-CANBus/TI/FLASH_BANK_0/SCI_CAN_Interfaces_CPU1" --include_path="/home/ismail/ti/ccs1271/ccs/tools/compiler/ti-cgt-c2000_22.6.1.LTS/include" --advice:performance=all --define=_STANDALONE --define=_FLASH --define=_LAUNCHXL_F28379D --define=DEBUG --define=_DUAL_HEADERS --define=CPU1 --diag_suppress=10063 --diag_warning=225 --diag_wrap=off --display_error_number --abi=coffabi --preproc_with_compile --preproc_dependency="src/F2837xD_PieCtrl.d_raw" --obj_directory="src"  "../src/F2837xD_PieCtrl.c"
Finished building: "../src/F2837xD_PieCtrl.c"
 
Building file: "../src/F2837xD_DefaultISR.c"
Invoking: C2000 Compiler
"/home/ismail/ti/ccs1271/ccs/tools/compiler/ti-cgt-c2000_22.6.1.LTS/bin/cl2000" -v28 -ml -mt --cla_support=cla1 --float_support=fpu32 --tmu_support=tmu0 --vcu_support=vcu2 -Ooff --include_path="/home/ismail/IOT-CANBus/TI/FLASH_BANK_0/SCI_CAN_Interfaces_CPU1/src" --include_path="/home/ismail/IOT-CANBus/TI/FLASH_BANK_0/SCI_CAN_Interfaces_CPU1/headers" --include_path="/home/ismail/ti/C2000Ware_5_02_00_00/device_support/f2837xd/common/include" --include_path="/home/ismail/ti/C2000Ware_5_02_00_00/device_support/f2837xd/headers/include" --include_path="/home/ismail/ti/C2000Ware_5_02_00_00/libraries/flash_api/f2837xd/include/Constants" --include_path="/home/ismail/ti/C2000Ware_5_02_00_00/libraries/flash_api/f2837xd/include" --include_path="/home/ismail/IOT-CANBus/TI/FLASH_BANK_0/SCI_CAN_Interfaces_CPU1" --include_path="/home/ismail/ti/ccs1271/ccs/tools/compiler/ti-cgt-c2000_22.6.1.LTS/include" --advice:performance=all --define=_STANDALONE --define=_FLASH --define=_LAUNCHXL_F28379D --define=DEBUG --define=_DUAL_HEADERS --define=CPU1 --diag_suppress=10063 --diag_warning=225 --diag_wrap=off --display_error_number --abi=coffabi --preproc_with_compile --preproc_dependency="src/F2837xD_DefaultISR.d_raw" --obj_directory="src"  "../src/F2837xD_DefaultISR.c"
Finished building: "../src/F2837xD_DefaultISR.c"
 
Building file: "../src/F2837xD_PieVect.c"
Invoking: C2000 Compiler
"/home/ismail/ti/ccs1271/ccs/tools/compiler/ti-cgt-c2000_22.6.1.LTS/bin/cl2000" -v28 -ml -mt --cla_support=cla1 --float_support=fpu32 --tmu_support=tmu0 --vcu_support=vcu2 -Ooff --include_path="/home/ismail/IOT-CANBus/TI/FLASH_BANK_0/SCI_CAN_Interfaces_CPU1/src" --include_path="/home/ismail/IOT-CANBus/TI/FLASH_BANK_0/SCI_CAN_Interfaces_CPU1/headers" --include_path="/home/ismail/ti/C2000Ware_5_02_00_00/device_support/f2837xd/common/include" --include_path="/home/ismail/ti/C2000Ware_5_02_00_00/device_support/f2837xd/headers/include" --include_path="/home/ismail/ti/C2000Ware_5_02_00_00/libraries/flash_api/f2837xd/include/Constants" --include_path="/home/ismail/ti/C2000Ware_5_02_00_00/libraries/flash_api/f2837xd/include" --include_path="/home/ismail/IOT-CANBus/TI/FLASH_BANK_0/SCI_CAN_Interfaces_CPU1" --include_path="/home/ismail/ti/ccs1271/ccs/tools/compiler/ti-cgt-c2000_22.6.1.LTS/include" --advice:performance=all --define=_STANDALONE --define=_FLASH --define=_LAUNCHXL_F28379D --define=DEBUG --define=_DUAL_HEADERS --define=CPU1 --diag_suppress=10063 --diag_warning=225 --diag_wrap=off --display_error_number --abi=coffabi --preproc_with_compile --preproc_dependency="src/F2837xD_PieVect.d_raw" --obj_directory="src"  "../src/F2837xD_PieVect.c"
Finished building: "../src/F2837xD_PieVect.c"
 
Building file: "../src/F2837xD_Gpio.c"
Invoking: C2000 Compiler
"/home/ismail/ti/ccs1271/ccs/tools/compiler/ti-cgt-c2000_22.6.1.LTS/bin/cl2000" -v28 -ml -mt --cla_support=cla1 --float_support=fpu32 --tmu_support=tmu0 --vcu_support=vcu2 -Ooff --include_path="/home/ismail/IOT-CANBus/TI/FLASH_BANK_0/SCI_CAN_Interfaces_CPU1/src" --include_path="/home/ismail/IOT-CANBus/TI/FLASH_BANK_0/SCI_CAN_Interfaces_CPU1/headers" --include_path="/home/ismail/ti/C2000Ware_5_02_00_00/device_support/f2837xd/common/include" --include_path="/home/ismail/ti/C2000Ware_5_02_00_00/device_support/f2837xd/headers/include" --include_path="/home/ismail/ti/C2000Ware_5_02_00_00/libraries/flash_api/f2837xd/include/Constants" --include_path="/home/ismail/ti/C2000Ware_5_02_00_00/libraries/flash_api/f2837xd/include" --include_path="/home/ismail/IOT-CANBus/TI/FLASH_BANK_0/SCI_CAN_Interfaces_CPU1" --include_path="/home/ismail/ti/ccs1271/ccs/tools/compiler/ti-cgt-c2000_22.6.1.LTS/include" --advice:performance=all --define=_STANDALONE --define=_FLASH --define=_LAUNCHXL_F28379D --define=DEBUG --define=_DUAL_HEADERS --define=CPU1 --diag_suppress=10063 --diag_warning=225 --diag_wrap=off --display_error_number --abi=coffabi --preproc_with_compile --preproc_dependency="src/F2837xD_Gpio.d_raw" --obj_directory="src"  "../src/F2837xD_Gpio.c"
Finished building: "../src/F2837xD_Gpio.c"
 
Building file: "../src/Fapi_UserDefinedFunctions.c"
Invoking: C2000 Compiler
"/home/ismail/ti/ccs1271/ccs/tools/compiler/ti-cgt-c2000_22.6.1.LTS/bin/cl2000" -v28 -ml -mt --cla_support=cla1 --float_support=fpu32 --tmu_support=tmu0 --vcu_support=vcu2 -Ooff --include_path="/home/ismail/IOT-CANBus/TI/FLASH_BANK_0/SCI_CAN_Interfaces_CPU1/src" --include_path="/home/ismail/IOT-CANBus/TI/FLASH_BANK_0/SCI_CAN_Interfaces_CPU1/headers" --include_path="/home/ismail/ti/C2000Ware_5_02_00_00/device_support/f2837xd/common/include" --include_path="/home/ismail/ti/C2000Ware_5_02_00_00/device_support/f2837xd/headers/include" --include_path="/home/ismail/ti/C2000Ware_5_02_00_00/libraries/flash_api/f2837xd/include/Constants" --include_path="/home/ismail/ti/C2000Ware_5_02_00_00/libraries/flash_api/f2837xd/include" --include_path="/home/ismail/IOT-CANBus/TI/FLASH_BANK_0/SCI_CAN_Interfaces_CPU1" --include_path="/home/ismail/ti/ccs1271/ccs/tools/compiler/ti-cgt-c2000_22.6.1.LTS/include" --advice:performance=all --define=_STANDALONE --define=_FLASH --define=_LAUNCHXL_F28379D --define=DEBUG --define=_DUAL_HEADERS --define=CPU1 --diag_suppress=10063 --diag_warning=225 --diag_wrap=off --display_error_number --abi=coffabi --preproc_with_compile --preproc_dependency="src/Fapi_UserDefinedFunctions.d_raw" --obj_directory="src"  "../src/Fapi_UserDefinedFunctions.c"
Finished building: "../src/Fapi_UserDefinedFunctions.c"
 
Building file: "../src/F2837xD_SysCtrl.c"
Invoking: C2000 Compiler
"/home/ismail/ti/ccs1271/ccs/tools/compiler/ti-cgt-c2000_22.6.1.LTS/bin/cl2000" -v28 -ml -mt --cla_support=cla1 --float_support=fpu32 --tmu_support=tmu0 --vcu_support=vcu2 -Ooff --include_path="/home/ismail/IOT-CANBus/TI/FLASH_BANK_0/SCI_CAN_Interfaces_CPU1/src" --include_path="/home/ismail/IOT-CANBus/TI/FLASH_BANK_0/SCI_CAN_Interfaces_CPU1/headers" --include_path="/home/ismail/ti/C2000Ware_5_02_00_00/device_support/f2837xd/common/include" --include_path="/home/ismail/ti/C2000Ware_5_02_00_00/device_support/f2837xd/headers/include" --include_path="/home/ismail/ti/C2000Ware_5_02_00_00/libraries/flash_api/f2837xd/include/Constants" --include_path="/home/ismail/ti/C2000Ware_5_02_00_00/libraries/flash_api/f2837xd/include" --include_path="/home/ismail/IOT-CANBus/TI/FLASH_BANK_0/SCI_CAN_Interfaces_CPU1" --include_path="/home/ismail/ti/ccs1271/ccs/tools/compiler/ti-cgt-c2000_22.6.1.LTS/include" --advice:performance=all --define=_STANDALONE --define=_FLASH --define=_LAUNCHXL_F28379D --define=DEBUG --define=_DUAL_HEADERS --define=CPU1 --diag_suppress=10063 --diag_warning=225 --diag_wrap=off --display_error_number --abi=coffabi --preproc_with_compile --preproc_dependency="src/F2837xD_SysCtrl.d_raw" --obj_directory="src"  "../src/F2837xD_SysCtrl.c"
"../src/F2837xD_SysCtrl.c", line 837 (col. 47): advice #2614-D: (Performance) Use --fp_mode=relaxed to enable TMU hardware support for FP division.
Finished building: "../src/F2837xD_SysCtrl.c"
 
Building file: "../src/SCI_Boot.c"
Invoking: C2000 Compiler
"/home/ismail/ti/ccs1271/ccs/tools/compiler/ti-cgt-c2000_22.6.1.LTS/bin/cl2000" -v28 -ml -mt --cla_support=cla1 --float_support=fpu32 --tmu_support=tmu0 --vcu_support=vcu2 -Ooff --include_path="/home/ismail/IOT-CANBus/TI/FLASH_BANK_0/SCI_CAN_Interfaces_CPU1/src" --include_path="/home/ismail/IOT-CANBus/TI/FLASH_BANK_0/SCI_CAN_Interfaces_CPU1/headers" --include_path="/home/ismail/ti/C2000Ware_5_02_00_00/device_support/f2837xd/common/include" --include_path="/home/ismail/ti/C2000Ware_5_02_00_00/device_support/f2837xd/headers/include" --include_path="/home/ismail/ti/C2000Ware_5_02_00_00/libraries/flash_api/f2837xd/include/Constants" --include_path="/home/ismail/ti/C2000Ware_5_02_00_00/libraries/flash_api/f2837xd/include" --include_path="/home/ismail/IOT-CANBus/TI/FLASH_BANK_0/SCI_CAN_Interfaces_CPU1" --include_path="/home/ismail/ti/ccs1271/ccs/tools/compiler/ti-cgt-c2000_22.6.1.LTS/include" --advice:performance=all --define=_STANDALONE --define=_FLASH --define=_LAUNCHXL_F28379D --define=DEBUG --define=_DUAL_HEADERS --define=CPU1 --diag_suppress=10063 --diag_warning=225 --diag_wrap=off --display_error_number --abi=coffabi --preproc_with_compile --preproc_dependency="src/SCI_Boot.d_raw" --obj_directory="src"  "../src/SCI_Boot.c"
Finished building: "../src/SCI_Boot.c"
 
Building file: "../src/Shared_Erase.c"
Invoking: C2000 Compiler
"/home/ismail/ti/ccs1271/ccs/tools/compiler/ti-cgt-c2000_22.6.1.LTS/bin/cl2000" -v28 -ml -mt --cla_support=cla1 --float_support=fpu32 --tmu_support=tmu0 --vcu_support=vcu2 -Ooff --include_path="/home/ismail/IOT-CANBus/TI/FLASH_BANK_0/SCI_CAN_Interfaces_CPU1/src" --include_path="/home/ismail/IOT-CANBus/TI/FLASH_BANK_0/SCI_CAN_Interfaces_CPU1/headers" --include_path="/home/ismail/ti/C2000Ware_5_02_00_00/device_support/f2837xd/common/include" --include_path="/home/ismail/ti/C2000Ware_5_02_00_00/device_support/f2837xd/headers/include" --include_path="/home/ismail/ti/C2000Ware_5_02_00_00/libraries/flash_api/f2837xd/include/Constants" --include_path="/home/ismail/ti/C2000Ware_5_02_00_00/libraries/flash_api/f2837xd/include" --include_path="/home/ismail/IOT-CANBus/TI/FLASH_BANK_0/SCI_CAN_Interfaces_CPU1" --include_path="/home/ismail/ti/ccs1271/ccs/tools/compiler/ti-cgt-c2000_22.6.1.LTS/include" --advice:performance=all --define=_STANDALONE --define=_FLASH --define=_LAUNCHXL_F28379D --define=DEBUG --define=_DUAL_HEADERS --define=CPU1 --diag_suppress=10063 --diag_warning=225 --diag_wrap=off --display_error_number --abi=coffabi --preproc_with_compile --preproc_dependency="src/Shared_Erase.d_raw" --obj_directory="src"  "../src/Shared_Erase.c"
Finished building: "../src/Shared_Erase.c"
 
Building file: "../src/Shared_Boot.c"
Invoking: C2000 Compiler
"/home/ismail/ti/ccs1271/ccs/tools/compiler/ti-cgt-c2000_22.6.1.LTS/bin/cl2000" -v28 -ml -mt --cla_support=cla1 --float_support=fpu32 --tmu_support=tmu0 --vcu_support=vcu2 -Ooff --include_path="/home/ismail/IOT-CANBus/TI/FLASH_BANK_0/SCI_CAN_Interfaces_CPU1/src" --include_path="/home/ismail/IOT-CANBus/TI/FLASH_BANK_0/SCI_CAN_Interfaces_CPU1/headers" --include_path="/home/ismail/ti/C2000Ware_5_02_00_00/device_support/f2837xd/common/include" --include_path="/home/ismail/ti/C2000Ware_5_02_00_00/device_support/f2837xd/headers/include" --include_path="/home/ismail/ti/C2000Ware_5_02_00_00/libraries/flash_api/f2837xd/include/Constants" --include_path="/home/ismail/ti/C2000Ware_5_02_00_00/libraries/flash_api/f2837xd/include" --include_path="/home/ismail/IOT-CANBus/TI/FLASH_BANK_0/SCI_CAN_Interfaces_CPU1" --include_path="/home/ismail/ti/ccs1271/ccs/tools/compiler/ti-cgt-c2000_22.6.1.LTS/include" --advice:performance=all --define=_STANDALONE --define=_FLASH --define=_LAUNCHXL_F28379D --define=DEBUG --define=_DUAL_HEADERS --define=CPU1 --diag_suppress=10063 --diag_warning=225 --diag_wrap=off --display_error_number --abi=coffabi --preproc_with_compile --preproc_dependency="src/Shared_Boot.d_raw" --obj_directory="src"  "../src/Shared_Boot.c"
Finished building: "../src/Shared_Boot.c"
 
Building file: "../src/Shared_Verify.c"
Invoking: C2000 Compiler
"/home/ismail/ti/ccs1271/ccs/tools/compiler/ti-cgt-c2000_22.6.1.LTS/bin/cl2000" -v28 -ml -mt --cla_support=cla1 --float_support=fpu32 --tmu_support=tmu0 --vcu_support=vcu2 -Ooff --include_path="/home/ismail/IOT-CANBus/TI/FLASH_BANK_0/SCI_CAN_Interfaces_CPU1/src" --include_path="/home/ismail/IOT-CANBus/TI/FLASH_BANK_0/SCI_CAN_Interfaces_CPU1/headers" --include_path="/home/ismail/ti/C2000Ware_5_02_00_00/device_support/f2837xd/common/include" --include_path="/home/ismail/ti/C2000Ware_5_02_00_00/device_support/f2837xd/headers/include" --include_path="/home/ismail/ti/C2000Ware_5_02_00_00/libraries/flash_api/f2837xd/include/Constants" --include_path="/home/ismail/ti/C2000Ware_5_02_00_00/libraries/flash_api/f2837xd/include" --include_path="/home/ismail/IOT-CANBus/TI/FLASH_BANK_0/SCI_CAN_Interfaces_CPU1" --include_path="/home/ismail/ti/ccs1271/ccs/tools/compiler/ti-cgt-c2000_22.6.1.LTS/include" --advice:performance=all --define=_STANDALONE --define=_FLASH --define=_LAUNCHXL_F28379D --define=DEBUG --define=_DUAL_HEADERS --define=CPU1 --diag_suppress=10063 --diag_warning=225 --diag_wrap=off --display_error_number --abi=coffabi --preproc_with_compile --preproc_dependency="src/Shared_Verify.d_raw" --obj_directory="src"  "../src/Shared_Verify.c"
Finished building: "../src/Shared_Verify.c"
 
Building file: "../src/F2837xD_GlobalVariableDefs.c"
Invoking: C2000 Compiler
"/home/ismail/ti/ccs1271/ccs/tools/compiler/ti-cgt-c2000_22.6.1.LTS/bin/cl2000" -v28 -ml -mt --cla_support=cla1 --float_support=fpu32 --tmu_support=tmu0 --vcu_support=vcu2 -Ooff --include_path="/home/ismail/IOT-CANBus/TI/FLASH_BANK_0/SCI_CAN_Interfaces_CPU1/src" --include_path="/home/ismail/IOT-CANBus/TI/FLASH_BANK_0/SCI_CAN_Interfaces_CPU1/headers" --include_path="/home/ismail/ti/C2000Ware_5_02_00_00/device_support/f2837xd/common/include" --include_path="/home/ismail/ti/C2000Ware_5_02_00_00/device_support/f2837xd/headers/include" --include_path="/home/ismail/ti/C2000Ware_5_02_00_00/libraries/flash_api/f2837xd/include/Constants" --include_path="/home/ismail/ti/C2000Ware_5_02_00_00/libraries/flash_api/f2837xd/include" --include_path="/home/ismail/IOT-CANBus/TI/FLASH_BANK_0/SCI_CAN_Interfaces_CPU1" --include_path="/home/ismail/ti/ccs1271/ccs/tools/compiler/ti-cgt-c2000_22.6.1.LTS/include" --advice:performance=all --define=_STANDALONE --define=_FLASH --define=_LAUNCHXL_F28379D --define=DEBUG --define=_DUAL_HEADERS --define=CPU1 --diag_suppress=10063 --diag_warning=225 --diag_wrap=off --display_error_number --abi=coffabi --preproc_with_compile --preproc_dependency="src/F2837xD_GlobalVariableDefs.d_raw" --obj_directory="src"  "../src/F2837xD_GlobalVariableDefs.c"
Finished building: "../src/F2837xD_GlobalVariableDefs.c"
 
Building file: "../src/SCI_GetFunction.c"
Invoking: C2000 Compiler
"/home/ismail/ti/ccs1271/ccs/tools/compiler/ti-cgt-c2000_22.6.1.LTS/bin/cl2000" -v28 -ml -mt --cla_support=cla1 --float_support=fpu32 --tmu_support=tmu0 --vcu_support=vcu2 -Ooff --include_path="/home/ismail/IOT-CANBus/TI/FLASH_BANK_0/SCI_CAN_Interfaces_CPU1/src" --include_path="/home/ismail/IOT-CANBus/TI/FLASH_BANK_0/SCI_CAN_Interfaces_CPU1/headers" --include_path="/home/ismail/ti/C2000Ware_5_02_00_00/device_support/f2837xd/common/include" --include_path="/home/ismail/ti/C2000Ware_5_02_00_00/device_support/f2837xd/headers/include" --include_path="/home/ismail/ti/C2000Ware_5_02_00_00/libraries/flash_api/f2837xd/include/Constants" --include_path="/home/ismail/ti/C2000Ware_5_02_00_00/libraries/flash_api/f2837xd/include" --include_path="/home/ismail/IOT-CANBus/TI/FLASH_BANK_0/SCI_CAN_Interfaces_CPU1" --include_path="/home/ismail/ti/ccs1271/ccs/tools/compiler/ti-cgt-c2000_22.6.1.LTS/include" --advice:performance=all --define=_STANDALONE --define=_FLASH --define=_LAUNCHXL_F28379D --define=DEBUG --define=_DUAL_HEADERS --define=CPU1 --diag_suppress=10063 --diag_warning=225 --diag_wrap=off --display_error_number --abi=coffabi --preproc_with_compile --preproc_dependency="src/SCI_GetFunction.d_raw" --obj_directory="src"  "../src/SCI_GetFunction.c"
Finished building: "../src/SCI_GetFunction.c"
 
Building file: "../src/main.c"
Invoking: C2000 Compiler
"/home/ismail/ti/ccs1271/ccs/tools/compiler/ti-cgt-c2000_22.6.1.LTS/bin/cl2000" -v28 -ml -mt --cla_support=cla1 --float_support=fpu32 --tmu_support=tmu0 --vcu_support=vcu2 -Ooff --include_path="/home/ismail/IOT-CANBus/TI/FLASH_BANK_0/SCI_CAN_Interfaces_CPU1/src" --include_path="/home/ismail/IOT-CANBus/TI/FLASH_BANK_0/SCI_CAN_Interfaces_CPU1/headers" --include_path="/home/ismail/ti/C2000Ware_5_02_00_00/device_support/f2837xd/common/include" --include_path="/home/ismail/ti/C2000Ware_5_02_00_00/device_support/f2837xd/headers/include" --include_path="/home/ismail/ti/C2000Ware_5_02_00_00/libraries/flash_api/f2837xd/include/Constants" --include_path="/home/ismail/ti/C2000Ware_5_02_00_00/libraries/flash_api/f2837xd/include" --include_path="/home/ismail/IOT-CANBus/TI/FLASH_BANK_0/SCI_CAN_Interfaces_CPU1" --include_path="/home/ismail/ti/ccs1271/ccs/tools/compiler/ti-cgt-c2000_22.6.1.LTS/include" --advice:performance=all --define=_STANDALONE --define=_FLASH --define=_LAUNCHXL_F28379D --define=DEBUG --define=_DUAL_HEADERS --define=CPU1 --diag_suppress=10063 --diag_warning=225 --diag_wrap=off --display_error_number --abi=coffabi --preproc_with_compile --preproc_dependency="src/main.d_raw" --obj_directory="src"  "../src/main.c"
Finished building: "../src/main.c"
 
Building target: "SCI_CAN_Interfaces_CPU1.out"
Invoking: C2000 Linker
"/home/ismail/ti/ccs1271/ccs/tools/compiler/ti-cgt-c2000_22.6.1.LTS/bin/cl2000" -v28 -ml -mt --cla_support=cla1 --float_support=fpu32 --tmu_support=tmu0 --vcu_support=vcu2 -Ooff --advice:performance=all --define=_STANDALONE --define=_FLASH --define=_LAUNCHXL_F28379D --define=DEBUG --define=_DUAL_HEADERS --define=CPU1 --diag_suppress=10063 --diag_warning=225 --diag_wrap=off --display_error_number --abi=coffabi -z -m"SCI_CAN_Interfaces_CPU1.map" --stack_size=0x100 --warn_sections -i"/home/ismail/ti/C2000Ware_5_02_00_00/device_support/f2837xd/common/cmd" -i"/home/ismail/ti/C2000Ware_5_02_00_00/device_support/f2837xd/headers/cmd" -i"/home/ismail/ti/ccs1271/ccs/tools/compiler/ti-cgt-c2000_22.6.1.LTS/lib" -i"/home/ismail/ti/ccs1271/ccs/tools/compiler/ti-cgt-c2000_22.6.1.LTS/include" --reread_libs --diag_wrap=off --display_error_number --xml_link_info="SCI_CAN_Interfaces_CPU1_linkInfo.xml" --entry_point=code_start --rom_model -o "SCI_CAN_Interfaces_CPU1.out" "./assembly/DCSM_Z1_ZoneSelectBlock.obj" "./assembly/DCSM_Z2_ZoneSelectBlock.obj" "./assembly/F2837xD_usDelay.obj" "./assembly/fwupgradec1toc2_start.obj" "./src/F2837xD_DefaultISR.obj" "./src/F2837xD_GlobalVariableDefs.obj" "./src/F2837xD_Gpio.obj" "./src/F2837xD_PieCtrl.obj" "./src/F2837xD_PieVect.obj" "./src/F2837xD_SysCtrl.obj" "./src/Fapi_UserDefinedFunctions.obj" "./src/SCI_Boot.obj" "./src/SCI_GetFunction.obj" "./src/Shared_Boot.obj" "./src/Shared_Erase.obj" "./src/Shared_Verify.obj" "./src/main.obj" "/home/ismail/ti/C2000Ware_5_02_00_00/libraries/flash_api/f2837xd/lib/F021_API_F2837xD_FPU32.lib" "/home/ismail/ti/C2000Ware_5_02_00_00/libraries/boot_rom/f2837xd/rev0/rom_symbol_libs/c1_ROM_API/c1bootROM_BootROMSymbols_fpu32.lib" "../linker/2837xD_FLASH_lnk_cpu1.cmd" "../linker/F2837xD_Headers_nonBIOS_cpu1.cmd" "../linker/flash_programming_cpu1tocpu2_RAM.cmd"  -l"/home/ismail/ti/ccs1271/ccs/tools/compiler/ti-cgt-c2000_22.6.1.LTS/lib/rts2800_fpu32.lib" -llibc.a 
<Linking>
 
 undefined         first referenced  
  symbol               in file       
 ---------         ----------------  
 _IPCGetBootStatus ./src/SCI_Boot.obj
 _IPCLtoRFlagBusy  ./src/SCI_Boot.obj
 _InitIpc          ./src/main.obj    
 
error #10234-D: unresolved symbols remain
error #10010: errors encountered during linking; "SCI_CAN_Interfaces_CPU1.out" not built
 
>> Compilation failure
makefile:160: recipe for target 'SCI_CAN_Interfaces_CPU1.out' failed
gmake[1]: *** [SCI_CAN_Interfaces_CPU1.out] Error 1
gmake: *** [all] Error 2
makefile:156: recipe for target 'all' failed

**** Build Finished ****

**** Build of configuration CPU1_FLASH for project SCI_CAN_Interfaces_CPU1 ****

/home/ismail/ti/ccs1271/ccs/utils/bin/gmake -k -j 4 all -O 
 
Building file: "../assembly/DCSM_Z1_ZoneSelectBlock.asm"
Invoking: C2000 Compiler
"/home/ismail/ti/ccs1271/ccs/tools/compiler/ti-cgt-c2000_22.6.1.LTS/bin/cl2000" -v28 -ml -mt --cla_support=cla1 --float_support=fpu32 --tmu_support=tmu0 --vcu_support=vcu2 -Ooff --include_path="/home/ismail/IOT-CANBus/TI/FLASH_BANK_0/SCI_CAN_Interfaces_CPU1/src" --include_path="/home/ismail/IOT-CANBus/TI/FLASH_BANK_0/SCI_CAN_Interfaces_CPU1/assembly" --include_path="/home/ismail/IOT-CANBus/TI/FLASH_BANK_0/SCI_CAN_Interfaces_CPU1/linker" --include_path="/home/ismail/IOT-CANBus/TI/FLASH_BANK_0/SCI_CAN_Interfaces_CPU1/headers" --include_path="/home/ismail/ti/C2000Ware_5_02_00_00/device_support/f2837xd/common/include" --include_path="/home/ismail/ti/C2000Ware_5_02_00_00/device_support/f2837xd/headers/include" --include_path="/home/ismail/ti/C2000Ware_5_02_00_00/libraries/flash_api/f2837xd/include/Constants" --include_path="/home/ismail/ti/C2000Ware_5_02_00_00/libraries/flash_api/f2837xd/include" --include_path="/home/ismail/IOT-CANBus/TI/FLASH_BANK_0/SCI_CAN_Interfaces_CPU1" --include_path="/home/ismail/ti/ccs1271/ccs/tools/compiler/ti-cgt-c2000_22.6.1.LTS/include" --advice:performance=all --define=_STANDALONE --define=_FLASH --define=_LAUNCHXL_F28379D --define=DEBUG --define=_DUAL_HEADERS --define=CPU1 --diag_suppress=10063 --diag_warning=225 --diag_wrap=off --display_error_number --abi=coffabi --preproc_with_compile --preproc_dependency="assembly/DCSM_Z1_ZoneSelectBlock.d_raw" --obj_directory="assembly"  "../assembly/DCSM_Z1_ZoneSelectBlock.asm"
Finished building: "../assembly/DCSM_Z1_ZoneSelectBlock.asm"
 
Building file: "../assembly/DCSM_Z2_ZoneSelectBlock.asm"
Invoking: C2000 Compiler
"/home/ismail/ti/ccs1271/ccs/tools/compiler/ti-cgt-c2000_22.6.1.LTS/bin/cl2000" -v28 -ml -mt --cla_support=cla1 --float_support=fpu32 --tmu_support=tmu0 --vcu_support=vcu2 -Ooff --include_path="/home/ismail/IOT-CANBus/TI/FLASH_BANK_0/SCI_CAN_Interfaces_CPU1/src" --include_path="/home/ismail/IOT-CANBus/TI/FLASH_BANK_0/SCI_CAN_Interfaces_CPU1/assembly" --include_path="/home/ismail/IOT-CANBus/TI/FLASH_BANK_0/SCI_CAN_Interfaces_CPU1/linker" --include_path="/home/ismail/IOT-CANBus/TI/FLASH_BANK_0/SCI_CAN_Interfaces_CPU1/headers" --include_path="/home/ismail/ti/C2000Ware_5_02_00_00/device_support/f2837xd/common/include" --include_path="/home/ismail/ti/C2000Ware_5_02_00_00/device_support/f2837xd/headers/include" --include_path="/home/ismail/ti/C2000Ware_5_02_00_00/libraries/flash_api/f2837xd/include/Constants" --include_path="/home/ismail/ti/C2000Ware_5_02_00_00/libraries/flash_api/f2837xd/include" --include_path="/home/ismail/IOT-CANBus/TI/FLASH_BANK_0/SCI_CAN_Interfaces_CPU1" --include_path="/home/ismail/ti/ccs1271/ccs/tools/compiler/ti-cgt-c2000_22.6.1.LTS/include" --advice:performance=all --define=_STANDALONE --define=_FLASH --define=_LAUNCHXL_F28379D --define=DEBUG --define=_DUAL_HEADERS --define=CPU1 --diag_suppress=10063 --diag_warning=225 --diag_wrap=off --display_error_number --abi=coffabi --preproc_with_compile --preproc_dependency="assembly/DCSM_Z2_ZoneSelectBlock.d_raw" --obj_directory="assembly"  "../assembly/DCSM_Z2_ZoneSelectBlock.asm"
Finished building: "../assembly/DCSM_Z2_ZoneSelectBlock.asm"
 
Building file: "../assembly/fwupgradec1toc2_start.asm"
Invoking: C2000 Compiler
"/home/ismail/ti/ccs1271/ccs/tools/compiler/ti-cgt-c2000_22.6.1.LTS/bin/cl2000" -v28 -ml -mt --cla_support=cla1 --float_support=fpu32 --tmu_support=tmu0 --vcu_support=vcu2 -Ooff --include_path="/home/ismail/IOT-CANBus/TI/FLASH_BANK_0/SCI_CAN_Interfaces_CPU1/src" --include_path="/home/ismail/IOT-CANBus/TI/FLASH_BANK_0/SCI_CAN_Interfaces_CPU1/assembly" --include_path="/home/ismail/IOT-CANBus/TI/FLASH_BANK_0/SCI_CAN_Interfaces_CPU1/linker" --include_path="/home/ismail/IOT-CANBus/TI/FLASH_BANK_0/SCI_CAN_Interfaces_CPU1/headers" --include_path="/home/ismail/ti/C2000Ware_5_02_00_00/device_support/f2837xd/common/include" --include_path="/home/ismail/ti/C2000Ware_5_02_00_00/device_support/f2837xd/headers/include" --include_path="/home/ismail/ti/C2000Ware_5_02_00_00/libraries/flash_api/f2837xd/include/Constants" --include_path="/home/ismail/ti/C2000Ware_5_02_00_00/libraries/flash_api/f2837xd/include" --include_path="/home/ismail/IOT-CANBus/TI/FLASH_BANK_0/SCI_CAN_Interfaces_CPU1" --include_path="/home/ismail/ti/ccs1271/ccs/tools/compiler/ti-cgt-c2000_22.6.1.LTS/include" --advice:performance=all --define=_STANDALONE --define=_FLASH --define=_LAUNCHXL_F28379D --define=DEBUG --define=_DUAL_HEADERS --define=CPU1 --diag_suppress=10063 --diag_warning=225 --diag_wrap=off --display_error_number --abi=coffabi --preproc_with_compile --preproc_dependency="assembly/fwupgradec1toc2_start.d_raw" --obj_directory="assembly"  "../assembly/fwupgradec1toc2_start.asm"
Finished building: "../assembly/fwupgradec1toc2_start.asm"
 
Building file: "../assembly/F2837xD_usDelay.asm"
Invoking: C2000 Compiler
"/home/ismail/ti/ccs1271/ccs/tools/compiler/ti-cgt-c2000_22.6.1.LTS/bin/cl2000" -v28 -ml -mt --cla_support=cla1 --float_support=fpu32 --tmu_support=tmu0 --vcu_support=vcu2 -Ooff --include_path="/home/ismail/IOT-CANBus/TI/FLASH_BANK_0/SCI_CAN_Interfaces_CPU1/src" --include_path="/home/ismail/IOT-CANBus/TI/FLASH_BANK_0/SCI_CAN_Interfaces_CPU1/assembly" --include_path="/home/ismail/IOT-CANBus/TI/FLASH_BANK_0/SCI_CAN_Interfaces_CPU1/linker" --include_path="/home/ismail/IOT-CANBus/TI/FLASH_BANK_0/SCI_CAN_Interfaces_CPU1/headers" --include_path="/home/ismail/ti/C2000Ware_5_02_00_00/device_support/f2837xd/common/include" --include_path="/home/ismail/ti/C2000Ware_5_02_00_00/device_support/f2837xd/headers/include" --include_path="/home/ismail/ti/C2000Ware_5_02_00_00/libraries/flash_api/f2837xd/include/Constants" --include_path="/home/ismail/ti/C2000Ware_5_02_00_00/libraries/flash_api/f2837xd/include" --include_path="/home/ismail/IOT-CANBus/TI/FLASH_BANK_0/SCI_CAN_Interfaces_CPU1" --include_path="/home/ismail/ti/ccs1271/ccs/tools/compiler/ti-cgt-c2000_22.6.1.LTS/include" --advice:performance=all --define=_STANDALONE --define=_FLASH --define=_LAUNCHXL_F28379D --define=DEBUG --define=_DUAL_HEADERS --define=CPU1 --diag_suppress=10063 --diag_warning=225 --diag_wrap=off --display_error_number --abi=coffabi --preproc_with_compile --preproc_dependency="assembly/F2837xD_usDelay.d_raw" --obj_directory="assembly"  "../assembly/F2837xD_usDelay.asm"
Finished building: "../assembly/F2837xD_usDelay.asm"
 
Building file: "../src/F2837xD_PieCtrl.c"
Invoking: C2000 Compiler
"/home/ismail/ti/ccs1271/ccs/tools/compiler/ti-cgt-c2000_22.6.1.LTS/bin/cl2000" -v28 -ml -mt --cla_support=cla1 --float_support=fpu32 --tmu_support=tmu0 --vcu_support=vcu2 -Ooff --include_path="/home/ismail/IOT-CANBus/TI/FLASH_BANK_0/SCI_CAN_Interfaces_CPU1/src" --include_path="/home/ismail/IOT-CANBus/TI/FLASH_BANK_0/SCI_CAN_Interfaces_CPU1/assembly" --include_path="/home/ismail/IOT-CANBus/TI/FLASH_BANK_0/SCI_CAN_Interfaces_CPU1/linker" --include_path="/home/ismail/IOT-CANBus/TI/FLASH_BANK_0/SCI_CAN_Interfaces_CPU1/headers" --include_path="/home/ismail/ti/C2000Ware_5_02_00_00/device_support/f2837xd/common/include" --include_path="/home/ismail/ti/C2000Ware_5_02_00_00/device_support/f2837xd/headers/include" --include_path="/home/ismail/ti/C2000Ware_5_02_00_00/libraries/flash_api/f2837xd/include/Constants" --include_path="/home/ismail/ti/C2000Ware_5_02_00_00/libraries/flash_api/f2837xd/include" --include_path="/home/ismail/IOT-CANBus/TI/FLASH_BANK_0/SCI_CAN_Interfaces_CPU1" --include_path="/home/ismail/ti/ccs1271/ccs/tools/compiler/ti-cgt-c2000_22.6.1.LTS/include" --advice:performance=all --define=_STANDALONE --define=_FLASH --define=_LAUNCHXL_F28379D --define=DEBUG --define=_DUAL_HEADERS --define=CPU1 --diag_suppress=10063 --diag_warning=225 --diag_wrap=off --display_error_number --abi=coffabi --preproc_with_compile --preproc_dependency="src/F2837xD_PieCtrl.d_raw" --obj_directory="src"  "../src/F2837xD_PieCtrl.c"
Finished building: "../src/F2837xD_PieCtrl.c"
 
Building file: "../src/F2837xD_DefaultISR.c"
Invoking: C2000 Compiler
"/home/ismail/ti/ccs1271/ccs/tools/compiler/ti-cgt-c2000_22.6.1.LTS/bin/cl2000" -v28 -ml -mt --cla_support=cla1 --float_support=fpu32 --tmu_support=tmu0 --vcu_support=vcu2 -Ooff --include_path="/home/ismail/IOT-CANBus/TI/FLASH_BANK_0/SCI_CAN_Interfaces_CPU1/src" --include_path="/home/ismail/IOT-CANBus/TI/FLASH_BANK_0/SCI_CAN_Interfaces_CPU1/assembly" --include_path="/home/ismail/IOT-CANBus/TI/FLASH_BANK_0/SCI_CAN_Interfaces_CPU1/linker" --include_path="/home/ismail/IOT-CANBus/TI/FLASH_BANK_0/SCI_CAN_Interfaces_CPU1/headers" --include_path="/home/ismail/ti/C2000Ware_5_02_00_00/device_support/f2837xd/common/include" --include_path="/home/ismail/ti/C2000Ware_5_02_00_00/device_support/f2837xd/headers/include" --include_path="/home/ismail/ti/C2000Ware_5_02_00_00/libraries/flash_api/f2837xd/include/Constants" --include_path="/home/ismail/ti/C2000Ware_5_02_00_00/libraries/flash_api/f2837xd/include" --include_path="/home/ismail/IOT-CANBus/TI/FLASH_BANK_0/SCI_CAN_Interfaces_CPU1" --include_path="/home/ismail/ti/ccs1271/ccs/tools/compiler/ti-cgt-c2000_22.6.1.LTS/include" --advice:performance=all --define=_STANDALONE --define=_FLASH --define=_LAUNCHXL_F28379D --define=DEBUG --define=_DUAL_HEADERS --define=CPU1 --diag_suppress=10063 --diag_warning=225 --diag_wrap=off --display_error_number --abi=coffabi --preproc_with_compile --preproc_dependency="src/F2837xD_DefaultISR.d_raw" --obj_directory="src"  "../src/F2837xD_DefaultISR.c"
Finished building: "../src/F2837xD_DefaultISR.c"
 
Building file: "../src/F2837xD_PieVect.c"
Invoking: C2000 Compiler
"/home/ismail/ti/ccs1271/ccs/tools/compiler/ti-cgt-c2000_22.6.1.LTS/bin/cl2000" -v28 -ml -mt --cla_support=cla1 --float_support=fpu32 --tmu_support=tmu0 --vcu_support=vcu2 -Ooff --include_path="/home/ismail/IOT-CANBus/TI/FLASH_BANK_0/SCI_CAN_Interfaces_CPU1/src" --include_path="/home/ismail/IOT-CANBus/TI/FLASH_BANK_0/SCI_CAN_Interfaces_CPU1/assembly" --include_path="/home/ismail/IOT-CANBus/TI/FLASH_BANK_0/SCI_CAN_Interfaces_CPU1/linker" --include_path="/home/ismail/IOT-CANBus/TI/FLASH_BANK_0/SCI_CAN_Interfaces_CPU1/headers" --include_path="/home/ismail/ti/C2000Ware_5_02_00_00/device_support/f2837xd/common/include" --include_path="/home/ismail/ti/C2000Ware_5_02_00_00/device_support/f2837xd/headers/include" --include_path="/home/ismail/ti/C2000Ware_5_02_00_00/libraries/flash_api/f2837xd/include/Constants" --include_path="/home/ismail/ti/C2000Ware_5_02_00_00/libraries/flash_api/f2837xd/include" --include_path="/home/ismail/IOT-CANBus/TI/FLASH_BANK_0/SCI_CAN_Interfaces_CPU1" --include_path="/home/ismail/ti/ccs1271/ccs/tools/compiler/ti-cgt-c2000_22.6.1.LTS/include" --advice:performance=all --define=_STANDALONE --define=_FLASH --define=_LAUNCHXL_F28379D --define=DEBUG --define=_DUAL_HEADERS --define=CPU1 --diag_suppress=10063 --diag_warning=225 --diag_wrap=off --display_error_number --abi=coffabi --preproc_with_compile --preproc_dependency="src/F2837xD_PieVect.d_raw" --obj_directory="src"  "../src/F2837xD_PieVect.c"
Finished building: "../src/F2837xD_PieVect.c"
 
Building file: "../src/Fapi_UserDefinedFunctions.c"
Invoking: C2000 Compiler
"/home/ismail/ti/ccs1271/ccs/tools/compiler/ti-cgt-c2000_22.6.1.LTS/bin/cl2000" -v28 -ml -mt --cla_support=cla1 --float_support=fpu32 --tmu_support=tmu0 --vcu_support=vcu2 -Ooff --include_path="/home/ismail/IOT-CANBus/TI/FLASH_BANK_0/SCI_CAN_Interfaces_CPU1/src" --include_path="/home/ismail/IOT-CANBus/TI/FLASH_BANK_0/SCI_CAN_Interfaces_CPU1/assembly" --include_path="/home/ismail/IOT-CANBus/TI/FLASH_BANK_0/SCI_CAN_Interfaces_CPU1/linker" --include_path="/home/ismail/IOT-CANBus/TI/FLASH_BANK_0/SCI_CAN_Interfaces_CPU1/headers" --include_path="/home/ismail/ti/C2000Ware_5_02_00_00/device_support/f2837xd/common/include" --include_path="/home/ismail/ti/C2000Ware_5_02_00_00/device_support/f2837xd/headers/include" --include_path="/home/ismail/ti/C2000Ware_5_02_00_00/libraries/flash_api/f2837xd/include/Constants" --include_path="/home/ismail/ti/C2000Ware_5_02_00_00/libraries/flash_api/f2837xd/include" --include_path="/home/ismail/IOT-CANBus/TI/FLASH_BANK_0/SCI_CAN_Interfaces_CPU1" --include_path="/home/ismail/ti/ccs1271/ccs/tools/compiler/ti-cgt-c2000_22.6.1.LTS/include" --advice:performance=all --define=_STANDALONE --define=_FLASH --define=_LAUNCHXL_F28379D --define=DEBUG --define=_DUAL_HEADERS --define=CPU1 --diag_suppress=10063 --diag_warning=225 --diag_wrap=off --display_error_number --abi=coffabi --preproc_with_compile --preproc_dependency="src/Fapi_UserDefinedFunctions.d_raw" --obj_directory="src"  "../src/Fapi_UserDefinedFunctions.c"
Finished building: "../src/Fapi_UserDefinedFunctions.c"
 
Building file: "../src/F2837xD_Gpio.c"
Invoking: C2000 Compiler
"/home/ismail/ti/ccs1271/ccs/tools/compiler/ti-cgt-c2000_22.6.1.LTS/bin/cl2000" -v28 -ml -mt --cla_support=cla1 --float_support=fpu32 --tmu_support=tmu0 --vcu_support=vcu2 -Ooff --include_path="/home/ismail/IOT-CANBus/TI/FLASH_BANK_0/SCI_CAN_Interfaces_CPU1/src" --include_path="/home/ismail/IOT-CANBus/TI/FLASH_BANK_0/SCI_CAN_Interfaces_CPU1/assembly" --include_path="/home/ismail/IOT-CANBus/TI/FLASH_BANK_0/SCI_CAN_Interfaces_CPU1/linker" --include_path="/home/ismail/IOT-CANBus/TI/FLASH_BANK_0/SCI_CAN_Interfaces_CPU1/headers" --include_path="/home/ismail/ti/C2000Ware_5_02_00_00/device_support/f2837xd/common/include" --include_path="/home/ismail/ti/C2000Ware_5_02_00_00/device_support/f2837xd/headers/include" --include_path="/home/ismail/ti/C2000Ware_5_02_00_00/libraries/flash_api/f2837xd/include/Constants" --include_path="/home/ismail/ti/C2000Ware_5_02_00_00/libraries/flash_api/f2837xd/include" --include_path="/home/ismail/IOT-CANBus/TI/FLASH_BANK_0/SCI_CAN_Interfaces_CPU1" --include_path="/home/ismail/ti/ccs1271/ccs/tools/compiler/ti-cgt-c2000_22.6.1.LTS/include" --advice:performance=all --define=_STANDALONE --define=_FLASH --define=_LAUNCHXL_F28379D --define=DEBUG --define=_DUAL_HEADERS --define=CPU1 --diag_suppress=10063 --diag_warning=225 --diag_wrap=off --display_error_number --abi=coffabi --preproc_with_compile --preproc_dependency="src/F2837xD_Gpio.d_raw" --obj_directory="src"  "../src/F2837xD_Gpio.c"
Finished building: "../src/F2837xD_Gpio.c"
 
Building file: "../src/SCI_Boot.c"
Invoking: C2000 Compiler
"/home/ismail/ti/ccs1271/ccs/tools/compiler/ti-cgt-c2000_22.6.1.LTS/bin/cl2000" -v28 -ml -mt --cla_support=cla1 --float_support=fpu32 --tmu_support=tmu0 --vcu_support=vcu2 -Ooff --include_path="/home/ismail/IOT-CANBus/TI/FLASH_BANK_0/SCI_CAN_Interfaces_CPU1/src" --include_path="/home/ismail/IOT-CANBus/TI/FLASH_BANK_0/SCI_CAN_Interfaces_CPU1/assembly" --include_path="/home/ismail/IOT-CANBus/TI/FLASH_BANK_0/SCI_CAN_Interfaces_CPU1/linker" --include_path="/home/ismail/IOT-CANBus/TI/FLASH_BANK_0/SCI_CAN_Interfaces_CPU1/headers" --include_path="/home/ismail/ti/C2000Ware_5_02_00_00/device_support/f2837xd/common/include" --include_path="/home/ismail/ti/C2000Ware_5_02_00_00/device_support/f2837xd/headers/include" --include_path="/home/ismail/ti/C2000Ware_5_02_00_00/libraries/flash_api/f2837xd/include/Constants" --include_path="/home/ismail/ti/C2000Ware_5_02_00_00/libraries/flash_api/f2837xd/include" --include_path="/home/ismail/IOT-CANBus/TI/FLASH_BANK_0/SCI_CAN_Interfaces_CPU1" --include_path="/home/ismail/ti/ccs1271/ccs/tools/compiler/ti-cgt-c2000_22.6.1.LTS/include" --advice:performance=all --define=_STANDALONE --define=_FLASH --define=_LAUNCHXL_F28379D --define=DEBUG --define=_DUAL_HEADERS --define=CPU1 --diag_suppress=10063 --diag_warning=225 --diag_wrap=off --display_error_number --abi=coffabi --preproc_with_compile --preproc_dependency="src/SCI_Boot.d_raw" --obj_directory="src"  "../src/SCI_Boot.c"
Finished building: "../src/SCI_Boot.c"
 
Building file: "../src/F2837xD_SysCtrl.c"
Invoking: C2000 Compiler
"/home/ismail/ti/ccs1271/ccs/tools/compiler/ti-cgt-c2000_22.6.1.LTS/bin/cl2000" -v28 -ml -mt --cla_support=cla1 --float_support=fpu32 --tmu_support=tmu0 --vcu_support=vcu2 -Ooff --include_path="/home/ismail/IOT-CANBus/TI/FLASH_BANK_0/SCI_CAN_Interfaces_CPU1/src" --include_path="/home/ismail/IOT-CANBus/TI/FLASH_BANK_0/SCI_CAN_Interfaces_CPU1/assembly" --include_path="/home/ismail/IOT-CANBus/TI/FLASH_BANK_0/SCI_CAN_Interfaces_CPU1/linker" --include_path="/home/ismail/IOT-CANBus/TI/FLASH_BANK_0/SCI_CAN_Interfaces_CPU1/headers" --include_path="/home/ismail/ti/C2000Ware_5_02_00_00/device_support/f2837xd/common/include" --include_path="/home/ismail/ti/C2000Ware_5_02_00_00/device_support/f2837xd/headers/include" --include_path="/home/ismail/ti/C2000Ware_5_02_00_00/libraries/flash_api/f2837xd/include/Constants" --include_path="/home/ismail/ti/C2000Ware_5_02_00_00/libraries/flash_api/f2837xd/include" --include_path="/home/ismail/IOT-CANBus/TI/FLASH_BANK_0/SCI_CAN_Interfaces_CPU1" --include_path="/home/ismail/ti/ccs1271/ccs/tools/compiler/ti-cgt-c2000_22.6.1.LTS/include" --advice:performance=all --define=_STANDALONE --define=_FLASH --define=_LAUNCHXL_F28379D --define=DEBUG --define=_DUAL_HEADERS --define=CPU1 --diag_suppress=10063 --diag_warning=225 --diag_wrap=off --display_error_number --abi=coffabi --preproc_with_compile --preproc_dependency="src/F2837xD_SysCtrl.d_raw" --obj_directory="src"  "../src/F2837xD_SysCtrl.c"
"../src/F2837xD_SysCtrl.c", line 837 (col. 47): advice #2614-D: (Performance) Use --fp_mode=relaxed to enable TMU hardware support for FP division.
Finished building: "../src/F2837xD_SysCtrl.c"
 
Building file: "../src/Shared_Erase.c"
Invoking: C2000 Compiler
"/home/ismail/ti/ccs1271/ccs/tools/compiler/ti-cgt-c2000_22.6.1.LTS/bin/cl2000" -v28 -ml -mt --cla_support=cla1 --float_support=fpu32 --tmu_support=tmu0 --vcu_support=vcu2 -Ooff --include_path="/home/ismail/IOT-CANBus/TI/FLASH_BANK_0/SCI_CAN_Interfaces_CPU1/src" --include_path="/home/ismail/IOT-CANBus/TI/FLASH_BANK_0/SCI_CAN_Interfaces_CPU1/assembly" --include_path="/home/ismail/IOT-CANBus/TI/FLASH_BANK_0/SCI_CAN_Interfaces_CPU1/linker" --include_path="/home/ismail/IOT-CANBus/TI/FLASH_BANK_0/SCI_CAN_Interfaces_CPU1/headers" --include_path="/home/ismail/ti/C2000Ware_5_02_00_00/device_support/f2837xd/common/include" --include_path="/home/ismail/ti/C2000Ware_5_02_00_00/device_support/f2837xd/headers/include" --include_path="/home/ismail/ti/C2000Ware_5_02_00_00/libraries/flash_api/f2837xd/include/Constants" --include_path="/home/ismail/ti/C2000Ware_5_02_00_00/libraries/flash_api/f2837xd/include" --include_path="/home/ismail/IOT-CANBus/TI/FLASH_BANK_0/SCI_CAN_Interfaces_CPU1" --include_path="/home/ismail/ti/ccs1271/ccs/tools/compiler/ti-cgt-c2000_22.6.1.LTS/include" --advice:performance=all --define=_STANDALONE --define=_FLASH --define=_LAUNCHXL_F28379D --define=DEBUG --define=_DUAL_HEADERS --define=CPU1 --diag_suppress=10063 --diag_warning=225 --diag_wrap=off --display_error_number --abi=coffabi --preproc_with_compile --preproc_dependency="src/Shared_Erase.d_raw" --obj_directory="src"  "../src/Shared_Erase.c"
Finished building: "../src/Shared_Erase.c"
 
Building file: "../src/SCI_GetFunction.c"
Invoking: C2000 Compiler
"/home/ismail/ti/ccs1271/ccs/tools/compiler/ti-cgt-c2000_22.6.1.LTS/bin/cl2000" -v28 -ml -mt --cla_support=cla1 --float_support=fpu32 --tmu_support=tmu0 --vcu_support=vcu2 -Ooff --include_path="/home/ismail/IOT-CANBus/TI/FLASH_BANK_0/SCI_CAN_Interfaces_CPU1/src" --include_path="/home/ismail/IOT-CANBus/TI/FLASH_BANK_0/SCI_CAN_Interfaces_CPU1/assembly" --include_path="/home/ismail/IOT-CANBus/TI/FLASH_BANK_0/SCI_CAN_Interfaces_CPU1/linker" --include_path="/home/ismail/IOT-CANBus/TI/FLASH_BANK_0/SCI_CAN_Interfaces_CPU1/headers" --include_path="/home/ismail/ti/C2000Ware_5_02_00_00/device_support/f2837xd/common/include" --include_path="/home/ismail/ti/C2000Ware_5_02_00_00/device_support/f2837xd/headers/include" --include_path="/home/ismail/ti/C2000Ware_5_02_00_00/libraries/flash_api/f2837xd/include/Constants" --include_path="/home/ismail/ti/C2000Ware_5_02_00_00/libraries/flash_api/f2837xd/include" --include_path="/home/ismail/IOT-CANBus/TI/FLASH_BANK_0/SCI_CAN_Interfaces_CPU1" --include_path="/home/ismail/ti/ccs1271/ccs/tools/compiler/ti-cgt-c2000_22.6.1.LTS/include" --advice:performance=all --define=_STANDALONE --define=_FLASH --define=_LAUNCHXL_F28379D --define=DEBUG --define=_DUAL_HEADERS --define=CPU1 --diag_suppress=10063 --diag_warning=225 --diag_wrap=off --display_error_number --abi=coffabi --preproc_with_compile --preproc_dependency="src/SCI_GetFunction.d_raw" --obj_directory="src"  "../src/SCI_GetFunction.c"
Finished building: "../src/SCI_GetFunction.c"
 
Building file: "../src/Shared_Verify.c"
Invoking: C2000 Compiler
"/home/ismail/ti/ccs1271/ccs/tools/compiler/ti-cgt-c2000_22.6.1.LTS/bin/cl2000" -v28 -ml -mt --cla_support=cla1 --float_support=fpu32 --tmu_support=tmu0 --vcu_support=vcu2 -Ooff --include_path="/home/ismail/IOT-CANBus/TI/FLASH_BANK_0/SCI_CAN_Interfaces_CPU1/src" --include_path="/home/ismail/IOT-CANBus/TI/FLASH_BANK_0/SCI_CAN_Interfaces_CPU1/assembly" --include_path="/home/ismail/IOT-CANBus/TI/FLASH_BANK_0/SCI_CAN_Interfaces_CPU1/linker" --include_path="/home/ismail/IOT-CANBus/TI/FLASH_BANK_0/SCI_CAN_Interfaces_CPU1/headers" --include_path="/home/ismail/ti/C2000Ware_5_02_00_00/device_support/f2837xd/common/include" --include_path="/home/ismail/ti/C2000Ware_5_02_00_00/device_support/f2837xd/headers/include" --include_path="/home/ismail/ti/C2000Ware_5_02_00_00/libraries/flash_api/f2837xd/include/Constants" --include_path="/home/ismail/ti/C2000Ware_5_02_00_00/libraries/flash_api/f2837xd/include" --include_path="/home/ismail/IOT-CANBus/TI/FLASH_BANK_0/SCI_CAN_Interfaces_CPU1" --include_path="/home/ismail/ti/ccs1271/ccs/tools/compiler/ti-cgt-c2000_22.6.1.LTS/include" --advice:performance=all --define=_STANDALONE --define=_FLASH --define=_LAUNCHXL_F28379D --define=DEBUG --define=_DUAL_HEADERS --define=CPU1 --diag_suppress=10063 --diag_warning=225 --diag_wrap=off --display_error_number --abi=coffabi --preproc_with_compile --preproc_dependency="src/Shared_Verify.d_raw" --obj_directory="src"  "../src/Shared_Verify.c"
Finished building: "../src/Shared_Verify.c"
 
Building file: "../src/F2837xD_GlobalVariableDefs.c"
Invoking: C2000 Compiler
"/home/ismail/ti/ccs1271/ccs/tools/compiler/ti-cgt-c2000_22.6.1.LTS/bin/cl2000" -v28 -ml -mt --cla_support=cla1 --float_support=fpu32 --tmu_support=tmu0 --vcu_support=vcu2 -Ooff --include_path="/home/ismail/IOT-CANBus/TI/FLASH_BANK_0/SCI_CAN_Interfaces_CPU1/src" --include_path="/home/ismail/IOT-CANBus/TI/FLASH_BANK_0/SCI_CAN_Interfaces_CPU1/assembly" --include_path="/home/ismail/IOT-CANBus/TI/FLASH_BANK_0/SCI_CAN_Interfaces_CPU1/linker" --include_path="/home/ismail/IOT-CANBus/TI/FLASH_BANK_0/SCI_CAN_Interfaces_CPU1/headers" --include_path="/home/ismail/ti/C2000Ware_5_02_00_00/device_support/f2837xd/common/include" --include_path="/home/ismail/ti/C2000Ware_5_02_00_00/device_support/f2837xd/headers/include" --include_path="/home/ismail/ti/C2000Ware_5_02_00_00/libraries/flash_api/f2837xd/include/Constants" --include_path="/home/ismail/ti/C2000Ware_5_02_00_00/libraries/flash_api/f2837xd/include" --include_path="/home/ismail/IOT-CANBus/TI/FLASH_BANK_0/SCI_CAN_Interfaces_CPU1" --include_path="/home/ismail/ti/ccs1271/ccs/tools/compiler/ti-cgt-c2000_22.6.1.LTS/include" --advice:performance=all --define=_STANDALONE --define=_FLASH --define=_LAUNCHXL_F28379D --define=DEBUG --define=_DUAL_HEADERS --define=CPU1 --diag_suppress=10063 --diag_warning=225 --diag_wrap=off --display_error_number --abi=coffabi --preproc_with_compile --preproc_dependency="src/F2837xD_GlobalVariableDefs.d_raw" --obj_directory="src"  "../src/F2837xD_GlobalVariableDefs.c"
Finished building: "../src/F2837xD_GlobalVariableDefs.c"
 
Building file: "../src/Shared_Boot.c"
Invoking: C2000 Compiler
"/home/ismail/ti/ccs1271/ccs/tools/compiler/ti-cgt-c2000_22.6.1.LTS/bin/cl2000" -v28 -ml -mt --cla_support=cla1 --float_support=fpu32 --tmu_support=tmu0 --vcu_support=vcu2 -Ooff --include_path="/home/ismail/IOT-CANBus/TI/FLASH_BANK_0/SCI_CAN_Interfaces_CPU1/src" --include_path="/home/ismail/IOT-CANBus/TI/FLASH_BANK_0/SCI_CAN_Interfaces_CPU1/assembly" --include_path="/home/ismail/IOT-CANBus/TI/FLASH_BANK_0/SCI_CAN_Interfaces_CPU1/linker" --include_path="/home/ismail/IOT-CANBus/TI/FLASH_BANK_0/SCI_CAN_Interfaces_CPU1/headers" --include_path="/home/ismail/ti/C2000Ware_5_02_00_00/device_support/f2837xd/common/include" --include_path="/home/ismail/ti/C2000Ware_5_02_00_00/device_support/f2837xd/headers/include" --include_path="/home/ismail/ti/C2000Ware_5_02_00_00/libraries/flash_api/f2837xd/include/Constants" --include_path="/home/ismail/ti/C2000Ware_5_02_00_00/libraries/flash_api/f2837xd/include" --include_path="/home/ismail/IOT-CANBus/TI/FLASH_BANK_0/SCI_CAN_Interfaces_CPU1" --include_path="/home/ismail/ti/ccs1271/ccs/tools/compiler/ti-cgt-c2000_22.6.1.LTS/include" --advice:performance=all --define=_STANDALONE --define=_FLASH --define=_LAUNCHXL_F28379D --define=DEBUG --define=_DUAL_HEADERS --define=CPU1 --diag_suppress=10063 --diag_warning=225 --diag_wrap=off --display_error_number --abi=coffabi --preproc_with_compile --preproc_dependency="src/Shared_Boot.d_raw" --obj_directory="src"  "../src/Shared_Boot.c"
Finished building: "../src/Shared_Boot.c"
 
Building file: "../src/main.c"
Invoking: C2000 Compiler
"/home/ismail/ti/ccs1271/ccs/tools/compiler/ti-cgt-c2000_22.6.1.LTS/bin/cl2000" -v28 -ml -mt --cla_support=cla1 --float_support=fpu32 --tmu_support=tmu0 --vcu_support=vcu2 -Ooff --include_path="/home/ismail/IOT-CANBus/TI/FLASH_BANK_0/SCI_CAN_Interfaces_CPU1/src" --include_path="/home/ismail/IOT-CANBus/TI/FLASH_BANK_0/SCI_CAN_Interfaces_CPU1/assembly" --include_path="/home/ismail/IOT-CANBus/TI/FLASH_BANK_0/SCI_CAN_Interfaces_CPU1/linker" --include_path="/home/ismail/IOT-CANBus/TI/FLASH_BANK_0/SCI_CAN_Interfaces_CPU1/headers" --include_path="/home/ismail/ti/C2000Ware_5_02_00_00/device_support/f2837xd/common/include" --include_path="/home/ismail/ti/C2000Ware_5_02_00_00/device_support/f2837xd/headers/include" --include_path="/home/ismail/ti/C2000Ware_5_02_00_00/libraries/flash_api/f2837xd/include/Constants" --include_path="/home/ismail/ti/C2000Ware_5_02_00_00/libraries/flash_api/f2837xd/include" --include_path="/home/ismail/IOT-CANBus/TI/FLASH_BANK_0/SCI_CAN_Interfaces_CPU1" --include_path="/home/ismail/ti/ccs1271/ccs/tools/compiler/ti-cgt-c2000_22.6.1.LTS/include" --advice:performance=all --define=_STANDALONE --define=_FLASH --define=_LAUNCHXL_F28379D --define=DEBUG --define=_DUAL_HEADERS --define=CPU1 --diag_suppress=10063 --diag_warning=225 --diag_wrap=off --display_error_number --abi=coffabi --preproc_with_compile --preproc_dependency="src/main.d_raw" --obj_directory="src"  "../src/main.c"
Finished building: "../src/main.c"
 
Building target: "SCI_CAN_Interfaces_CPU1.out"
Invoking: C2000 Linker
"/home/ismail/ti/ccs1271/ccs/tools/compiler/ti-cgt-c2000_22.6.1.LTS/bin/cl2000" -v28 -ml -mt --cla_support=cla1 --float_support=fpu32 --tmu_support=tmu0 --vcu_support=vcu2 -Ooff --advice:performance=all --define=_STANDALONE --define=_FLASH --define=_LAUNCHXL_F28379D --define=DEBUG --define=_DUAL_HEADERS --define=CPU1 --diag_suppress=10063 --diag_warning=225 --diag_wrap=off --display_error_number --abi=coffabi -z -m"SCI_CAN_Interfaces_CPU1.map" --stack_size=0x100 --warn_sections -i"/home/ismail/ti/C2000Ware_5_02_00_00/device_support/f2837xd/common/cmd" -i"/home/ismail/ti/C2000Ware_5_02_00_00/device_support/f2837xd/headers/cmd" -i"/home/ismail/ti/ccs1271/ccs/tools/compiler/ti-cgt-c2000_22.6.1.LTS/lib" -i"/home/ismail/ti/ccs1271/ccs/tools/compiler/ti-cgt-c2000_22.6.1.LTS/include" --reread_libs --diag_wrap=off --display_error_number --xml_link_info="SCI_CAN_Interfaces_CPU1_linkInfo.xml" --entry_point=code_start --rom_model -o "SCI_CAN_Interfaces_CPU1.out" "./assembly/DCSM_Z1_ZoneSelectBlock.obj" "./assembly/DCSM_Z2_ZoneSelectBlock.obj" "./assembly/F2837xD_usDelay.obj" "./assembly/fwupgradec1toc2_start.obj" "./src/F2837xD_DefaultISR.obj" "./src/F2837xD_GlobalVariableDefs.obj" "./src/F2837xD_Gpio.obj" "./src/F2837xD_PieCtrl.obj" "./src/F2837xD_PieVect.obj" "./src/F2837xD_SysCtrl.obj" "./src/Fapi_UserDefinedFunctions.obj" "./src/SCI_Boot.obj" "./src/SCI_GetFunction.obj" "./src/Shared_Boot.obj" "./src/Shared_Erase.obj" "./src/Shared_Verify.obj" "./src/main.obj" "/home/ismail/ti/C2000Ware_5_02_00_00/libraries/flash_api/f2837xd/lib/F021_API_F2837xD_FPU32.lib" "/home/ismail/ti/C2000Ware_5_02_00_00/libraries/boot_rom/f2837xd/rev0/rom_symbol_libs/c1_ROM_API/c1bootROM_BootROMSymbols_fpu32.lib" "../linker/2837xD_FLASH_lnk_cpu1.cmd" "../linker/F2837xD_Headers_nonBIOS_cpu1.cmd" "../linker/flash_programming_cpu1tocpu2_RAM.cmd"  -l"/home/ismail/ti/ccs1271/ccs/tools/compiler/ti-cgt-c2000_22.6.1.LTS/lib/rts2800_fpu32.lib" -llibc.a 
<Linking>
 
 undefined         first referenced  
  symbol               in file       
 ---------         ----------------  
 _IPCGetBootStatus ./src/SCI_Boot.obj
 _IPCLtoRFlagBusy  ./src/SCI_Boot.obj
 _InitIpc          ./src/main.obj    
 
error #10234-D: unresolved symbols remain
error #10010: errors encountered during linking; "SCI_CAN_Interfaces_CPU1.out" not built
 
>> Compilation failure
makefile:160: recipe for target 'SCI_CAN_Interfaces_CPU1.out' failed
gmake[1]: *** [SCI_CAN_Interfaces_CPU1.out] Error 1
makefile:156: recipe for target 'all' failed
gmake: *** [all] Error 2

**** Build Finished ****

**** Build of configuration CPU1_FLASH for project SCI_CAN_Interfaces_CPU1 ****

/home/ismail/ti/ccs1271/ccs/utils/bin/gmake -k -j 4 all -O 
 
Building file: "/home/ismail/IOT-CANBus/TI/FLASH_BANK_0/SCI_CAN_Interfaces_CPU1/src/Shared_Verify.c"
Invoking: C2000 Compiler
"/home/ismail/ti/ccs1271/ccs/tools/compiler/ti-cgt-c2000_22.6.1.LTS/bin/cl2000" -v28 -ml -mt --cla_support=cla1 --float_support=fpu32 --tmu_support=tmu0 --vcu_support=vcu2 -Ooff --include_path="/home/ismail/IOT-CANBus/TI/FLASH_BANK_0/SCI_CAN_Interfaces_CPU1/src" --include_path="/home/ismail/IOT-CANBus/TI/FLASH_BANK_0/SCI_CAN_Interfaces_CPU1/assembly" --include_path="/home/ismail/IOT-CANBus/TI/FLASH_BANK_0/SCI_CAN_Interfaces_CPU1/linker" --include_path="/home/ismail/IOT-CANBus/TI/FLASH_BANK_0/SCI_CAN_Interfaces_CPU1/headers" --include_path="/home/ismail/ti/C2000Ware_5_02_00_00/device_support/f2837xd/common/include" --include_path="/home/ismail/ti/C2000Ware_5_02_00_00/device_support/f2837xd/headers/include" --include_path="/home/ismail/ti/C2000Ware_5_02_00_00/libraries/flash_api/f2837xd/include/Constants" --include_path="/home/ismail/ti/C2000Ware_5_02_00_00/libraries/flash_api/f2837xd/include" --include_path="/home/ismail/IOT-CANBus/TI/FLASH_BANK_0/SCI_CAN_Interfaces_CPU1" --include_path="/home/ismail/ti/ccs1271/ccs/tools/compiler/ti-cgt-c2000_22.6.1.LTS/include" --advice:performance=all --define=_STANDALONE --define=_FLASH --define=_LAUNCHXL_F28379D --define=DEBUG --define=_DUAL_HEADERS --define=CPU1 --diag_suppress=10063 --diag_warning=225 --diag_wrap=off --display_error_number --abi=coffabi --preproc_with_compile --preproc_dependency="Shared_Verify.d_raw" --obj_directory="src"  "/home/ismail/IOT-CANBus/TI/FLASH_BANK_0/SCI_CAN_Interfaces_CPU1/src/Shared_Verify.c"
Finished building: "/home/ismail/IOT-CANBus/TI/FLASH_BANK_0/SCI_CAN_Interfaces_CPU1/src/Shared_Verify.c"
 
Building target: "SCI_CAN_Interfaces_CPU1.out"
Invoking: C2000 Linker
"/home/ismail/ti/ccs1271/ccs/tools/compiler/ti-cgt-c2000_22.6.1.LTS/bin/cl2000" -v28 -ml -mt --cla_support=cla1 --float_support=fpu32 --tmu_support=tmu0 --vcu_support=vcu2 -Ooff --advice:performance=all --define=_STANDALONE --define=_FLASH --define=_LAUNCHXL_F28379D --define=DEBUG --define=_DUAL_HEADERS --define=CPU1 --diag_suppress=10063 --diag_warning=225 --diag_wrap=off --display_error_number --abi=coffabi -z -m"SCI_CAN_Interfaces_CPU1.map" --stack_size=0x100 --warn_sections -i"/home/ismail/ti/C2000Ware_5_02_00_00/device_support/f2837xd/common/cmd" -i"/home/ismail/ti/C2000Ware_5_02_00_00/device_support/f2837xd/headers/cmd" -i"/home/ismail/ti/ccs1271/ccs/tools/compiler/ti-cgt-c2000_22.6.1.LTS/lib" -i"/home/ismail/ti/ccs1271/ccs/tools/compiler/ti-cgt-c2000_22.6.1.LTS/include" --reread_libs --diag_wrap=off --display_error_number --xml_link_info="SCI_CAN_Interfaces_CPU1_linkInfo.xml" --entry_point=code_start --rom_model -o "SCI_CAN_Interfaces_CPU1.out" "./src/Shared_Verify.obj" "./assembly/DCSM_Z1_ZoneSelectBlock.obj" "./assembly/DCSM_Z2_ZoneSelectBlock.obj" "./assembly/F2837xD_usDelay.obj" "./assembly/fwupgradec1toc2_start.obj" "./src/F2837xD_DefaultISR.obj" "./src/F2837xD_GlobalVariableDefs.obj" "./src/F2837xD_Gpio.obj" "./src/F2837xD_PieCtrl.obj" "./src/F2837xD_PieVect.obj" "./src/F2837xD_SysCtrl.obj" "./src/Fapi_UserDefinedFunctions.obj" "./src/SCI_Boot.obj" "./src/SCI_GetFunction.obj" "./src/Shared_Boot.obj" "./src/Shared_Erase.obj" "./src/main.obj" "/home/ismail/ti/C2000Ware_5_02_00_00/libraries/flash_api/f2837xd/lib/F021_API_F2837xD_FPU32.lib" "/home/ismail/ti/C2000Ware_5_02_00_00/libraries/boot_rom/f2837xd/rev0/rom_symbol_libs/c1_ROM_API/c1bootROM_BootROMSymbols_fpu32.lib" "../linker/2837xD_FLASH_lnk_cpu1.cmd" "../linker/F2837xD_Headers_nonBIOS_cpu1.cmd" "../linker/flash_programming_cpu1tocpu2_RAM.cmd"  -l"/home/ismail/ti/ccs1271/ccs/tools/compiler/ti-cgt-c2000_22.6.1.LTS/lib/rts2800_fpu32.lib" -llibc.a 
<Linking>
 
 undefined         first referenced  
  symbol               in file       
 ---------         ----------------  
 _IPCGetBootStatus ./src/SCI_Boot.obj
 _IPCLtoRFlagBusy  ./src/SCI_Boot.obj
 _InitIpc          ./src/main.obj    
 
error #10234-D: unresolved symbols remain
error #10010: errors encountered during linking; "SCI_CAN_Interfaces_CPU1.out" not built
 
>> Compilation failure
makefile:160: recipe for target 'SCI_CAN_Interfaces_CPU1.out' failed
gmake[1]: *** [SCI_CAN_Interfaces_CPU1.out] Error 1
gmake: *** [all] Error 2
makefile:156: recipe for target 'all' failed

**** Build Finished ****

**** Build of configuration CPU1_FLASH for project SCI_CAN_Interfaces_CPU1 ****

/home/ismail/ti/ccs1271/ccs/utils/bin/gmake -k -j 4 all -O 
 
Building file: "/home/ismail/IOT-CANBus/TI/FLASH_BANK_0/SCI_CAN_Interfaces_CPU1/src/Shared_Erase.c"
Invoking: C2000 Compiler
"/home/ismail/ti/ccs1271/ccs/tools/compiler/ti-cgt-c2000_22.6.1.LTS/bin/cl2000" -v28 -ml -mt --cla_support=cla1 --float_support=fpu32 --tmu_support=tmu0 --vcu_support=vcu2 -Ooff --include_path="/home/ismail/IOT-CANBus/TI/FLASH_BANK_0/SCI_CAN_Interfaces_CPU1/src" --include_path="/home/ismail/IOT-CANBus/TI/FLASH_BANK_0/SCI_CAN_Interfaces_CPU1/assembly" --include_path="/home/ismail/IOT-CANBus/TI/FLASH_BANK_0/SCI_CAN_Interfaces_CPU1/linker" --include_path="/home/ismail/IOT-CANBus/TI/FLASH_BANK_0/SCI_CAN_Interfaces_CPU1/headers" --include_path="/home/ismail/ti/C2000Ware_5_02_00_00/device_support/f2837xd/common/include" --include_path="/home/ismail/ti/C2000Ware_5_02_00_00/device_support/f2837xd/headers/include" --include_path="/home/ismail/ti/C2000Ware_5_02_00_00/libraries/flash_api/f2837xd/include/Constants" --include_path="/home/ismail/ti/C2000Ware_5_02_00_00/libraries/flash_api/f2837xd/include" --include_path="/home/ismail/IOT-CANBus/TI/FLASH_BANK_0/SCI_CAN_Interfaces_CPU1" --include_path="/home/ismail/ti/ccs1271/ccs/tools/compiler/ti-cgt-c2000_22.6.1.LTS/include" --advice:performance=all --define=_STANDALONE --define=_FLASH --define=_LAUNCHXL_F28379D --define=DEBUG --define=_DUAL_HEADERS --define=CPU1 --diag_suppress=10063 --diag_warning=225 --diag_wrap=off --display_error_number --abi=coffabi --preproc_with_compile --preproc_dependency="Shared_Erase.d_raw" --obj_directory="src"  "/home/ismail/IOT-CANBus/TI/FLASH_BANK_0/SCI_CAN_Interfaces_CPU1/src/Shared_Erase.c"
Finished building: "/home/ismail/IOT-CANBus/TI/FLASH_BANK_0/SCI_CAN_Interfaces_CPU1/src/Shared_Erase.c"
 
Building target: "SCI_CAN_Interfaces_CPU1.out"
Invoking: C2000 Linker
"/home/ismail/ti/ccs1271/ccs/tools/compiler/ti-cgt-c2000_22.6.1.LTS/bin/cl2000" -v28 -ml -mt --cla_support=cla1 --float_support=fpu32 --tmu_support=tmu0 --vcu_support=vcu2 -Ooff --advice:performance=all --define=_STANDALONE --define=_FLASH --define=_LAUNCHXL_F28379D --define=DEBUG --define=_DUAL_HEADERS --define=CPU1 --diag_suppress=10063 --diag_warning=225 --diag_wrap=off --display_error_number --abi=coffabi -z -m"SCI_CAN_Interfaces_CPU1.map" --stack_size=0x100 --warn_sections -i"/home/ismail/ti/C2000Ware_5_02_00_00/device_support/f2837xd/common/cmd" -i"/home/ismail/ti/C2000Ware_5_02_00_00/device_support/f2837xd/headers/cmd" -i"/home/ismail/ti/ccs1271/ccs/tools/compiler/ti-cgt-c2000_22.6.1.LTS/lib" -i"/home/ismail/ti/ccs1271/ccs/tools/compiler/ti-cgt-c2000_22.6.1.LTS/include" --reread_libs --diag_wrap=off --display_error_number --xml_link_info="SCI_CAN_Interfaces_CPU1_linkInfo.xml" --entry_point=code_start --rom_model -o "SCI_CAN_Interfaces_CPU1.out" "./src/Shared_Erase.obj" "./src/Shared_Verify.obj" "./assembly/DCSM_Z1_ZoneSelectBlock.obj" "./assembly/DCSM_Z2_ZoneSelectBlock.obj" "./assembly/F2837xD_usDelay.obj" "./assembly/fwupgradec1toc2_start.obj" "./src/F2837xD_DefaultISR.obj" "./src/F2837xD_GlobalVariableDefs.obj" "./src/F2837xD_Gpio.obj" "./src/F2837xD_PieCtrl.obj" "./src/F2837xD_PieVect.obj" "./src/F2837xD_SysCtrl.obj" "./src/Fapi_UserDefinedFunctions.obj" "./src/SCI_Boot.obj" "./src/SCI_GetFunction.obj" "./src/Shared_Boot.obj" "./src/main.obj" "/home/ismail/ti/C2000Ware_5_02_00_00/libraries/flash_api/f2837xd/lib/F021_API_F2837xD_FPU32.lib" "/home/ismail/ti/C2000Ware_5_02_00_00/libraries/boot_rom/f2837xd/rev0/rom_symbol_libs/c1_ROM_API/c1bootROM_BootROMSymbols_fpu32.lib" "../linker/2837xD_FLASH_lnk_cpu1.cmd" "../linker/F2837xD_Headers_nonBIOS_cpu1.cmd" "../linker/flash_programming_cpu1tocpu2_RAM.cmd"  -l"/home/ismail/ti/ccs1271/ccs/tools/compiler/ti-cgt-c2000_22.6.1.LTS/lib/rts2800_fpu32.lib" -llibc.a 
<Linking>
 
 undefined         first referenced  
  symbol               in file       
 ---------         ----------------  
 _IPCGetBootStatus ./src/SCI_Boot.obj
 _IPCLtoRFlagBusy  ./src/SCI_Boot.obj
 _InitIpc          ./src/main.obj    
 
error #10234-D: unresolved symbols remain
error #10010: errors encountered during linking; "SCI_CAN_Interfaces_CPU1.out" not built
 
>> Compilation failure
makefile:160: recipe for target 'SCI_CAN_Interfaces_CPU1.out' failed
gmake[1]: *** [SCI_CAN_Interfaces_CPU1.out] Error 1
gmake: *** [all] Error 2
makefile:156: recipe for target 'all' failed

**** Build Finished ****

**** Build of configuration CPU1_FLASH for project SCI_CAN_Interfaces_CPU1 ****

/home/ismail/ti/ccs1271/ccs/utils/bin/gmake -k -j 4 all -O 
 
Building target: "SCI_CAN_Interfaces_CPU1.out"
Invoking: C2000 Linker
"/home/ismail/ti/ccs1271/ccs/tools/compiler/ti-cgt-c2000_22.6.1.LTS/bin/cl2000" -v28 -ml -mt --cla_support=cla1 --float_support=fpu32 --tmu_support=tmu0 --vcu_support=vcu2 -Ooff --advice:performance=all --define=_STANDALONE --define=_FLASH --define=_LAUNCHXL_F28379D --define=DEBUG --define=_DUAL_HEADERS --define=CPU1 --diag_suppress=10063 --diag_warning=225 --diag_wrap=off --display_error_number --abi=coffabi -z -m"SCI_CAN_Interfaces_CPU1.map" --stack_size=0x100 --warn_sections -i"/home/ismail/ti/C2000Ware_5_02_00_00/device_support/f2837xd/common/cmd" -i"/home/ismail/ti/C2000Ware_5_02_00_00/device_support/f2837xd/headers/cmd" -i"/home/ismail/ti/ccs1271/ccs/tools/compiler/ti-cgt-c2000_22.6.1.LTS/lib" -i"/home/ismail/ti/ccs1271/ccs/tools/compiler/ti-cgt-c2000_22.6.1.LTS/include" --reread_libs --diag_wrap=off --display_error_number --xml_link_info="SCI_CAN_Interfaces_CPU1_linkInfo.xml" --entry_point=code_start --rom_model -o "SCI_CAN_Interfaces_CPU1.out" "./src/Shared_Erase.obj" "./src/Shared_Verify.obj" "./assembly/DCSM_Z1_ZoneSelectBlock.obj" "./assembly/DCSM_Z2_ZoneSelectBlock.obj" "./assembly/F2837xD_usDelay.obj" "./assembly/fwupgradec1toc2_start.obj" "./src/F2837xD_DefaultISR.obj" "./src/F2837xD_GlobalVariableDefs.obj" "./src/F2837xD_Gpio.obj" "./src/F2837xD_PieCtrl.obj" "./src/F2837xD_PieVect.obj" "./src/F2837xD_SysCtrl.obj" "./src/Fapi_UserDefinedFunctions.obj" "./src/SCI_Boot.obj" "./src/SCI_GetFunction.obj" "./src/Shared_Boot.obj" "./src/main.obj" "/home/ismail/ti/C2000Ware_5_02_00_00/libraries/flash_api/f2837xd/lib/F021_API_F2837xD_FPU32.lib" "/home/ismail/ti/C2000Ware_5_02_00_00/libraries/boot_rom/f2837xd/rev0/rom_symbol_libs/c1_ROM_API/c1bootROM_BootROMSymbols_fpu32.lib" "../linker/2837xD_FLASH_lnk_cpu1.cmd" "../linker/F2837xD_Headers_nonBIOS_cpu1.cmd" "../linker/flash_programming_cpu1tocpu2_RAM.cmd"  -l"/home/ismail/ti/ccs1271/ccs/tools/compiler/ti-cgt-c2000_22.6.1.LTS/lib/rts2800_fpu32.lib" -llibc.a 
<Linking>
 
 undefined         first referenced  
  symbol               in file       
 ---------         ----------------  
 _IPCGetBootStatus ./src/SCI_Boot.obj
 _IPCLtoRFlagBusy  ./src/SCI_Boot.obj
 _InitIpc          ./src/main.obj    
 
error #10234-D: unresolved symbols remain
error #10010: errors encountered during linking; "SCI_CAN_Interfaces_CPU1.out" not built
 
>> Compilation failure
makefile:160: recipe for target 'SCI_CAN_Interfaces_CPU1.out' failed
gmake[1]: *** [SCI_CAN_Interfaces_CPU1.out] Error 1
gmake: *** [all] Error 2
makefile:156: recipe for target 'all' failed

**** Build Finished ****

**** Build of configuration CPU1_FLASH for project SCI_CAN_Interfaces_CPU1 ****

/home/ismail/ti/ccs1271/ccs/utils/bin/gmake -k -j 4 all -O 
 
Building file: "/home/ismail/IOT-CANBus/TI/FLASH_BANK_0/SCI_CAN_Interfaces_CPU1/src/Shared_Boot.c"
Invoking: C2000 Compiler
"/home/ismail/ti/ccs1271/ccs/tools/compiler/ti-cgt-c2000_22.6.1.LTS/bin/cl2000" -v28 -ml -mt --cla_support=cla1 --float_support=fpu32 --tmu_support=tmu0 --vcu_support=vcu2 -Ooff --include_path="/home/ismail/IOT-CANBus/TI/FLASH_BANK_0/SCI_CAN_Interfaces_CPU1/src" --include_path="/home/ismail/IOT-CANBus/TI/FLASH_BANK_0/SCI_CAN_Interfaces_CPU1/assembly" --include_path="/home/ismail/IOT-CANBus/TI/FLASH_BANK_0/SCI_CAN_Interfaces_CPU1/linker" --include_path="/home/ismail/IOT-CANBus/TI/FLASH_BANK_0/SCI_CAN_Interfaces_CPU1/headers" --include_path="/home/ismail/ti/C2000Ware_5_02_00_00/device_support/f2837xd/common/include" --include_path="/home/ismail/ti/C2000Ware_5_02_00_00/device_support/f2837xd/headers/include" --include_path="/home/ismail/ti/C2000Ware_5_02_00_00/libraries/flash_api/f2837xd/include/Constants" --include_path="/home/ismail/ti/C2000Ware_5_02_00_00/libraries/flash_api/f2837xd/include" --include_path="/home/ismail/IOT-CANBus/TI/FLASH_BANK_0/SCI_CAN_Interfaces_CPU1" --include_path="/home/ismail/ti/ccs1271/ccs/tools/compiler/ti-cgt-c2000_22.6.1.LTS/include" --advice:performance=all --define=_STANDALONE --define=_FLASH --define=_LAUNCHXL_F28379D --define=DEBUG --define=_DUAL_HEADERS --define=CPU1 --diag_suppress=10063 --diag_warning=225 --diag_wrap=off --display_error_number --abi=coffabi --preproc_with_compile --preproc_dependency="Shared_Boot.d_raw" --obj_directory="src"  "/home/ismail/IOT-CANBus/TI/FLASH_BANK_0/SCI_CAN_Interfaces_CPU1/src/Shared_Boot.c"
Finished building: "/home/ismail/IOT-CANBus/TI/FLASH_BANK_0/SCI_CAN_Interfaces_CPU1/src/Shared_Boot.c"
 
Building target: "SCI_CAN_Interfaces_CPU1.out"
Invoking: C2000 Linker
"/home/ismail/ti/ccs1271/ccs/tools/compiler/ti-cgt-c2000_22.6.1.LTS/bin/cl2000" -v28 -ml -mt --cla_support=cla1 --float_support=fpu32 --tmu_support=tmu0 --vcu_support=vcu2 -Ooff --advice:performance=all --define=_STANDALONE --define=_FLASH --define=_LAUNCHXL_F28379D --define=DEBUG --define=_DUAL_HEADERS --define=CPU1 --diag_suppress=10063 --diag_warning=225 --diag_wrap=off --display_error_number --abi=coffabi -z -m"SCI_CAN_Interfaces_CPU1.map" --stack_size=0x100 --warn_sections -i"/home/ismail/ti/C2000Ware_5_02_00_00/device_support/f2837xd/common/cmd" -i"/home/ismail/ti/C2000Ware_5_02_00_00/device_support/f2837xd/headers/cmd" -i"/home/ismail/ti/ccs1271/ccs/tools/compiler/ti-cgt-c2000_22.6.1.LTS/lib" -i"/home/ismail/ti/ccs1271/ccs/tools/compiler/ti-cgt-c2000_22.6.1.LTS/include" --reread_libs --diag_wrap=off --display_error_number --xml_link_info="SCI_CAN_Interfaces_CPU1_linkInfo.xml" --entry_point=code_start --rom_model -o "SCI_CAN_Interfaces_CPU1.out" "./src/Shared_Boot.obj" "./src/Shared_Erase.obj" "./src/Shared_Verify.obj" "./assembly/DCSM_Z1_ZoneSelectBlock.obj" "./assembly/DCSM_Z2_ZoneSelectBlock.obj" "./assembly/F2837xD_usDelay.obj" "./assembly/fwupgradec1toc2_start.obj" "./src/F2837xD_DefaultISR.obj" "./src/F2837xD_GlobalVariableDefs.obj" "./src/F2837xD_Gpio.obj" "./src/F2837xD_PieCtrl.obj" "./src/F2837xD_PieVect.obj" "./src/F2837xD_SysCtrl.obj" "./src/Fapi_UserDefinedFunctions.obj" "./src/SCI_Boot.obj" "./src/SCI_GetFunction.obj" "./src/main.obj" "/home/ismail/ti/C2000Ware_5_02_00_00/libraries/flash_api/f2837xd/lib/F021_API_F2837xD_FPU32.lib" "/home/ismail/ti/C2000Ware_5_02_00_00/libraries/boot_rom/f2837xd/rev0/rom_symbol_libs/c1_ROM_API/c1bootROM_BootROMSymbols_fpu32.lib" "../linker/2837xD_FLASH_lnk_cpu1.cmd" "../linker/F2837xD_Headers_nonBIOS_cpu1.cmd" "../linker/flash_programming_cpu1tocpu2_RAM.cmd"  -l"/home/ismail/ti/ccs1271/ccs/tools/compiler/ti-cgt-c2000_22.6.1.LTS/lib/rts2800_fpu32.lib" -llibc.a 
<Linking>
 
 undefined         first referenced  
  symbol               in file       
 ---------         ----------------  
 _IPCGetBootStatus ./src/SCI_Boot.obj
 _IPCLtoRFlagBusy  ./src/SCI_Boot.obj
 _InitIpc          ./src/main.obj    
 
error #10234-D: unresolved symbols remain
error #10010: errors encountered during linking; "SCI_CAN_Interfaces_CPU1.out" not built
 
>> Compilation failure
makefile:160: recipe for target 'SCI_CAN_Interfaces_CPU1.out' failed
gmake[1]: *** [SCI_CAN_Interfaces_CPU1.out] Error 1
gmake: *** [all] Error 2
makefile:156: recipe for target 'all' failed

**** Build Finished ****

**** Build of configuration CPU1_FLASH for project SCI_CAN_Interfaces_CPU1 ****

/home/ismail/ti/ccs1271/ccs/utils/bin/gmake -k -j 4 all -O 
 
Building file: "/home/ismail/IOT-CANBus/TI/FLASH_BANK_0/SCI_CAN_Interfaces_CPU1/src/SCI_GetFunction.c"
Invoking: C2000 Compiler
"/home/ismail/ti/ccs1271/ccs/tools/compiler/ti-cgt-c2000_22.6.1.LTS/bin/cl2000" -v28 -ml -mt --cla_support=cla1 --float_support=fpu32 --tmu_support=tmu0 --vcu_support=vcu2 -Ooff --include_path="/home/ismail/IOT-CANBus/TI/FLASH_BANK_0/SCI_CAN_Interfaces_CPU1/src" --include_path="/home/ismail/IOT-CANBus/TI/FLASH_BANK_0/SCI_CAN_Interfaces_CPU1/assembly" --include_path="/home/ismail/IOT-CANBus/TI/FLASH_BANK_0/SCI_CAN_Interfaces_CPU1/linker" --include_path="/home/ismail/IOT-CANBus/TI/FLASH_BANK_0/SCI_CAN_Interfaces_CPU1/headers" --include_path="/home/ismail/ti/C2000Ware_5_02_00_00/device_support/f2837xd/common/include" --include_path="/home/ismail/ti/C2000Ware_5_02_00_00/device_support/f2837xd/headers/include" --include_path="/home/ismail/ti/C2000Ware_5_02_00_00/libraries/flash_api/f2837xd/include/Constants" --include_path="/home/ismail/ti/C2000Ware_5_02_00_00/libraries/flash_api/f2837xd/include" --include_path="/home/ismail/IOT-CANBus/TI/FLASH_BANK_0/SCI_CAN_Interfaces_CPU1" --include_path="/home/ismail/ti/ccs1271/ccs/tools/compiler/ti-cgt-c2000_22.6.1.LTS/include" --advice:performance=all --define=_STANDALONE --define=_FLASH --define=_LAUNCHXL_F28379D --define=DEBUG --define=_DUAL_HEADERS --define=CPU1 --diag_suppress=10063 --diag_warning=225 --diag_wrap=off --display_error_number --abi=coffabi --preproc_with_compile --preproc_dependency="SCI_GetFunction.d_raw" --obj_directory="src"  "/home/ismail/IOT-CANBus/TI/FLASH_BANK_0/SCI_CAN_Interfaces_CPU1/src/SCI_GetFunction.c"
Finished building: "/home/ismail/IOT-CANBus/TI/FLASH_BANK_0/SCI_CAN_Interfaces_CPU1/src/SCI_GetFunction.c"
 
Building target: "SCI_CAN_Interfaces_CPU1.out"
Invoking: C2000 Linker
"/home/ismail/ti/ccs1271/ccs/tools/compiler/ti-cgt-c2000_22.6.1.LTS/bin/cl2000" -v28 -ml -mt --cla_support=cla1 --float_support=fpu32 --tmu_support=tmu0 --vcu_support=vcu2 -Ooff --advice:performance=all --define=_STANDALONE --define=_FLASH --define=_LAUNCHXL_F28379D --define=DEBUG --define=_DUAL_HEADERS --define=CPU1 --diag_suppress=10063 --diag_warning=225 --diag_wrap=off --display_error_number --abi=coffabi -z -m"SCI_CAN_Interfaces_CPU1.map" --stack_size=0x100 --warn_sections -i"/home/ismail/ti/C2000Ware_5_02_00_00/device_support/f2837xd/common/cmd" -i"/home/ismail/ti/C2000Ware_5_02_00_00/device_support/f2837xd/headers/cmd" -i"/home/ismail/ti/ccs1271/ccs/tools/compiler/ti-cgt-c2000_22.6.1.LTS/lib" -i"/home/ismail/ti/ccs1271/ccs/tools/compiler/ti-cgt-c2000_22.6.1.LTS/include" --reread_libs --diag_wrap=off --display_error_number --xml_link_info="SCI_CAN_Interfaces_CPU1_linkInfo.xml" --entry_point=code_start --rom_model -o "SCI_CAN_Interfaces_CPU1.out" "./src/SCI_GetFunction.obj" "./src/Shared_Boot.obj" "./src/Shared_Erase.obj" "./src/Shared_Verify.obj" "./assembly/DCSM_Z1_ZoneSelectBlock.obj" "./assembly/DCSM_Z2_ZoneSelectBlock.obj" "./assembly/F2837xD_usDelay.obj" "./assembly/fwupgradec1toc2_start.obj" "./src/F2837xD_DefaultISR.obj" "./src/F2837xD_GlobalVariableDefs.obj" "./src/F2837xD_Gpio.obj" "./src/F2837xD_PieCtrl.obj" "./src/F2837xD_PieVect.obj" "./src/F2837xD_SysCtrl.obj" "./src/Fapi_UserDefinedFunctions.obj" "./src/SCI_Boot.obj" "./src/main.obj" "/home/ismail/ti/C2000Ware_5_02_00_00/libraries/flash_api/f2837xd/lib/F021_API_F2837xD_FPU32.lib" "/home/ismail/ti/C2000Ware_5_02_00_00/libraries/boot_rom/f2837xd/rev0/rom_symbol_libs/c1_ROM_API/c1bootROM_BootROMSymbols_fpu32.lib" "../linker/2837xD_FLASH_lnk_cpu1.cmd" "../linker/F2837xD_Headers_nonBIOS_cpu1.cmd" "../linker/flash_programming_cpu1tocpu2_RAM.cmd"  -l"/home/ismail/ti/ccs1271/ccs/tools/compiler/ti-cgt-c2000_22.6.1.LTS/lib/rts2800_fpu32.lib" -llibc.a 
<Linking>
 
 undefined         first referenced  
  symbol               in file       
 ---------         ----------------  
 _IPCGetBootStatus ./src/SCI_Boot.obj
 _IPCLtoRFlagBusy  ./src/SCI_Boot.obj
 _InitIpc          ./src/main.obj    
 
error #10234-D: unresolved symbols remain
error #10010: errors encountered during linking; "SCI_CAN_Interfaces_CPU1.out" not built
 
>> Compilation failure
makefile:160: recipe for target 'SCI_CAN_Interfaces_CPU1.out' failed
gmake[1]: *** [SCI_CAN_Interfaces_CPU1.out] Error 1
gmake: *** [all] Error 2
makefile:156: recipe for target 'all' failed

**** Build Finished ****

**** Build of configuration CPU1_FLASH for project SCI_CAN_Interfaces_CPU1 ****

/home/ismail/ti/ccs1271/ccs/utils/bin/gmake -k -j 4 all -O 
 
Building target: "SCI_CAN_Interfaces_CPU1.out"
Invoking: C2000 Linker
"/home/ismail/ti/ccs1271/ccs/tools/compiler/ti-cgt-c2000_22.6.1.LTS/bin/cl2000" -v28 -ml -mt --cla_support=cla1 --float_support=fpu32 --tmu_support=tmu0 --vcu_support=vcu2 -Ooff --advice:performance=all --define=_STANDALONE --define=_FLASH --define=_LAUNCHXL_F28379D --define=DEBUG --define=_DUAL_HEADERS --define=CPU1 --diag_suppress=10063 --diag_warning=225 --diag_wrap=off --display_error_number --abi=coffabi -z -m"SCI_CAN_Interfaces_CPU1.map" --stack_size=0x100 --warn_sections -i"/home/ismail/ti/C2000Ware_5_02_00_00/device_support/f2837xd/common/cmd" -i"/home/ismail/ti/C2000Ware_5_02_00_00/device_support/f2837xd/headers/cmd" -i"/home/ismail/ti/ccs1271/ccs/tools/compiler/ti-cgt-c2000_22.6.1.LTS/lib" -i"/home/ismail/ti/ccs1271/ccs/tools/compiler/ti-cgt-c2000_22.6.1.LTS/include" --reread_libs --diag_wrap=off --display_error_number --xml_link_info="SCI_CAN_Interfaces_CPU1_linkInfo.xml" --entry_point=code_start --rom_model -o "SCI_CAN_Interfaces_CPU1.out" "./src/SCI_GetFunction.obj" "./src/Shared_Boot.obj" "./src/Shared_Erase.obj" "./src/Shared_Verify.obj" "./assembly/DCSM_Z1_ZoneSelectBlock.obj" "./assembly/DCSM_Z2_ZoneSelectBlock.obj" "./assembly/F2837xD_usDelay.obj" "./assembly/fwupgradec1toc2_start.obj" "./src/F2837xD_DefaultISR.obj" "./src/F2837xD_GlobalVariableDefs.obj" "./src/F2837xD_Gpio.obj" "./src/F2837xD_PieCtrl.obj" "./src/F2837xD_PieVect.obj" "./src/F2837xD_SysCtrl.obj" "./src/Fapi_UserDefinedFunctions.obj" "./src/SCI_Boot.obj" "./src/main.obj" "/home/ismail/ti/C2000Ware_5_02_00_00/libraries/flash_api/f2837xd/lib/F021_API_F2837xD_FPU32.lib" "/home/ismail/ti/C2000Ware_5_02_00_00/libraries/boot_rom/f2837xd/rev0/rom_symbol_libs/c1_ROM_API/c1bootROM_BootROMSymbols_fpu32.lib" "../linker/2837xD_FLASH_lnk_cpu1.cmd" "../linker/F2837xD_Headers_nonBIOS_cpu1.cmd" "../linker/flash_programming_cpu1tocpu2_RAM.cmd"  -l"/home/ismail/ti/ccs1271/ccs/tools/compiler/ti-cgt-c2000_22.6.1.LTS/lib/rts2800_fpu32.lib" -llibc.a 
<Linking>
 
 undefined         first referenced  
  symbol               in file       
 ---------         ----------------  
 _IPCGetBootStatus ./src/SCI_Boot.obj
 _IPCLtoRFlagBusy  ./src/SCI_Boot.obj
 _InitIpc          ./src/main.obj    
 
error #10234-D: unresolved symbols remain
error #10010: errors encountered during linking; "SCI_CAN_Interfaces_CPU1.out" not built
 
>> Compilation failure
makefile:160: recipe for target 'SCI_CAN_Interfaces_CPU1.out' failed
gmake[1]: *** [SCI_CAN_Interfaces_CPU1.out] Error 1
gmake: *** [all] Error 2
makefile:156: recipe for target 'all' failed

**** Build Finished ****

**** Build of configuration CPU1_FLASH for project SCI_CAN_Interfaces_CPU1 ****

/home/ismail/ti/ccs1271/ccs/utils/bin/gmake -k -j 4 all -O 
 
Building target: "SCI_CAN_Interfaces_CPU1.out"
Invoking: C2000 Linker
"/home/ismail/ti/ccs1271/ccs/tools/compiler/ti-cgt-c2000_22.6.1.LTS/bin/cl2000" -v28 -ml -mt --cla_support=cla1 --float_support=fpu32 --tmu_support=tmu0 --vcu_support=vcu2 -Ooff --advice:performance=all --define=_STANDALONE --define=_FLASH --define=_LAUNCHXL_F28379D --define=DEBUG --define=_DUAL_HEADERS --define=CPU1 --diag_suppress=10063 --diag_warning=225 --diag_wrap=off --display_error_number --abi=coffabi -z -m"SCI_CAN_Interfaces_CPU1.map" --stack_size=0x100 --warn_sections -i"/home/ismail/ti/C2000Ware_5_02_00_00/device_support/f2837xd/common/cmd" -i"/home/ismail/ti/C2000Ware_5_02_00_00/device_support/f2837xd/headers/cmd" -i"/home/ismail/ti/ccs1271/ccs/tools/compiler/ti-cgt-c2000_22.6.1.LTS/lib" -i"/home/ismail/ti/ccs1271/ccs/tools/compiler/ti-cgt-c2000_22.6.1.LTS/include" --reread_libs --diag_wrap=off --display_error_number --xml_link_info="SCI_CAN_Interfaces_CPU1_linkInfo.xml" --entry_point=code_start --rom_model -o "SCI_CAN_Interfaces_CPU1.out" "./src/SCI_GetFunction.obj" "./src/Shared_Boot.obj" "./src/Shared_Erase.obj" "./src/Shared_Verify.obj" "./assembly/DCSM_Z1_ZoneSelectBlock.obj" "./assembly/DCSM_Z2_ZoneSelectBlock.obj" "./assembly/F2837xD_usDelay.obj" "./assembly/fwupgradec1toc2_start.obj" "./src/F2837xD_DefaultISR.obj" "./src/F2837xD_GlobalVariableDefs.obj" "./src/F2837xD_Gpio.obj" "./src/F2837xD_PieCtrl.obj" "./src/F2837xD_PieVect.obj" "./src/F2837xD_SysCtrl.obj" "./src/Fapi_UserDefinedFunctions.obj" "./src/SCI_Boot.obj" "./src/main.obj" "/home/ismail/ti/C2000Ware_5_02_00_00/libraries/flash_api/f2837xd/lib/F021_API_F2837xD_FPU32.lib" "/home/ismail/ti/C2000Ware_5_02_00_00/libraries/boot_rom/f2837xd/rev0/rom_symbol_libs/c1_ROM_API/c1bootROM_BootROMSymbols_fpu32.lib" "../linker/2837xD_FLASH_lnk_cpu1.cmd" "../linker/F2837xD_Headers_nonBIOS_cpu1.cmd" "../linker/flash_programming_cpu1tocpu2_RAM.cmd"  -l"/home/ismail/ti/ccs1271/ccs/tools/compiler/ti-cgt-c2000_22.6.1.LTS/lib/rts2800_fpu32.lib" -llibc.a 
<Linking>
 
 undefined         first referenced  
  symbol               in file       
 ---------         ----------------  
 _IPCGetBootStatus ./src/SCI_Boot.obj
 _IPCLtoRFlagBusy  ./src/SCI_Boot.obj
 _InitIpc          ./src/main.obj    
 
error #10234-D: unresolved symbols remain
error #10010: errors encountered during linking; "SCI_CAN_Interfaces_CPU1.out" not built
 
>> Compilation failure
makefile:160: recipe for target 'SCI_CAN_Interfaces_CPU1.out' failed
gmake[1]: *** [SCI_CAN_Interfaces_CPU1.out] Error 1
gmake: *** [all] Error 2
makefile:156: recipe for target 'all' failed

**** Build Finished ****

**** Build of configuration CPU1_FLASH for project SCI_CAN_Interfaces_CPU1 ****

/home/ismail/ti/ccs1271/ccs/utils/bin/gmake -k -j 4 all -O 
 
Building target: "SCI_CAN_Interfaces_CPU1.out"
Invoking: C2000 Linker
"/home/ismail/ti/ccs1271/ccs/tools/compiler/ti-cgt-c2000_22.6.1.LTS/bin/cl2000" -v28 -ml -mt --cla_support=cla1 --float_support=fpu32 --tmu_support=tmu0 --vcu_support=vcu2 -Ooff --advice:performance=all --define=_STANDALONE --define=_FLASH --define=_LAUNCHXL_F28379D --define=DEBUG --define=_DUAL_HEADERS --define=CPU1 --diag_suppress=10063 --diag_warning=225 --diag_wrap=off --display_error_number --abi=coffabi -z -m"SCI_CAN_Interfaces_CPU1.map" --stack_size=0x100 --warn_sections -i"/home/ismail/ti/C2000Ware_5_02_00_00/device_support/f2837xd/common/cmd" -i"/home/ismail/ti/C2000Ware_5_02_00_00/device_support/f2837xd/headers/cmd" -i"/home/ismail/ti/ccs1271/ccs/tools/compiler/ti-cgt-c2000_22.6.1.LTS/lib" -i"/home/ismail/ti/ccs1271/ccs/tools/compiler/ti-cgt-c2000_22.6.1.LTS/include" --reread_libs --diag_wrap=off --display_error_number --xml_link_info="SCI_CAN_Interfaces_CPU1_linkInfo.xml" --entry_point=code_start --rom_model -o "SCI_CAN_Interfaces_CPU1.out" "./src/SCI_GetFunction.obj" "./src/Shared_Boot.obj" "./src/Shared_Erase.obj" "./src/Shared_Verify.obj" "./assembly/DCSM_Z1_ZoneSelectBlock.obj" "./assembly/DCSM_Z2_ZoneSelectBlock.obj" "./assembly/F2837xD_usDelay.obj" "./assembly/fwupgradec1toc2_start.obj" "./src/F2837xD_DefaultISR.obj" "./src/F2837xD_GlobalVariableDefs.obj" "./src/F2837xD_Gpio.obj" "./src/F2837xD_PieCtrl.obj" "./src/F2837xD_PieVect.obj" "./src/F2837xD_SysCtrl.obj" "./src/Fapi_UserDefinedFunctions.obj" "./src/SCI_Boot.obj" "./src/main.obj" "/home/ismail/ti/C2000Ware_5_02_00_00/libraries/flash_api/f2837xd/lib/F021_API_F2837xD_FPU32.lib" "/home/ismail/ti/C2000Ware_5_02_00_00/libraries/boot_rom/f2837xd/rev0/rom_symbol_libs/c1_ROM_API/c1bootROM_BootROMSymbols_fpu32.lib" "../linker/2837xD_FLASH_lnk_cpu1.cmd" "../linker/F2837xD_Headers_nonBIOS_cpu1.cmd" "../linker/flash_programming_cpu1tocpu2_RAM.cmd"  -l"/home/ismail/ti/ccs1271/ccs/tools/compiler/ti-cgt-c2000_22.6.1.LTS/lib/rts2800_fpu32.lib" -llibc.a 
<Linking>
 
 undefined         first referenced  
  symbol               in file       
 ---------         ----------------  
 _IPCGetBootStatus ./src/SCI_Boot.obj
 _IPCLtoRFlagBusy  ./src/SCI_Boot.obj
 _InitIpc          ./src/main.obj    
 
error #10234-D: unresolved symbols remain
error #10010: errors encountered during linking; "SCI_CAN_Interfaces_CPU1.out" not built
 
>> Compilation failure
makefile:160: recipe for target 'SCI_CAN_Interfaces_CPU1.out' failed
gmake[1]: *** [SCI_CAN_Interfaces_CPU1.out] Error 1
gmake: *** [all] Error 2
makefile:156: recipe for target 'all' failed

**** Build Finished ****

**** Build of configuration CPU1_FLASH for project SCI_CAN_Interfaces_CPU1 ****

/home/ismail/ti/ccs1271/ccs/utils/bin/gmake -k -j 4 all -O 
 
Building target: "SCI_CAN_Interfaces_CPU1.out"
Invoking: C2000 Linker
"/home/ismail/ti/ccs1271/ccs/tools/compiler/ti-cgt-c2000_22.6.1.LTS/bin/cl2000" -v28 -ml -mt --cla_support=cla1 --float_support=fpu32 --tmu_support=tmu0 --vcu_support=vcu2 -Ooff --advice:performance=all --define=_STANDALONE --define=_FLASH --define=_LAUNCHXL_F28379D --define=DEBUG --define=_DUAL_HEADERS --define=CPU1 --diag_suppress=10063 --diag_warning=225 --diag_wrap=off --display_error_number --abi=coffabi -z -m"SCI_CAN_Interfaces_CPU1.map" --stack_size=0x100 --warn_sections -i"/home/ismail/ti/C2000Ware_5_02_00_00/device_support/f2837xd/common/cmd" -i"/home/ismail/ti/C2000Ware_5_02_00_00/device_support/f2837xd/headers/cmd" -i"/home/ismail/ti/ccs1271/ccs/tools/compiler/ti-cgt-c2000_22.6.1.LTS/lib" -i"/home/ismail/ti/ccs1271/ccs/tools/compiler/ti-cgt-c2000_22.6.1.LTS/include" --reread_libs --diag_wrap=off --display_error_number --xml_link_info="SCI_CAN_Interfaces_CPU1_linkInfo.xml" --entry_point=code_start --rom_model -o "SCI_CAN_Interfaces_CPU1.out" "./assembly/DCSM_Z1_ZoneSelectBlock.obj" "./assembly/DCSM_Z2_ZoneSelectBlock.obj" "./assembly/F2837xD_usDelay.obj" "./assembly/fwupgradec1toc2_start.obj" "./src/F2837xD_DefaultISR.obj" "./src/F2837xD_GlobalVariableDefs.obj" "./src/F2837xD_Gpio.obj" "./src/F2837xD_PieCtrl.obj" "./src/F2837xD_PieVect.obj" "./src/F2837xD_SysCtrl.obj" "./src/Fapi_UserDefinedFunctions.obj" "./src/SCI_Boot.obj" "./src/SCI_GetFunction.obj" "./src/Shared_Boot.obj" "./src/Shared_Erase.obj" "./src/Shared_Verify.obj" "./src/main.obj" "/home/ismail/ti/C2000Ware_5_02_00_00/libraries/flash_api/f2837xd/lib/F021_API_F2837xD_FPU32.lib" "/home/ismail/ti/C2000Ware_5_02_00_00/libraries/boot_rom/f2837xd/rev0/rom_symbol_libs/c1_ROM_API/c1bootROM_BootROMSymbols_fpu32.lib" "../linker/2837xD_FLASH_lnk_cpu1.cmd" "../linker/F2837xD_Headers_nonBIOS_cpu1.cmd" "../linker/flash_programming_cpu1tocpu2_RAM.cmd"  -l"/home/ismail/ti/ccs1271/ccs/tools/compiler/ti-cgt-c2000_22.6.1.LTS/lib/rts2800_fpu32.lib" -llibc.a 
<Linking>
 
 undefined         first referenced  
  symbol               in file       
 ---------         ----------------  
 _IPCGetBootStatus ./src/SCI_Boot.obj
 _IPCLtoRFlagBusy  ./src/SCI_Boot.obj
 _InitIpc          ./src/main.obj    
 
error #10234-D: unresolved symbols remain
error #10010: errors encountered during linking; "SCI_CAN_Interfaces_CPU1.out" not built
 
>> Compilation failure
makefile:160: recipe for target 'SCI_CAN_Interfaces_CPU1.out' failed
makefile:156: recipe for target 'all' failed
gmake[1]: *** [SCI_CAN_Interfaces_CPU1.out] Error 1
gmake: *** [all] Error 2

**** Build Finished ****

**** Build of configuration CPU1_FLASH for project SCI_CAN_Interfaces_CPU1 ****

/home/ismail/ti/ccs1271/ccs/utils/bin/gmake -k -j 4 all -O 
 
Building target: "SCI_CAN_Interfaces_CPU1.out"
Invoking: C2000 Linker
"/home/ismail/ti/ccs1271/ccs/tools/compiler/ti-cgt-c2000_22.6.1.LTS/bin/cl2000" -v28 -ml -mt --cla_support=cla1 --float_support=fpu32 --tmu_support=tmu0 --vcu_support=vcu2 -Ooff --advice:performance=all --define=_STANDALONE --define=_FLASH --define=_LAUNCHXL_F28379D --define=DEBUG --define=_DUAL_HEADERS --define=CPU1 --diag_suppress=10063 --diag_warning=225 --diag_wrap=off --display_error_number --abi=coffabi -z -m"SCI_CAN_Interfaces_CPU1.map" --stack_size=0x100 --warn_sections -i"/home/ismail/ti/C2000Ware_5_02_00_00/device_support/f2837xd/common/cmd" -i"/home/ismail/ti/C2000Ware_5_02_00_00/device_support/f2837xd/headers/cmd" -i"/home/ismail/ti/ccs1271/ccs/tools/compiler/ti-cgt-c2000_22.6.1.LTS/lib" -i"/home/ismail/ti/ccs1271/ccs/tools/compiler/ti-cgt-c2000_22.6.1.LTS/include" --reread_libs --diag_wrap=off --display_error_number --xml_link_info="SCI_CAN_Interfaces_CPU1_linkInfo.xml" --entry_point=code_start --rom_model -o "SCI_CAN_Interfaces_CPU1.out" "./assembly/DCSM_Z1_ZoneSelectBlock.obj" "./assembly/DCSM_Z2_ZoneSelectBlock.obj" "./assembly/F2837xD_usDelay.obj" "./assembly/fwupgradec1toc2_start.obj" "./src/F2837xD_DefaultISR.obj" "./src/F2837xD_GlobalVariableDefs.obj" "./src/F2837xD_Gpio.obj" "./src/F2837xD_PieCtrl.obj" "./src/F2837xD_PieVect.obj" "./src/F2837xD_SysCtrl.obj" "./src/Fapi_UserDefinedFunctions.obj" "./src/SCI_Boot.obj" "./src/SCI_GetFunction.obj" "./src/Shared_Boot.obj" "./src/Shared_Erase.obj" "./src/Shared_Verify.obj" "./src/main.obj" "/home/ismail/ti/C2000Ware_5_02_00_00/libraries/flash_api/f2837xd/lib/F021_API_F2837xD_FPU32.lib" "/home/ismail/ti/C2000Ware_5_02_00_00/libraries/boot_rom/f2837xd/rev0/rom_symbol_libs/c1_ROM_API/c1bootROM_BootROMSymbols_fpu32.lib" "../linker/2837xD_FLASH_lnk_cpu1.cmd" "../linker/F2837xD_Headers_nonBIOS_cpu1.cmd" "../linker/flash_programming_cpu1tocpu2_RAM.cmd"  -l"/home/ismail/ti/ccs1271/ccs/tools/compiler/ti-cgt-c2000_22.6.1.LTS/lib/rts2800_fpu32.lib" -llibc.a 
<Linking>
 
 undefined         first referenced  
  symbol               in file       
 ---------         ----------------  
 _IPCGetBootStatus ./src/SCI_Boot.obj
 _IPCLtoRFlagBusy  ./src/SCI_Boot.obj
 _InitIpc          ./src/main.obj    
 
error #10234-D: unresolved symbols remain
error #10010: errors encountered during linking; "SCI_CAN_Interfaces_CPU1.out" not built
 
>> Compilation failure
makefile:160: recipe for target 'SCI_CAN_Interfaces_CPU1.out' failed
gmake[1]: *** [SCI_CAN_Interfaces_CPU1.out] Error 1
gmake: *** [all] Error 2
makefile:156: recipe for target 'all' failed

**** Build Finished ****

**** Clean-only build of configuration CPU1_FLASH for project SCI_CAN_Interfaces_CPU1 ****

/home/ismail/ti/ccs1271/ccs/utils/bin/gmake -k -j 4 clean -O 
 
rm -rf  "SCI_CAN_Interfaces_CPU1.out" 
rm -rf "assembly/DCSM_Z1_ZoneSelectBlock.obj" "assembly/DCSM_Z2_ZoneSelectBlock.obj" "assembly/F2837xD_usDelay.obj" "assembly/fwupgradec1toc2_start.obj" "src/F2837xD_DefaultISR.obj" "src/F2837xD_GlobalVariableDefs.obj" "src/F2837xD_Gpio.obj" "src/F2837xD_PieCtrl.obj" "src/F2837xD_PieVect.obj" "src/F2837xD_SysCtrl.obj" "src/Fapi_UserDefinedFunctions.obj" "src/SCI_Boot.obj" "src/SCI_GetFunction.obj" "src/Shared_Boot.obj" "src/Shared_Erase.obj" "src/Shared_Verify.obj" "src/main.obj" 
rm -rf "src/F2837xD_DefaultISR.d" "src/F2837xD_GlobalVariableDefs.d" "src/F2837xD_Gpio.d" "src/F2837xD_PieCtrl.d" "src/F2837xD_PieVect.d" "src/F2837xD_SysCtrl.d" "src/Fapi_UserDefinedFunctions.d" "src/SCI_Boot.d" "src/SCI_GetFunction.d" "src/Shared_Boot.d" "src/Shared_Erase.d" "src/Shared_Verify.d" "src/main.d" 
rm -rf "assembly/DCSM_Z1_ZoneSelectBlock.d" "assembly/DCSM_Z2_ZoneSelectBlock.d" "assembly/F2837xD_usDelay.d" "assembly/fwupgradec1toc2_start.d" 
Finished clean
 

**** Build Finished ****

**** Build of configuration CPU1_FLASH for project SCI_CAN_Interfaces_CPU1 ****

/home/ismail/ti/ccs1271/ccs/utils/bin/gmake -k -j 4 all -O 
 
Building file: "../assembly/DCSM_Z1_ZoneSelectBlock.asm"
Invoking: C2000 Compiler
"/home/ismail/ti/ccs1271/ccs/tools/compiler/ti-cgt-c2000_22.6.1.LTS/bin/cl2000" -v28 -ml -mt --cla_support=cla1 --float_support=fpu32 --tmu_support=tmu0 --vcu_support=vcu2 -Ooff --include_path="/home/ismail/IOT-CANBus/TI/FLASH_BANK_0/SCI_CAN_Interfaces_CPU1/src" --include_path="/home/ismail/IOT-CANBus/TI/FLASH_BANK_0/SCI_CAN_Interfaces_CPU1/assembly" --include_path="/home/ismail/IOT-CANBus/TI/FLASH_BANK_0/SCI_CAN_Interfaces_CPU1/linker" --include_path="/home/ismail/IOT-CANBus/TI/FLASH_BANK_0/SCI_CAN_Interfaces_CPU1/headers" --include_path="/home/ismail/ti/C2000Ware_5_02_00_00/device_support/f2837xd/common/include" --include_path="/home/ismail/ti/C2000Ware_5_02_00_00/device_support/f2837xd/headers/include" --include_path="/home/ismail/ti/C2000Ware_5_02_00_00/libraries/flash_api/f2837xd/include/Constants" --include_path="/home/ismail/ti/C2000Ware_5_02_00_00/libraries/flash_api/f2837xd/include" --include_path="/home/ismail/IOT-CANBus/TI/FLASH_BANK_0/SCI_CAN_Interfaces_CPU1" --include_path="/home/ismail/ti/ccs1271/ccs/tools/compiler/ti-cgt-c2000_22.6.1.LTS/include" --advice:performance=all --define=_STANDALONE --define=_FLASH --define=_LAUNCHXL_F28379D --define=DEBUG --define=_DUAL_HEADERS --define=CPU1 --diag_suppress=10063 --diag_warning=225 --diag_wrap=off --display_error_number --abi=coffabi --preproc_with_compile --preproc_dependency="assembly/DCSM_Z1_ZoneSelectBlock.d_raw" --obj_directory="assembly"  "../assembly/DCSM_Z1_ZoneSelectBlock.asm"
Finished building: "../assembly/DCSM_Z1_ZoneSelectBlock.asm"
 
Building file: "../assembly/DCSM_Z2_ZoneSelectBlock.asm"
Invoking: C2000 Compiler
"/home/ismail/ti/ccs1271/ccs/tools/compiler/ti-cgt-c2000_22.6.1.LTS/bin/cl2000" -v28 -ml -mt --cla_support=cla1 --float_support=fpu32 --tmu_support=tmu0 --vcu_support=vcu2 -Ooff --include_path="/home/ismail/IOT-CANBus/TI/FLASH_BANK_0/SCI_CAN_Interfaces_CPU1/src" --include_path="/home/ismail/IOT-CANBus/TI/FLASH_BANK_0/SCI_CAN_Interfaces_CPU1/assembly" --include_path="/home/ismail/IOT-CANBus/TI/FLASH_BANK_0/SCI_CAN_Interfaces_CPU1/linker" --include_path="/home/ismail/IOT-CANBus/TI/FLASH_BANK_0/SCI_CAN_Interfaces_CPU1/headers" --include_path="/home/ismail/ti/C2000Ware_5_02_00_00/device_support/f2837xd/common/include" --include_path="/home/ismail/ti/C2000Ware_5_02_00_00/device_support/f2837xd/headers/include" --include_path="/home/ismail/ti/C2000Ware_5_02_00_00/libraries/flash_api/f2837xd/include/Constants" --include_path="/home/ismail/ti/C2000Ware_5_02_00_00/libraries/flash_api/f2837xd/include" --include_path="/home/ismail/IOT-CANBus/TI/FLASH_BANK_0/SCI_CAN_Interfaces_CPU1" --include_path="/home/ismail/ti/ccs1271/ccs/tools/compiler/ti-cgt-c2000_22.6.1.LTS/include" --advice:performance=all --define=_STANDALONE --define=_FLASH --define=_LAUNCHXL_F28379D --define=DEBUG --define=_DUAL_HEADERS --define=CPU1 --diag_suppress=10063 --diag_warning=225 --diag_wrap=off --display_error_number --abi=coffabi --preproc_with_compile --preproc_dependency="assembly/DCSM_Z2_ZoneSelectBlock.d_raw" --obj_directory="assembly"  "../assembly/DCSM_Z2_ZoneSelectBlock.asm"
Finished building: "../assembly/DCSM_Z2_ZoneSelectBlock.asm"
 
Building file: "../assembly/fwupgradec1toc2_start.asm"
Invoking: C2000 Compiler
"/home/ismail/ti/ccs1271/ccs/tools/compiler/ti-cgt-c2000_22.6.1.LTS/bin/cl2000" -v28 -ml -mt --cla_support=cla1 --float_support=fpu32 --tmu_support=tmu0 --vcu_support=vcu2 -Ooff --include_path="/home/ismail/IOT-CANBus/TI/FLASH_BANK_0/SCI_CAN_Interfaces_CPU1/src" --include_path="/home/ismail/IOT-CANBus/TI/FLASH_BANK_0/SCI_CAN_Interfaces_CPU1/assembly" --include_path="/home/ismail/IOT-CANBus/TI/FLASH_BANK_0/SCI_CAN_Interfaces_CPU1/linker" --include_path="/home/ismail/IOT-CANBus/TI/FLASH_BANK_0/SCI_CAN_Interfaces_CPU1/headers" --include_path="/home/ismail/ti/C2000Ware_5_02_00_00/device_support/f2837xd/common/include" --include_path="/home/ismail/ti/C2000Ware_5_02_00_00/device_support/f2837xd/headers/include" --include_path="/home/ismail/ti/C2000Ware_5_02_00_00/libraries/flash_api/f2837xd/include/Constants" --include_path="/home/ismail/ti/C2000Ware_5_02_00_00/libraries/flash_api/f2837xd/include" --include_path="/home/ismail/IOT-CANBus/TI/FLASH_BANK_0/SCI_CAN_Interfaces_CPU1" --include_path="/home/ismail/ti/ccs1271/ccs/tools/compiler/ti-cgt-c2000_22.6.1.LTS/include" --advice:performance=all --define=_STANDALONE --define=_FLASH --define=_LAUNCHXL_F28379D --define=DEBUG --define=_DUAL_HEADERS --define=CPU1 --diag_suppress=10063 --diag_warning=225 --diag_wrap=off --display_error_number --abi=coffabi --preproc_with_compile --preproc_dependency="assembly/fwupgradec1toc2_start.d_raw" --obj_directory="assembly"  "../assembly/fwupgradec1toc2_start.asm"
Finished building: "../assembly/fwupgradec1toc2_start.asm"
 
Building file: "../assembly/F2837xD_usDelay.asm"
Invoking: C2000 Compiler
"/home/ismail/ti/ccs1271/ccs/tools/compiler/ti-cgt-c2000_22.6.1.LTS/bin/cl2000" -v28 -ml -mt --cla_support=cla1 --float_support=fpu32 --tmu_support=tmu0 --vcu_support=vcu2 -Ooff --include_path="/home/ismail/IOT-CANBus/TI/FLASH_BANK_0/SCI_CAN_Interfaces_CPU1/src" --include_path="/home/ismail/IOT-CANBus/TI/FLASH_BANK_0/SCI_CAN_Interfaces_CPU1/assembly" --include_path="/home/ismail/IOT-CANBus/TI/FLASH_BANK_0/SCI_CAN_Interfaces_CPU1/linker" --include_path="/home/ismail/IOT-CANBus/TI/FLASH_BANK_0/SCI_CAN_Interfaces_CPU1/headers" --include_path="/home/ismail/ti/C2000Ware_5_02_00_00/device_support/f2837xd/common/include" --include_path="/home/ismail/ti/C2000Ware_5_02_00_00/device_support/f2837xd/headers/include" --include_path="/home/ismail/ti/C2000Ware_5_02_00_00/libraries/flash_api/f2837xd/include/Constants" --include_path="/home/ismail/ti/C2000Ware_5_02_00_00/libraries/flash_api/f2837xd/include" --include_path="/home/ismail/IOT-CANBus/TI/FLASH_BANK_0/SCI_CAN_Interfaces_CPU1" --include_path="/home/ismail/ti/ccs1271/ccs/tools/compiler/ti-cgt-c2000_22.6.1.LTS/include" --advice:performance=all --define=_STANDALONE --define=_FLASH --define=_LAUNCHXL_F28379D --define=DEBUG --define=_DUAL_HEADERS --define=CPU1 --diag_suppress=10063 --diag_warning=225 --diag_wrap=off --display_error_number --abi=coffabi --preproc_with_compile --preproc_dependency="assembly/F2837xD_usDelay.d_raw" --obj_directory="assembly"  "../assembly/F2837xD_usDelay.asm"
Finished building: "../assembly/F2837xD_usDelay.asm"
 
Building file: "../src/F2837xD_PieCtrl.c"
Invoking: C2000 Compiler
"/home/ismail/ti/ccs1271/ccs/tools/compiler/ti-cgt-c2000_22.6.1.LTS/bin/cl2000" -v28 -ml -mt --cla_support=cla1 --float_support=fpu32 --tmu_support=tmu0 --vcu_support=vcu2 -Ooff --include_path="/home/ismail/IOT-CANBus/TI/FLASH_BANK_0/SCI_CAN_Interfaces_CPU1/src" --include_path="/home/ismail/IOT-CANBus/TI/FLASH_BANK_0/SCI_CAN_Interfaces_CPU1/assembly" --include_path="/home/ismail/IOT-CANBus/TI/FLASH_BANK_0/SCI_CAN_Interfaces_CPU1/linker" --include_path="/home/ismail/IOT-CANBus/TI/FLASH_BANK_0/SCI_CAN_Interfaces_CPU1/headers" --include_path="/home/ismail/ti/C2000Ware_5_02_00_00/device_support/f2837xd/common/include" --include_path="/home/ismail/ti/C2000Ware_5_02_00_00/device_support/f2837xd/headers/include" --include_path="/home/ismail/ti/C2000Ware_5_02_00_00/libraries/flash_api/f2837xd/include/Constants" --include_path="/home/ismail/ti/C2000Ware_5_02_00_00/libraries/flash_api/f2837xd/include" --include_path="/home/ismail/IOT-CANBus/TI/FLASH_BANK_0/SCI_CAN_Interfaces_CPU1" --include_path="/home/ismail/ti/ccs1271/ccs/tools/compiler/ti-cgt-c2000_22.6.1.LTS/include" --advice:performance=all --define=_STANDALONE --define=_FLASH --define=_LAUNCHXL_F28379D --define=DEBUG --define=_DUAL_HEADERS --define=CPU1 --diag_suppress=10063 --diag_warning=225 --diag_wrap=off --display_error_number --abi=coffabi --preproc_with_compile --preproc_dependency="src/F2837xD_PieCtrl.d_raw" --obj_directory="src"  "../src/F2837xD_PieCtrl.c"
Finished building: "../src/F2837xD_PieCtrl.c"
 
Building file: "../src/F2837xD_DefaultISR.c"
Invoking: C2000 Compiler
"/home/ismail/ti/ccs1271/ccs/tools/compiler/ti-cgt-c2000_22.6.1.LTS/bin/cl2000" -v28 -ml -mt --cla_support=cla1 --float_support=fpu32 --tmu_support=tmu0 --vcu_support=vcu2 -Ooff --include_path="/home/ismail/IOT-CANBus/TI/FLASH_BANK_0/SCI_CAN_Interfaces_CPU1/src" --include_path="/home/ismail/IOT-CANBus/TI/FLASH_BANK_0/SCI_CAN_Interfaces_CPU1/assembly" --include_path="/home/ismail/IOT-CANBus/TI/FLASH_BANK_0/SCI_CAN_Interfaces_CPU1/linker" --include_path="/home/ismail/IOT-CANBus/TI/FLASH_BANK_0/SCI_CAN_Interfaces_CPU1/headers" --include_path="/home/ismail/ti/C2000Ware_5_02_00_00/device_support/f2837xd/common/include" --include_path="/home/ismail/ti/C2000Ware_5_02_00_00/device_support/f2837xd/headers/include" --include_path="/home/ismail/ti/C2000Ware_5_02_00_00/libraries/flash_api/f2837xd/include/Constants" --include_path="/home/ismail/ti/C2000Ware_5_02_00_00/libraries/flash_api/f2837xd/include" --include_path="/home/ismail/IOT-CANBus/TI/FLASH_BANK_0/SCI_CAN_Interfaces_CPU1" --include_path="/home/ismail/ti/ccs1271/ccs/tools/compiler/ti-cgt-c2000_22.6.1.LTS/include" --advice:performance=all --define=_STANDALONE --define=_FLASH --define=_LAUNCHXL_F28379D --define=DEBUG --define=_DUAL_HEADERS --define=CPU1 --diag_suppress=10063 --diag_warning=225 --diag_wrap=off --display_error_number --abi=coffabi --preproc_with_compile --preproc_dependency="src/F2837xD_DefaultISR.d_raw" --obj_directory="src"  "../src/F2837xD_DefaultISR.c"
Finished building: "../src/F2837xD_DefaultISR.c"
 
Building file: "../src/F2837xD_PieVect.c"
Invoking: C2000 Compiler
"/home/ismail/ti/ccs1271/ccs/tools/compiler/ti-cgt-c2000_22.6.1.LTS/bin/cl2000" -v28 -ml -mt --cla_support=cla1 --float_support=fpu32 --tmu_support=tmu0 --vcu_support=vcu2 -Ooff --include_path="/home/ismail/IOT-CANBus/TI/FLASH_BANK_0/SCI_CAN_Interfaces_CPU1/src" --include_path="/home/ismail/IOT-CANBus/TI/FLASH_BANK_0/SCI_CAN_Interfaces_CPU1/assembly" --include_path="/home/ismail/IOT-CANBus/TI/FLASH_BANK_0/SCI_CAN_Interfaces_CPU1/linker" --include_path="/home/ismail/IOT-CANBus/TI/FLASH_BANK_0/SCI_CAN_Interfaces_CPU1/headers" --include_path="/home/ismail/ti/C2000Ware_5_02_00_00/device_support/f2837xd/common/include" --include_path="/home/ismail/ti/C2000Ware_5_02_00_00/device_support/f2837xd/headers/include" --include_path="/home/ismail/ti/C2000Ware_5_02_00_00/libraries/flash_api/f2837xd/include/Constants" --include_path="/home/ismail/ti/C2000Ware_5_02_00_00/libraries/flash_api/f2837xd/include" --include_path="/home/ismail/IOT-CANBus/TI/FLASH_BANK_0/SCI_CAN_Interfaces_CPU1" --include_path="/home/ismail/ti/ccs1271/ccs/tools/compiler/ti-cgt-c2000_22.6.1.LTS/include" --advice:performance=all --define=_STANDALONE --define=_FLASH --define=_LAUNCHXL_F28379D --define=DEBUG --define=_DUAL_HEADERS --define=CPU1 --diag_suppress=10063 --diag_warning=225 --diag_wrap=off --display_error_number --abi=coffabi --preproc_with_compile --preproc_dependency="src/F2837xD_PieVect.d_raw" --obj_directory="src"  "../src/F2837xD_PieVect.c"
Finished building: "../src/F2837xD_PieVect.c"
 
Building file: "../src/F2837xD_Gpio.c"
Invoking: C2000 Compiler
"/home/ismail/ti/ccs1271/ccs/tools/compiler/ti-cgt-c2000_22.6.1.LTS/bin/cl2000" -v28 -ml -mt --cla_support=cla1 --float_support=fpu32 --tmu_support=tmu0 --vcu_support=vcu2 -Ooff --include_path="/home/ismail/IOT-CANBus/TI/FLASH_BANK_0/SCI_CAN_Interfaces_CPU1/src" --include_path="/home/ismail/IOT-CANBus/TI/FLASH_BANK_0/SCI_CAN_Interfaces_CPU1/assembly" --include_path="/home/ismail/IOT-CANBus/TI/FLASH_BANK_0/SCI_CAN_Interfaces_CPU1/linker" --include_path="/home/ismail/IOT-CANBus/TI/FLASH_BANK_0/SCI_CAN_Interfaces_CPU1/headers" --include_path="/home/ismail/ti/C2000Ware_5_02_00_00/device_support/f2837xd/common/include" --include_path="/home/ismail/ti/C2000Ware_5_02_00_00/device_support/f2837xd/headers/include" --include_path="/home/ismail/ti/C2000Ware_5_02_00_00/libraries/flash_api/f2837xd/include/Constants" --include_path="/home/ismail/ti/C2000Ware_5_02_00_00/libraries/flash_api/f2837xd/include" --include_path="/home/ismail/IOT-CANBus/TI/FLASH_BANK_0/SCI_CAN_Interfaces_CPU1" --include_path="/home/ismail/ti/ccs1271/ccs/tools/compiler/ti-cgt-c2000_22.6.1.LTS/include" --advice:performance=all --define=_STANDALONE --define=_FLASH --define=_LAUNCHXL_F28379D --define=DEBUG --define=_DUAL_HEADERS --define=CPU1 --diag_suppress=10063 --diag_warning=225 --diag_wrap=off --display_error_number --abi=coffabi --preproc_with_compile --preproc_dependency="src/F2837xD_Gpio.d_raw" --obj_directory="src"  "../src/F2837xD_Gpio.c"
Finished building: "../src/F2837xD_Gpio.c"
 
Building file: "../src/Fapi_UserDefinedFunctions.c"
Invoking: C2000 Compiler
"/home/ismail/ti/ccs1271/ccs/tools/compiler/ti-cgt-c2000_22.6.1.LTS/bin/cl2000" -v28 -ml -mt --cla_support=cla1 --float_support=fpu32 --tmu_support=tmu0 --vcu_support=vcu2 -Ooff --include_path="/home/ismail/IOT-CANBus/TI/FLASH_BANK_0/SCI_CAN_Interfaces_CPU1/src" --include_path="/home/ismail/IOT-CANBus/TI/FLASH_BANK_0/SCI_CAN_Interfaces_CPU1/assembly" --include_path="/home/ismail/IOT-CANBus/TI/FLASH_BANK_0/SCI_CAN_Interfaces_CPU1/linker" --include_path="/home/ismail/IOT-CANBus/TI/FLASH_BANK_0/SCI_CAN_Interfaces_CPU1/headers" --include_path="/home/ismail/ti/C2000Ware_5_02_00_00/device_support/f2837xd/common/include" --include_path="/home/ismail/ti/C2000Ware_5_02_00_00/device_support/f2837xd/headers/include" --include_path="/home/ismail/ti/C2000Ware_5_02_00_00/libraries/flash_api/f2837xd/include/Constants" --include_path="/home/ismail/ti/C2000Ware_5_02_00_00/libraries/flash_api/f2837xd/include" --include_path="/home/ismail/IOT-CANBus/TI/FLASH_BANK_0/SCI_CAN_Interfaces_CPU1" --include_path="/home/ismail/ti/ccs1271/ccs/tools/compiler/ti-cgt-c2000_22.6.1.LTS/include" --advice:performance=all --define=_STANDALONE --define=_FLASH --define=_LAUNCHXL_F28379D --define=DEBUG --define=_DUAL_HEADERS --define=CPU1 --diag_suppress=10063 --diag_warning=225 --diag_wrap=off --display_error_number --abi=coffabi --preproc_with_compile --preproc_dependency="src/Fapi_UserDefinedFunctions.d_raw" --obj_directory="src"  "../src/Fapi_UserDefinedFunctions.c"
Finished building: "../src/Fapi_UserDefinedFunctions.c"
 
Building file: "../src/SCI_Boot.c"
Invoking: C2000 Compiler
"/home/ismail/ti/ccs1271/ccs/tools/compiler/ti-cgt-c2000_22.6.1.LTS/bin/cl2000" -v28 -ml -mt --cla_support=cla1 --float_support=fpu32 --tmu_support=tmu0 --vcu_support=vcu2 -Ooff --include_path="/home/ismail/IOT-CANBus/TI/FLASH_BANK_0/SCI_CAN_Interfaces_CPU1/src" --include_path="/home/ismail/IOT-CANBus/TI/FLASH_BANK_0/SCI_CAN_Interfaces_CPU1/assembly" --include_path="/home/ismail/IOT-CANBus/TI/FLASH_BANK_0/SCI_CAN_Interfaces_CPU1/linker" --include_path="/home/ismail/IOT-CANBus/TI/FLASH_BANK_0/SCI_CAN_Interfaces_CPU1/headers" --include_path="/home/ismail/ti/C2000Ware_5_02_00_00/device_support/f2837xd/common/include" --include_path="/home/ismail/ti/C2000Ware_5_02_00_00/device_support/f2837xd/headers/include" --include_path="/home/ismail/ti/C2000Ware_5_02_00_00/libraries/flash_api/f2837xd/include/Constants" --include_path="/home/ismail/ti/C2000Ware_5_02_00_00/libraries/flash_api/f2837xd/include" --include_path="/home/ismail/IOT-CANBus/TI/FLASH_BANK_0/SCI_CAN_Interfaces_CPU1" --include_path="/home/ismail/ti/ccs1271/ccs/tools/compiler/ti-cgt-c2000_22.6.1.LTS/include" --advice:performance=all --define=_STANDALONE --define=_FLASH --define=_LAUNCHXL_F28379D --define=DEBUG --define=_DUAL_HEADERS --define=CPU1 --diag_suppress=10063 --diag_warning=225 --diag_wrap=off --display_error_number --abi=coffabi --preproc_with_compile --preproc_dependency="src/SCI_Boot.d_raw" --obj_directory="src"  "../src/SCI_Boot.c"
Finished building: "../src/SCI_Boot.c"
 
Building file: "../src/F2837xD_SysCtrl.c"
Invoking: C2000 Compiler
"/home/ismail/ti/ccs1271/ccs/tools/compiler/ti-cgt-c2000_22.6.1.LTS/bin/cl2000" -v28 -ml -mt --cla_support=cla1 --float_support=fpu32 --tmu_support=tmu0 --vcu_support=vcu2 -Ooff --include_path="/home/ismail/IOT-CANBus/TI/FLASH_BANK_0/SCI_CAN_Interfaces_CPU1/src" --include_path="/home/ismail/IOT-CANBus/TI/FLASH_BANK_0/SCI_CAN_Interfaces_CPU1/assembly" --include_path="/home/ismail/IOT-CANBus/TI/FLASH_BANK_0/SCI_CAN_Interfaces_CPU1/linker" --include_path="/home/ismail/IOT-CANBus/TI/FLASH_BANK_0/SCI_CAN_Interfaces_CPU1/headers" --include_path="/home/ismail/ti/C2000Ware_5_02_00_00/device_support/f2837xd/common/include" --include_path="/home/ismail/ti/C2000Ware_5_02_00_00/device_support/f2837xd/headers/include" --include_path="/home/ismail/ti/C2000Ware_5_02_00_00/libraries/flash_api/f2837xd/include/Constants" --include_path="/home/ismail/ti/C2000Ware_5_02_00_00/libraries/flash_api/f2837xd/include" --include_path="/home/ismail/IOT-CANBus/TI/FLASH_BANK_0/SCI_CAN_Interfaces_CPU1" --include_path="/home/ismail/ti/ccs1271/ccs/tools/compiler/ti-cgt-c2000_22.6.1.LTS/include" --advice:performance=all --define=_STANDALONE --define=_FLASH --define=_LAUNCHXL_F28379D --define=DEBUG --define=_DUAL_HEADERS --define=CPU1 --diag_suppress=10063 --diag_warning=225 --diag_wrap=off --display_error_number --abi=coffabi --preproc_with_compile --preproc_dependency="src/F2837xD_SysCtrl.d_raw" --obj_directory="src"  "../src/F2837xD_SysCtrl.c"
"../src/F2837xD_SysCtrl.c", line 837 (col. 47): advice #2614-D: (Performance) Use --fp_mode=relaxed to enable TMU hardware support for FP division.
Finished building: "../src/F2837xD_SysCtrl.c"
 
Building file: "../src/SCI_GetFunction.c"
Invoking: C2000 Compiler
"/home/ismail/ti/ccs1271/ccs/tools/compiler/ti-cgt-c2000_22.6.1.LTS/bin/cl2000" -v28 -ml -mt --cla_support=cla1 --float_support=fpu32 --tmu_support=tmu0 --vcu_support=vcu2 -Ooff --include_path="/home/ismail/IOT-CANBus/TI/FLASH_BANK_0/SCI_CAN_Interfaces_CPU1/src" --include_path="/home/ismail/IOT-CANBus/TI/FLASH_BANK_0/SCI_CAN_Interfaces_CPU1/assembly" --include_path="/home/ismail/IOT-CANBus/TI/FLASH_BANK_0/SCI_CAN_Interfaces_CPU1/linker" --include_path="/home/ismail/IOT-CANBus/TI/FLASH_BANK_0/SCI_CAN_Interfaces_CPU1/headers" --include_path="/home/ismail/ti/C2000Ware_5_02_00_00/device_support/f2837xd/common/include" --include_path="/home/ismail/ti/C2000Ware_5_02_00_00/device_support/f2837xd/headers/include" --include_path="/home/ismail/ti/C2000Ware_5_02_00_00/libraries/flash_api/f2837xd/include/Constants" --include_path="/home/ismail/ti/C2000Ware_5_02_00_00/libraries/flash_api/f2837xd/include" --include_path="/home/ismail/IOT-CANBus/TI/FLASH_BANK_0/SCI_CAN_Interfaces_CPU1" --include_path="/home/ismail/ti/ccs1271/ccs/tools/compiler/ti-cgt-c2000_22.6.1.LTS/include" --advice:performance=all --define=_STANDALONE --define=_FLASH --define=_LAUNCHXL_F28379D --define=DEBUG --define=_DUAL_HEADERS --define=CPU1 --diag_suppress=10063 --diag_warning=225 --diag_wrap=off --display_error_number --abi=coffabi --preproc_with_compile --preproc_dependency="src/SCI_GetFunction.d_raw" --obj_directory="src"  "../src/SCI_GetFunction.c"
Finished building: "../src/SCI_GetFunction.c"
 
Building file: "../src/Shared_Erase.c"
Invoking: C2000 Compiler
"/home/ismail/ti/ccs1271/ccs/tools/compiler/ti-cgt-c2000_22.6.1.LTS/bin/cl2000" -v28 -ml -mt --cla_support=cla1 --float_support=fpu32 --tmu_support=tmu0 --vcu_support=vcu2 -Ooff --include_path="/home/ismail/IOT-CANBus/TI/FLASH_BANK_0/SCI_CAN_Interfaces_CPU1/src" --include_path="/home/ismail/IOT-CANBus/TI/FLASH_BANK_0/SCI_CAN_Interfaces_CPU1/assembly" --include_path="/home/ismail/IOT-CANBus/TI/FLASH_BANK_0/SCI_CAN_Interfaces_CPU1/linker" --include_path="/home/ismail/IOT-CANBus/TI/FLASH_BANK_0/SCI_CAN_Interfaces_CPU1/headers" --include_path="/home/ismail/ti/C2000Ware_5_02_00_00/device_support/f2837xd/common/include" --include_path="/home/ismail/ti/C2000Ware_5_02_00_00/device_support/f2837xd/headers/include" --include_path="/home/ismail/ti/C2000Ware_5_02_00_00/libraries/flash_api/f2837xd/include/Constants" --include_path="/home/ismail/ti/C2000Ware_5_02_00_00/libraries/flash_api/f2837xd/include" --include_path="/home/ismail/IOT-CANBus/TI/FLASH_BANK_0/SCI_CAN_Interfaces_CPU1" --include_path="/home/ismail/ti/ccs1271/ccs/tools/compiler/ti-cgt-c2000_22.6.1.LTS/include" --advice:performance=all --define=_STANDALONE --define=_FLASH --define=_LAUNCHXL_F28379D --define=DEBUG --define=_DUAL_HEADERS --define=CPU1 --diag_suppress=10063 --diag_warning=225 --diag_wrap=off --display_error_number --abi=coffabi --preproc_with_compile --preproc_dependency="src/Shared_Erase.d_raw" --obj_directory="src"  "../src/Shared_Erase.c"
Finished building: "../src/Shared_Erase.c"
 
Building file: "../src/Shared_Verify.c"
Invoking: C2000 Compiler
"/home/ismail/ti/ccs1271/ccs/tools/compiler/ti-cgt-c2000_22.6.1.LTS/bin/cl2000" -v28 -ml -mt --cla_support=cla1 --float_support=fpu32 --tmu_support=tmu0 --vcu_support=vcu2 -Ooff --include_path="/home/ismail/IOT-CANBus/TI/FLASH_BANK_0/SCI_CAN_Interfaces_CPU1/src" --include_path="/home/ismail/IOT-CANBus/TI/FLASH_BANK_0/SCI_CAN_Interfaces_CPU1/assembly" --include_path="/home/ismail/IOT-CANBus/TI/FLASH_BANK_0/SCI_CAN_Interfaces_CPU1/linker" --include_path="/home/ismail/IOT-CANBus/TI/FLASH_BANK_0/SCI_CAN_Interfaces_CPU1/headers" --include_path="/home/ismail/ti/C2000Ware_5_02_00_00/device_support/f2837xd/common/include" --include_path="/home/ismail/ti/C2000Ware_5_02_00_00/device_support/f2837xd/headers/include" --include_path="/home/ismail/ti/C2000Ware_5_02_00_00/libraries/flash_api/f2837xd/include/Constants" --include_path="/home/ismail/ti/C2000Ware_5_02_00_00/libraries/flash_api/f2837xd/include" --include_path="/home/ismail/IOT-CANBus/TI/FLASH_BANK_0/SCI_CAN_Interfaces_CPU1" --include_path="/home/ismail/ti/ccs1271/ccs/tools/compiler/ti-cgt-c2000_22.6.1.LTS/include" --advice:performance=all --define=_STANDALONE --define=_FLASH --define=_LAUNCHXL_F28379D --define=DEBUG --define=_DUAL_HEADERS --define=CPU1 --diag_suppress=10063 --diag_warning=225 --diag_wrap=off --display_error_number --abi=coffabi --preproc_with_compile --preproc_dependency="src/Shared_Verify.d_raw" --obj_directory="src"  "../src/Shared_Verify.c"
Finished building: "../src/Shared_Verify.c"
 
Building file: "../src/Shared_Boot.c"
Invoking: C2000 Compiler
"/home/ismail/ti/ccs1271/ccs/tools/compiler/ti-cgt-c2000_22.6.1.LTS/bin/cl2000" -v28 -ml -mt --cla_support=cla1 --float_support=fpu32 --tmu_support=tmu0 --vcu_support=vcu2 -Ooff --include_path="/home/ismail/IOT-CANBus/TI/FLASH_BANK_0/SCI_CAN_Interfaces_CPU1/src" --include_path="/home/ismail/IOT-CANBus/TI/FLASH_BANK_0/SCI_CAN_Interfaces_CPU1/assembly" --include_path="/home/ismail/IOT-CANBus/TI/FLASH_BANK_0/SCI_CAN_Interfaces_CPU1/linker" --include_path="/home/ismail/IOT-CANBus/TI/FLASH_BANK_0/SCI_CAN_Interfaces_CPU1/headers" --include_path="/home/ismail/ti/C2000Ware_5_02_00_00/device_support/f2837xd/common/include" --include_path="/home/ismail/ti/C2000Ware_5_02_00_00/device_support/f2837xd/headers/include" --include_path="/home/ismail/ti/C2000Ware_5_02_00_00/libraries/flash_api/f2837xd/include/Constants" --include_path="/home/ismail/ti/C2000Ware_5_02_00_00/libraries/flash_api/f2837xd/include" --include_path="/home/ismail/IOT-CANBus/TI/FLASH_BANK_0/SCI_CAN_Interfaces_CPU1" --include_path="/home/ismail/ti/ccs1271/ccs/tools/compiler/ti-cgt-c2000_22.6.1.LTS/include" --advice:performance=all --define=_STANDALONE --define=_FLASH --define=_LAUNCHXL_F28379D --define=DEBUG --define=_DUAL_HEADERS --define=CPU1 --diag_suppress=10063 --diag_warning=225 --diag_wrap=off --display_error_number --abi=coffabi --preproc_with_compile --preproc_dependency="src/Shared_Boot.d_raw" --obj_directory="src"  "../src/Shared_Boot.c"
Finished building: "../src/Shared_Boot.c"
 
Building file: "../src/F2837xD_GlobalVariableDefs.c"
Invoking: C2000 Compiler
"/home/ismail/ti/ccs1271/ccs/tools/compiler/ti-cgt-c2000_22.6.1.LTS/bin/cl2000" -v28 -ml -mt --cla_support=cla1 --float_support=fpu32 --tmu_support=tmu0 --vcu_support=vcu2 -Ooff --include_path="/home/ismail/IOT-CANBus/TI/FLASH_BANK_0/SCI_CAN_Interfaces_CPU1/src" --include_path="/home/ismail/IOT-CANBus/TI/FLASH_BANK_0/SCI_CAN_Interfaces_CPU1/assembly" --include_path="/home/ismail/IOT-CANBus/TI/FLASH_BANK_0/SCI_CAN_Interfaces_CPU1/linker" --include_path="/home/ismail/IOT-CANBus/TI/FLASH_BANK_0/SCI_CAN_Interfaces_CPU1/headers" --include_path="/home/ismail/ti/C2000Ware_5_02_00_00/device_support/f2837xd/common/include" --include_path="/home/ismail/ti/C2000Ware_5_02_00_00/device_support/f2837xd/headers/include" --include_path="/home/ismail/ti/C2000Ware_5_02_00_00/libraries/flash_api/f2837xd/include/Constants" --include_path="/home/ismail/ti/C2000Ware_5_02_00_00/libraries/flash_api/f2837xd/include" --include_path="/home/ismail/IOT-CANBus/TI/FLASH_BANK_0/SCI_CAN_Interfaces_CPU1" --include_path="/home/ismail/ti/ccs1271/ccs/tools/compiler/ti-cgt-c2000_22.6.1.LTS/include" --advice:performance=all --define=_STANDALONE --define=_FLASH --define=_LAUNCHXL_F28379D --define=DEBUG --define=_DUAL_HEADERS --define=CPU1 --diag_suppress=10063 --diag_warning=225 --diag_wrap=off --display_error_number --abi=coffabi --preproc_with_compile --preproc_dependency="src/F2837xD_GlobalVariableDefs.d_raw" --obj_directory="src"  "../src/F2837xD_GlobalVariableDefs.c"
Finished building: "../src/F2837xD_GlobalVariableDefs.c"
 
Building file: "../src/main.c"
Invoking: C2000 Compiler
"/home/ismail/ti/ccs1271/ccs/tools/compiler/ti-cgt-c2000_22.6.1.LTS/bin/cl2000" -v28 -ml -mt --cla_support=cla1 --float_support=fpu32 --tmu_support=tmu0 --vcu_support=vcu2 -Ooff --include_path="/home/ismail/IOT-CANBus/TI/FLASH_BANK_0/SCI_CAN_Interfaces_CPU1/src" --include_path="/home/ismail/IOT-CANBus/TI/FLASH_BANK_0/SCI_CAN_Interfaces_CPU1/assembly" --include_path="/home/ismail/IOT-CANBus/TI/FLASH_BANK_0/SCI_CAN_Interfaces_CPU1/linker" --include_path="/home/ismail/IOT-CANBus/TI/FLASH_BANK_0/SCI_CAN_Interfaces_CPU1/headers" --include_path="/home/ismail/ti/C2000Ware_5_02_00_00/device_support/f2837xd/common/include" --include_path="/home/ismail/ti/C2000Ware_5_02_00_00/device_support/f2837xd/headers/include" --include_path="/home/ismail/ti/C2000Ware_5_02_00_00/libraries/flash_api/f2837xd/include/Constants" --include_path="/home/ismail/ti/C2000Ware_5_02_00_00/libraries/flash_api/f2837xd/include" --include_path="/home/ismail/IOT-CANBus/TI/FLASH_BANK_0/SCI_CAN_Interfaces_CPU1" --include_path="/home/ismail/ti/ccs1271/ccs/tools/compiler/ti-cgt-c2000_22.6.1.LTS/include" --advice:performance=all --define=_STANDALONE --define=_FLASH --define=_LAUNCHXL_F28379D --define=DEBUG --define=_DUAL_HEADERS --define=CPU1 --diag_suppress=10063 --diag_warning=225 --diag_wrap=off --display_error_number --abi=coffabi --preproc_with_compile --preproc_dependency="src/main.d_raw" --obj_directory="src"  "../src/main.c"
Finished building: "../src/main.c"
 
Building target: "SCI_CAN_Interfaces_CPU1.out"
Invoking: C2000 Linker
"/home/ismail/ti/ccs1271/ccs/tools/compiler/ti-cgt-c2000_22.6.1.LTS/bin/cl2000" -v28 -ml -mt --cla_support=cla1 --float_support=fpu32 --tmu_support=tmu0 --vcu_support=vcu2 -Ooff --advice:performance=all --define=_STANDALONE --define=_FLASH --define=_LAUNCHXL_F28379D --define=DEBUG --define=_DUAL_HEADERS --define=CPU1 --diag_suppress=10063 --diag_warning=225 --diag_wrap=off --display_error_number --abi=coffabi -z -m"SCI_CAN_Interfaces_CPU1.map" --stack_size=0x100 --warn_sections -i"/home/ismail/ti/C2000Ware_5_02_00_00/device_support/f2837xd/common/cmd" -i"/home/ismail/ti/C2000Ware_5_02_00_00/device_support/f2837xd/headers/cmd" -i"/home/ismail/ti/ccs1271/ccs/tools/compiler/ti-cgt-c2000_22.6.1.LTS/lib" -i"/home/ismail/ti/ccs1271/ccs/tools/compiler/ti-cgt-c2000_22.6.1.LTS/include" --reread_libs --diag_wrap=off --display_error_number --xml_link_info="SCI_CAN_Interfaces_CPU1_linkInfo.xml" --entry_point=code_start --rom_model -o "SCI_CAN_Interfaces_CPU1.out" "./assembly/DCSM_Z1_ZoneSelectBlock.obj" "./assembly/DCSM_Z2_ZoneSelectBlock.obj" "./assembly/F2837xD_usDelay.obj" "./assembly/fwupgradec1toc2_start.obj" "./src/F2837xD_DefaultISR.obj" "./src/F2837xD_GlobalVariableDefs.obj" "./src/F2837xD_Gpio.obj" "./src/F2837xD_PieCtrl.obj" "./src/F2837xD_PieVect.obj" "./src/F2837xD_SysCtrl.obj" "./src/Fapi_UserDefinedFunctions.obj" "./src/SCI_Boot.obj" "./src/SCI_GetFunction.obj" "./src/Shared_Boot.obj" "./src/Shared_Erase.obj" "./src/Shared_Verify.obj" "./src/main.obj" "/home/ismail/ti/C2000Ware_5_02_00_00/libraries/flash_api/f2837xd/lib/F021_API_F2837xD_FPU32.lib" "/home/ismail/ti/C2000Ware_5_02_00_00/libraries/boot_rom/f2837xd/rev0/rom_symbol_libs/c1_ROM_API/c1bootROM_BootROMSymbols_fpu32.lib" "../linker/2837xD_FLASH_lnk_cpu1.cmd" "../linker/F2837xD_Headers_nonBIOS_cpu1.cmd" "../linker/flash_programming_cpu1tocpu2_RAM.cmd"  -l"/home/ismail/ti/ccs1271/ccs/tools/compiler/ti-cgt-c2000_22.6.1.LTS/lib/rts2800_fpu32.lib" -llibc.a 
<Linking>
 
 undefined         first referenced  
  symbol               in file       
 ---------         ----------------  
 _IPCGetBootStatus ./src/SCI_Boot.obj
 _IPCLtoRFlagBusy  ./src/SCI_Boot.obj
 _InitIpc          ./src/main.obj    
 
error #10234-D: unresolved symbols remain
error #10010: errors encountered during linking; "SCI_CAN_Interfaces_CPU1.out" not built
 
>> Compilation failure
makefile:160: recipe for target 'SCI_CAN_Interfaces_CPU1.out' failed
gmake[1]: *** [SCI_CAN_Interfaces_CPU1.out] Error 1
gmake: *** [all] Error 2
makefile:156: recipe for target 'all' failed

**** Build Finished ****

**** Build of configuration CPU1_FLASH for project SCI_CAN_Interfaces_CPU1 ****

/home/ismail/ti/ccs1271/ccs/utils/bin/gmake -k -j 4 all -O 
 
Building file: "../src/F2837xD_Ipc_Driver.c"
Invoking: C2000 Compiler
"/home/ismail/ti/ccs1271/ccs/tools/compiler/ti-cgt-c2000_22.6.1.LTS/bin/cl2000" -v28 -ml -mt --cla_support=cla1 --float_support=fpu32 --tmu_support=tmu0 --vcu_support=vcu2 -Ooff --include_path="/home/ismail/IOT-CANBus/TI/FLASH_BANK_0/SCI_CAN_Interfaces_CPU1/src" --include_path="/home/ismail/IOT-CANBus/TI/FLASH_BANK_0/SCI_CAN_Interfaces_CPU1/assembly" --include_path="/home/ismail/IOT-CANBus/TI/FLASH_BANK_0/SCI_CAN_Interfaces_CPU1/linker" --include_path="/home/ismail/IOT-CANBus/TI/FLASH_BANK_0/SCI_CAN_Interfaces_CPU1/headers" --include_path="/home/ismail/ti/C2000Ware_5_02_00_00/device_support/f2837xd/common/include" --include_path="/home/ismail/ti/C2000Ware_5_02_00_00/device_support/f2837xd/headers/include" --include_path="/home/ismail/ti/C2000Ware_5_02_00_00/libraries/flash_api/f2837xd/include/Constants" --include_path="/home/ismail/ti/C2000Ware_5_02_00_00/libraries/flash_api/f2837xd/include" --include_path="/home/ismail/IOT-CANBus/TI/FLASH_BANK_0/SCI_CAN_Interfaces_CPU1" --include_path="/home/ismail/ti/ccs1271/ccs/tools/compiler/ti-cgt-c2000_22.6.1.LTS/include" --advice:performance=all --define=_STANDALONE --define=_FLASH --define=_LAUNCHXL_F28379D --define=DEBUG --define=_DUAL_HEADERS --define=CPU1 --diag_suppress=10063 --diag_warning=225 --diag_wrap=off --display_error_number --abi=coffabi --preproc_with_compile --preproc_dependency="src/F2837xD_Ipc_Driver.d_raw" --obj_directory="src"  "../src/F2837xD_Ipc_Driver.c"
Finished building: "../src/F2837xD_Ipc_Driver.c"
 
Building target: "SCI_CAN_Interfaces_CPU1.out"
Invoking: C2000 Linker
"/home/ismail/ti/ccs1271/ccs/tools/compiler/ti-cgt-c2000_22.6.1.LTS/bin/cl2000" -v28 -ml -mt --cla_support=cla1 --float_support=fpu32 --tmu_support=tmu0 --vcu_support=vcu2 -Ooff --advice:performance=all --define=_STANDALONE --define=_FLASH --define=_LAUNCHXL_F28379D --define=DEBUG --define=_DUAL_HEADERS --define=CPU1 --diag_suppress=10063 --diag_warning=225 --diag_wrap=off --display_error_number --abi=coffabi -z -m"SCI_CAN_Interfaces_CPU1.map" --stack_size=0x100 --warn_sections -i"/home/ismail/ti/C2000Ware_5_02_00_00/device_support/f2837xd/common/cmd" -i"/home/ismail/ti/C2000Ware_5_02_00_00/device_support/f2837xd/headers/cmd" -i"/home/ismail/ti/ccs1271/ccs/tools/compiler/ti-cgt-c2000_22.6.1.LTS/lib" -i"/home/ismail/ti/ccs1271/ccs/tools/compiler/ti-cgt-c2000_22.6.1.LTS/include" --reread_libs --diag_wrap=off --display_error_number --xml_link_info="SCI_CAN_Interfaces_CPU1_linkInfo.xml" --entry_point=code_start --rom_model -o "SCI_CAN_Interfaces_CPU1.out" "./assembly/DCSM_Z1_ZoneSelectBlock.obj" "./assembly/DCSM_Z2_ZoneSelectBlock.obj" "./assembly/F2837xD_usDelay.obj" "./assembly/fwupgradec1toc2_start.obj" "./src/F2837xD_DefaultISR.obj" "./src/F2837xD_GlobalVariableDefs.obj" "./src/F2837xD_Gpio.obj" "./src/F2837xD_Ipc_Driver.obj" "./src/F2837xD_PieCtrl.obj" "./src/F2837xD_PieVect.obj" "./src/F2837xD_SysCtrl.obj" "./src/Fapi_UserDefinedFunctions.obj" "./src/SCI_Boot.obj" "./src/SCI_GetFunction.obj" "./src/Shared_Boot.obj" "./src/Shared_Erase.obj" "./src/Shared_Verify.obj" "./src/main.obj" "/home/ismail/ti/C2000Ware_5_02_00_00/libraries/flash_api/f2837xd/lib/F021_API_F2837xD_FPU32.lib" "/home/ismail/ti/C2000Ware_5_02_00_00/libraries/boot_rom/f2837xd/rev0/rom_symbol_libs/c1_ROM_API/c1bootROM_BootROMSymbols_fpu32.lib" "../linker/2837xD_FLASH_lnk_cpu1.cmd" "../linker/F2837xD_Headers_nonBIOS_cpu1.cmd" "../linker/flash_programming_cpu1tocpu2_RAM.cmd"  -l"/home/ismail/ti/ccs1271/ccs/tools/compiler/ti-cgt-c2000_22.6.1.LTS/lib/rts2800_fpu32.lib" -llibc.a 
<Linking>
 
 undefined         first referenced  
  symbol               in file       
 ---------         ----------------  
 _IPCGetBootStatus ./src/SCI_Boot.obj
 _IPCLtoRFlagBusy  ./src/SCI_Boot.obj
 _InitIpc          ./src/main.obj    
 
error #10234-D: unresolved symbols remain
error #10010: errors encountered during linking; "SCI_CAN_Interfaces_CPU1.out" not built
 
>> Compilation failure
makefile:161: recipe for target 'SCI_CAN_Interfaces_CPU1.out' failed
gmake[1]: *** [SCI_CAN_Interfaces_CPU1.out] Error 1
gmake: *** [all] Error 2
makefile:157: recipe for target 'all' failed

**** Build Finished ****

**** Build of configuration CPU1_FLASH for project SCI_CAN_Interfaces_CPU1 ****

/home/ismail/ti/ccs1271/ccs/utils/bin/gmake -k -j 4 all -O 
 
Building file: "../src/F2837xD_Ipc.c"
Invoking: C2000 Compiler
"/home/ismail/ti/ccs1271/ccs/tools/compiler/ti-cgt-c2000_22.6.1.LTS/bin/cl2000" -v28 -ml -mt --cla_support=cla1 --float_support=fpu32 --tmu_support=tmu0 --vcu_support=vcu2 -Ooff --include_path="/home/ismail/IOT-CANBus/TI/FLASH_BANK_0/SCI_CAN_Interfaces_CPU1/src" --include_path="/home/ismail/IOT-CANBus/TI/FLASH_BANK_0/SCI_CAN_Interfaces_CPU1/assembly" --include_path="/home/ismail/IOT-CANBus/TI/FLASH_BANK_0/SCI_CAN_Interfaces_CPU1/linker" --include_path="/home/ismail/IOT-CANBus/TI/FLASH_BANK_0/SCI_CAN_Interfaces_CPU1/headers" --include_path="/home/ismail/ti/C2000Ware_5_02_00_00/device_support/f2837xd/common/include" --include_path="/home/ismail/ti/C2000Ware_5_02_00_00/device_support/f2837xd/headers/include" --include_path="/home/ismail/ti/C2000Ware_5_02_00_00/libraries/flash_api/f2837xd/include/Constants" --include_path="/home/ismail/ti/C2000Ware_5_02_00_00/libraries/flash_api/f2837xd/include" --include_path="/home/ismail/IOT-CANBus/TI/FLASH_BANK_0/SCI_CAN_Interfaces_CPU1" --include_path="/home/ismail/ti/ccs1271/ccs/tools/compiler/ti-cgt-c2000_22.6.1.LTS/include" --advice:performance=all --define=_STANDALONE --define=_FLASH --define=_LAUNCHXL_F28379D --define=DEBUG --define=_DUAL_HEADERS --define=CPU1 --diag_suppress=10063 --diag_warning=225 --diag_wrap=off --display_error_number --abi=coffabi --preproc_with_compile --preproc_dependency="src/F2837xD_Ipc.d_raw" --obj_directory="src"  "../src/F2837xD_Ipc.c"
Finished building: "../src/F2837xD_Ipc.c"
 
Building target: "SCI_CAN_Interfaces_CPU1.out"
Invoking: C2000 Linker
"/home/ismail/ti/ccs1271/ccs/tools/compiler/ti-cgt-c2000_22.6.1.LTS/bin/cl2000" -v28 -ml -mt --cla_support=cla1 --float_support=fpu32 --tmu_support=tmu0 --vcu_support=vcu2 -Ooff --advice:performance=all --define=_STANDALONE --define=_FLASH --define=_LAUNCHXL_F28379D --define=DEBUG --define=_DUAL_HEADERS --define=CPU1 --diag_suppress=10063 --diag_warning=225 --diag_wrap=off --display_error_number --abi=coffabi -z -m"SCI_CAN_Interfaces_CPU1.map" --stack_size=0x100 --warn_sections -i"/home/ismail/ti/C2000Ware_5_02_00_00/device_support/f2837xd/common/cmd" -i"/home/ismail/ti/C2000Ware_5_02_00_00/device_support/f2837xd/headers/cmd" -i"/home/ismail/ti/ccs1271/ccs/tools/compiler/ti-cgt-c2000_22.6.1.LTS/lib" -i"/home/ismail/ti/ccs1271/ccs/tools/compiler/ti-cgt-c2000_22.6.1.LTS/include" --reread_libs --diag_wrap=off --display_error_number --xml_link_info="SCI_CAN_Interfaces_CPU1_linkInfo.xml" --entry_point=code_start --rom_model -o "SCI_CAN_Interfaces_CPU1.out" "./assembly/DCSM_Z1_ZoneSelectBlock.obj" "./assembly/DCSM_Z2_ZoneSelectBlock.obj" "./assembly/F2837xD_usDelay.obj" "./assembly/fwupgradec1toc2_start.obj" "./src/F2837xD_DefaultISR.obj" "./src/F2837xD_GlobalVariableDefs.obj" "./src/F2837xD_Gpio.obj" "./src/F2837xD_Ipc.obj" "./src/F2837xD_Ipc_Driver.obj" "./src/F2837xD_PieCtrl.obj" "./src/F2837xD_PieVect.obj" "./src/F2837xD_SysCtrl.obj" "./src/Fapi_UserDefinedFunctions.obj" "./src/SCI_Boot.obj" "./src/SCI_GetFunction.obj" "./src/Shared_Boot.obj" "./src/Shared_Erase.obj" "./src/Shared_Verify.obj" "./src/main.obj" "/home/ismail/ti/C2000Ware_5_02_00_00/libraries/flash_api/f2837xd/lib/F021_API_F2837xD_FPU32.lib" "/home/ismail/ti/C2000Ware_5_02_00_00/libraries/boot_rom/f2837xd/rev0/rom_symbol_libs/c1_ROM_API/c1bootROM_BootROMSymbols_fpu32.lib" "../linker/2837xD_FLASH_lnk_cpu1.cmd" "../linker/F2837xD_Headers_nonBIOS_cpu1.cmd" "../linker/flash_programming_cpu1tocpu2_RAM.cmd"  -l"/home/ismail/ti/ccs1271/ccs/tools/compiler/ti-cgt-c2000_22.6.1.LTS/lib/rts2800_fpu32.lib" -llibc.a 
<Linking>
 
 undefined         first referenced  
  symbol               in file       
 ---------         ----------------  
 _IPCGetBootStatus ./src/SCI_Boot.obj
 _IPCLtoRFlagBusy  ./src/SCI_Boot.obj
 
error #10234-D: unresolved symbols remain
error #10010: errors encountered during linking; "SCI_CAN_Interfaces_CPU1.out" not built
 
>> Compilation failure
makefile:162: recipe for target 'SCI_CAN_Interfaces_CPU1.out' failed
gmake[1]: *** [SCI_CAN_Interfaces_CPU1.out] Error 1
gmake: *** [all] Error 2
makefile:158: recipe for target 'all' failed

**** Build Finished ****

**** Build of configuration CPU1_FLASH for project SCI_CAN_Interfaces_CPU1 ****

/home/ismail/ti/ccs1271/ccs/utils/bin/gmake -k -j 4 all -O 
 
Building file: "../src/F2837xD_Ipc_Driver_Util.c"
Invoking: C2000 Compiler
"/home/ismail/ti/ccs1271/ccs/tools/compiler/ti-cgt-c2000_22.6.1.LTS/bin/cl2000" -v28 -ml -mt --cla_support=cla1 --float_support=fpu32 --tmu_support=tmu0 --vcu_support=vcu2 -Ooff --include_path="/home/ismail/IOT-CANBus/TI/FLASH_BANK_0/SCI_CAN_Interfaces_CPU1/src" --include_path="/home/ismail/IOT-CANBus/TI/FLASH_BANK_0/SCI_CAN_Interfaces_CPU1/assembly" --include_path="/home/ismail/IOT-CANBus/TI/FLASH_BANK_0/SCI_CAN_Interfaces_CPU1/linker" --include_path="/home/ismail/IOT-CANBus/TI/FLASH_BANK_0/SCI_CAN_Interfaces_CPU1/headers" --include_path="/home/ismail/ti/C2000Ware_5_02_00_00/device_support/f2837xd/common/include" --include_path="/home/ismail/ti/C2000Ware_5_02_00_00/device_support/f2837xd/headers/include" --include_path="/home/ismail/ti/C2000Ware_5_02_00_00/libraries/flash_api/f2837xd/include/Constants" --include_path="/home/ismail/ti/C2000Ware_5_02_00_00/libraries/flash_api/f2837xd/include" --include_path="/home/ismail/IOT-CANBus/TI/FLASH_BANK_0/SCI_CAN_Interfaces_CPU1" --include_path="/home/ismail/ti/ccs1271/ccs/tools/compiler/ti-cgt-c2000_22.6.1.LTS/include" --advice:performance=all --define=_STANDALONE --define=_FLASH --define=_LAUNCHXL_F28379D --define=DEBUG --define=_DUAL_HEADERS --define=CPU1 --diag_suppress=10063 --diag_warning=225 --diag_wrap=off --display_error_number --abi=coffabi --preproc_with_compile --preproc_dependency="src/F2837xD_Ipc_Driver_Util.d_raw" --obj_directory="src"  "../src/F2837xD_Ipc_Driver_Util.c"
Finished building: "../src/F2837xD_Ipc_Driver_Util.c"
 
Building target: "SCI_CAN_Interfaces_CPU1.out"
Invoking: C2000 Linker
"/home/ismail/ti/ccs1271/ccs/tools/compiler/ti-cgt-c2000_22.6.1.LTS/bin/cl2000" -v28 -ml -mt --cla_support=cla1 --float_support=fpu32 --tmu_support=tmu0 --vcu_support=vcu2 -Ooff --advice:performance=all --define=_STANDALONE --define=_FLASH --define=_LAUNCHXL_F28379D --define=DEBUG --define=_DUAL_HEADERS --define=CPU1 --diag_suppress=10063 --diag_warning=225 --diag_wrap=off --display_error_number --abi=coffabi -z -m"SCI_CAN_Interfaces_CPU1.map" --stack_size=0x100 --warn_sections -i"/home/ismail/ti/C2000Ware_5_02_00_00/device_support/f2837xd/common/cmd" -i"/home/ismail/ti/C2000Ware_5_02_00_00/device_support/f2837xd/headers/cmd" -i"/home/ismail/ti/ccs1271/ccs/tools/compiler/ti-cgt-c2000_22.6.1.LTS/lib" -i"/home/ismail/ti/ccs1271/ccs/tools/compiler/ti-cgt-c2000_22.6.1.LTS/include" --reread_libs --diag_wrap=off --display_error_number --xml_link_info="SCI_CAN_Interfaces_CPU1_linkInfo.xml" --entry_point=code_start --rom_model -o "SCI_CAN_Interfaces_CPU1.out" "./assembly/DCSM_Z1_ZoneSelectBlock.obj" "./assembly/DCSM_Z2_ZoneSelectBlock.obj" "./assembly/F2837xD_usDelay.obj" "./assembly/fwupgradec1toc2_start.obj" "./src/F2837xD_DefaultISR.obj" "./src/F2837xD_GlobalVariableDefs.obj" "./src/F2837xD_Gpio.obj" "./src/F2837xD_Ipc.obj" "./src/F2837xD_Ipc_Driver.obj" "./src/F2837xD_Ipc_Driver_Util.obj" "./src/F2837xD_PieCtrl.obj" "./src/F2837xD_PieVect.obj" "./src/F2837xD_SysCtrl.obj" "./src/Fapi_UserDefinedFunctions.obj" "./src/SCI_Boot.obj" "./src/SCI_GetFunction.obj" "./src/Shared_Boot.obj" "./src/Shared_Erase.obj" "./src/Shared_Verify.obj" "./src/main.obj" "/home/ismail/ti/C2000Ware_5_02_00_00/libraries/flash_api/f2837xd/lib/F021_API_F2837xD_FPU32.lib" "/home/ismail/ti/C2000Ware_5_02_00_00/libraries/boot_rom/f2837xd/rev0/rom_symbol_libs/c1_ROM_API/c1bootROM_BootROMSymbols_fpu32.lib" "../linker/2837xD_FLASH_lnk_cpu1.cmd" "../linker/F2837xD_Headers_nonBIOS_cpu1.cmd" "../linker/flash_programming_cpu1tocpu2_RAM.cmd"  -l"/home/ismail/ti/ccs1271/ccs/tools/compiler/ti-cgt-c2000_22.6.1.LTS/lib/rts2800_fpu32.lib" -llibc.a 
<Linking>
Finished building target: "SCI_CAN_Interfaces_CPU1.out"
 

**** Build Finished ****

**** Build of configuration CPU1_FLASH for project SCI_CAN_Interfaces_CPU1 ****

/home/ismail/ti/ccs1271/ccs/utils/bin/gmake -k -j 4 all -O 
 
Building target: "SCI_CAN_Interfaces_CPU1.out"
Invoking: C2000 Linker
"/home/ismail/ti/ccs1271/ccs/tools/compiler/ti-cgt-c2000_22.6.1.LTS/bin/cl2000" -v28 -ml -mt --cla_support=cla1 --float_support=fpu32 --tmu_support=tmu0 --vcu_support=vcu2 -Ooff --advice:performance=all --define=_STANDALONE --define=_FLASH --define=_LAUNCHXL_F28379D --define=DEBUG --define=_DUAL_HEADERS --define=CPU1 --diag_suppress=10063 --diag_warning=225 --diag_wrap=off --display_error_number --abi=coffabi -z -m"SCI_CAN_Interfaces_CPU1.map" --stack_size=0x100 --warn_sections -i"/home/ismail/ti/C2000Ware_5_02_00_00/device_support/f2837xd/common/cmd" -i"/home/ismail/ti/C2000Ware_5_02_00_00/device_support/f2837xd/headers/cmd" -i"/home/ismail/ti/ccs1271/ccs/tools/compiler/ti-cgt-c2000_22.6.1.LTS/lib" -i"/home/ismail/ti/ccs1271/ccs/tools/compiler/ti-cgt-c2000_22.6.1.LTS/include" --reread_libs --diag_wrap=off --display_error_number --xml_link_info="SCI_CAN_Interfaces_CPU1_linkInfo.xml" --entry_point=code_start --rom_model -o "SCI_CAN_Interfaces_CPU1.out" "./assembly/DCSM_Z1_ZoneSelectBlock.obj" "./assembly/DCSM_Z2_ZoneSelectBlock.obj" "./assembly/F2837xD_usDelay.obj" "./assembly/fwupgradec1toc2_start.obj" "./src/F2837xD_DefaultISR.obj" "./src/F2837xD_GlobalVariableDefs.obj" "./src/F2837xD_Gpio.obj" "./src/F2837xD_Ipc.obj" "./src/F2837xD_Ipc_Driver_Util.obj" "./src/F2837xD_PieCtrl.obj" "./src/F2837xD_PieVect.obj" "./src/F2837xD_SysCtrl.obj" "./src/Fapi_UserDefinedFunctions.obj" "./src/SCI_Boot.obj" "./src/SCI_GetFunction.obj" "./src/Shared_Boot.obj" "./src/Shared_Erase.obj" "./src/Shared_Verify.obj" "./src/main.obj" "/home/ismail/ti/C2000Ware_5_02_00_00/libraries/flash_api/f2837xd/lib/F021_API_F2837xD_FPU32.lib" "/home/ismail/ti/C2000Ware_5_02_00_00/libraries/boot_rom/f2837xd/rev0/rom_symbol_libs/c1_ROM_API/c1bootROM_BootROMSymbols_fpu32.lib" "../linker/2837xD_FLASH_lnk_cpu1.cmd" "../linker/F2837xD_Headers_nonBIOS_cpu1.cmd" "../linker/flash_programming_cpu1tocpu2_RAM.cmd"  -l"/home/ismail/ti/ccs1271/ccs/tools/compiler/ti-cgt-c2000_22.6.1.LTS/lib/rts2800_fpu32.lib" -llibc.a 
<Linking>
Finished building target: "SCI_CAN_Interfaces_CPU1.out"
 

**** Build Finished ****

**** Build of configuration CPU1_FLASH for project SCI_CAN_Interfaces_CPU1 ****

/home/ismail/ti/ccs1271/ccs/utils/bin/gmake -k -j 4 all -O 
 
Building file: "../assembly/DCSM_Z2_ZoneSelectBlock.asm"
Invoking: C2000 Compiler
"/home/ismail/ti/ccs1271/ccs/tools/compiler/ti-cgt-c2000_22.6.1.LTS/bin/cl2000" -v28 -ml -mt --cla_support=cla1 --float_support=fpu32 --tmu_support=tmu0 --vcu_support=vcu2 -Ooff --include_path="/home/ismail/IOT-CANBus/TI/FLASH_BANK_0/SCI_CAN_Interfaces_CPU1/src" --include_path="/home/ismail/IOT-CANBus/TI/FLASH_BANK_0/SCI_CAN_Interfaces_CPU1/assembly" --include_path="/home/ismail/IOT-CANBus/TI/FLASH_BANK_0/SCI_CAN_Interfaces_CPU1/linker" --include_path="/home/ismail/IOT-CANBus/TI/FLASH_BANK_0/SCI_CAN_Interfaces_CPU1/headers" --include_path="/home/ismail/ti/C2000Ware_5_02_00_00/device_support/f2837xd/common/include" --include_path="/home/ismail/ti/C2000Ware_5_02_00_00/device_support/f2837xd/headers/include" --include_path="/home/ismail/ti/C2000Ware_5_02_00_00/libraries/flash_api/f2837xd/include/Constants" --include_path="/home/ismail/ti/C2000Ware_5_02_00_00/libraries/flash_api/f2837xd/include" --include_path="/home/ismail/IOT-CANBus/TI/FLASH_BANK_0/SCI_CAN_Interfaces_CPU1" --include_path="/home/ismail/ti/ccs1271/ccs/tools/compiler/ti-cgt-c2000_22.6.1.LTS/include" --advice:performance=all --define=_STANDALONE --define=_FLASH --define=_LAUNCHXL_F28379D --define=DEBUG --define=_DUAL_HEADERS --define=CPU1 --diag_suppress=10063 --diag_warning=225 --diag_wrap=off --display_error_number --abi=coffabi --section_sizes=on --preproc_with_compile --preproc_dependency="assembly/DCSM_Z2_ZoneSelectBlock.d_raw" --obj_directory="assembly"  "../assembly/DCSM_Z2_ZoneSelectBlock.asm"
Finished building: "../assembly/DCSM_Z2_ZoneSelectBlock.asm"
 
Building file: "../assembly/DCSM_Z1_ZoneSelectBlock.asm"
Invoking: C2000 Compiler
"/home/ismail/ti/ccs1271/ccs/tools/compiler/ti-cgt-c2000_22.6.1.LTS/bin/cl2000" -v28 -ml -mt --cla_support=cla1 --float_support=fpu32 --tmu_support=tmu0 --vcu_support=vcu2 -Ooff --include_path="/home/ismail/IOT-CANBus/TI/FLASH_BANK_0/SCI_CAN_Interfaces_CPU1/src" --include_path="/home/ismail/IOT-CANBus/TI/FLASH_BANK_0/SCI_CAN_Interfaces_CPU1/assembly" --include_path="/home/ismail/IOT-CANBus/TI/FLASH_BANK_0/SCI_CAN_Interfaces_CPU1/linker" --include_path="/home/ismail/IOT-CANBus/TI/FLASH_BANK_0/SCI_CAN_Interfaces_CPU1/headers" --include_path="/home/ismail/ti/C2000Ware_5_02_00_00/device_support/f2837xd/common/include" --include_path="/home/ismail/ti/C2000Ware_5_02_00_00/device_support/f2837xd/headers/include" --include_path="/home/ismail/ti/C2000Ware_5_02_00_00/libraries/flash_api/f2837xd/include/Constants" --include_path="/home/ismail/ti/C2000Ware_5_02_00_00/libraries/flash_api/f2837xd/include" --include_path="/home/ismail/IOT-CANBus/TI/FLASH_BANK_0/SCI_CAN_Interfaces_CPU1" --include_path="/home/ismail/ti/ccs1271/ccs/tools/compiler/ti-cgt-c2000_22.6.1.LTS/include" --advice:performance=all --define=_STANDALONE --define=_FLASH --define=_LAUNCHXL_F28379D --define=DEBUG --define=_DUAL_HEADERS --define=CPU1 --diag_suppress=10063 --diag_warning=225 --diag_wrap=off --display_error_number --abi=coffabi --section_sizes=on --preproc_with_compile --preproc_dependency="assembly/DCSM_Z1_ZoneSelectBlock.d_raw" --obj_directory="assembly"  "../assembly/DCSM_Z1_ZoneSelectBlock.asm"
Finished building: "../assembly/DCSM_Z1_ZoneSelectBlock.asm"
 
Building file: "../assembly/fwupgradec1toc2_start.asm"
Invoking: C2000 Compiler
"/home/ismail/ti/ccs1271/ccs/tools/compiler/ti-cgt-c2000_22.6.1.LTS/bin/cl2000" -v28 -ml -mt --cla_support=cla1 --float_support=fpu32 --tmu_support=tmu0 --vcu_support=vcu2 -Ooff --include_path="/home/ismail/IOT-CANBus/TI/FLASH_BANK_0/SCI_CAN_Interfaces_CPU1/src" --include_path="/home/ismail/IOT-CANBus/TI/FLASH_BANK_0/SCI_CAN_Interfaces_CPU1/assembly" --include_path="/home/ismail/IOT-CANBus/TI/FLASH_BANK_0/SCI_CAN_Interfaces_CPU1/linker" --include_path="/home/ismail/IOT-CANBus/TI/FLASH_BANK_0/SCI_CAN_Interfaces_CPU1/headers" --include_path="/home/ismail/ti/C2000Ware_5_02_00_00/device_support/f2837xd/common/include" --include_path="/home/ismail/ti/C2000Ware_5_02_00_00/device_support/f2837xd/headers/include" --include_path="/home/ismail/ti/C2000Ware_5_02_00_00/libraries/flash_api/f2837xd/include/Constants" --include_path="/home/ismail/ti/C2000Ware_5_02_00_00/libraries/flash_api/f2837xd/include" --include_path="/home/ismail/IOT-CANBus/TI/FLASH_BANK_0/SCI_CAN_Interfaces_CPU1" --include_path="/home/ismail/ti/ccs1271/ccs/tools/compiler/ti-cgt-c2000_22.6.1.LTS/include" --advice:performance=all --define=_STANDALONE --define=_FLASH --define=_LAUNCHXL_F28379D --define=DEBUG --define=_DUAL_HEADERS --define=CPU1 --diag_suppress=10063 --diag_warning=225 --diag_wrap=off --display_error_number --abi=coffabi --section_sizes=on --preproc_with_compile --preproc_dependency="assembly/fwupgradec1toc2_start.d_raw" --obj_directory="assembly"  "../assembly/fwupgradec1toc2_start.asm"
Finished building: "../assembly/fwupgradec1toc2_start.asm"
 
Building file: "../assembly/F2837xD_usDelay.asm"
Invoking: C2000 Compiler
"/home/ismail/ti/ccs1271/ccs/tools/compiler/ti-cgt-c2000_22.6.1.LTS/bin/cl2000" -v28 -ml -mt --cla_support=cla1 --float_support=fpu32 --tmu_support=tmu0 --vcu_support=vcu2 -Ooff --include_path="/home/ismail/IOT-CANBus/TI/FLASH_BANK_0/SCI_CAN_Interfaces_CPU1/src" --include_path="/home/ismail/IOT-CANBus/TI/FLASH_BANK_0/SCI_CAN_Interfaces_CPU1/assembly" --include_path="/home/ismail/IOT-CANBus/TI/FLASH_BANK_0/SCI_CAN_Interfaces_CPU1/linker" --include_path="/home/ismail/IOT-CANBus/TI/FLASH_BANK_0/SCI_CAN_Interfaces_CPU1/headers" --include_path="/home/ismail/ti/C2000Ware_5_02_00_00/device_support/f2837xd/common/include" --include_path="/home/ismail/ti/C2000Ware_5_02_00_00/device_support/f2837xd/headers/include" --include_path="/home/ismail/ti/C2000Ware_5_02_00_00/libraries/flash_api/f2837xd/include/Constants" --include_path="/home/ismail/ti/C2000Ware_5_02_00_00/libraries/flash_api/f2837xd/include" --include_path="/home/ismail/IOT-CANBus/TI/FLASH_BANK_0/SCI_CAN_Interfaces_CPU1" --include_path="/home/ismail/ti/ccs1271/ccs/tools/compiler/ti-cgt-c2000_22.6.1.LTS/include" --advice:performance=all --define=_STANDALONE --define=_FLASH --define=_LAUNCHXL_F28379D --define=DEBUG --define=_DUAL_HEADERS --define=CPU1 --diag_suppress=10063 --diag_warning=225 --diag_wrap=off --display_error_number --abi=coffabi --section_sizes=on --preproc_with_compile --preproc_dependency="assembly/F2837xD_usDelay.d_raw" --obj_directory="assembly"  "../assembly/F2837xD_usDelay.asm"
Finished building: "../assembly/F2837xD_usDelay.asm"
 
Building file: "../src/F2837xD_Ipc.c"
Invoking: C2000 Compiler
"/home/ismail/ti/ccs1271/ccs/tools/compiler/ti-cgt-c2000_22.6.1.LTS/bin/cl2000" -v28 -ml -mt --cla_support=cla1 --float_support=fpu32 --tmu_support=tmu0 --vcu_support=vcu2 -Ooff --include_path="/home/ismail/IOT-CANBus/TI/FLASH_BANK_0/SCI_CAN_Interfaces_CPU1/src" --include_path="/home/ismail/IOT-CANBus/TI/FLASH_BANK_0/SCI_CAN_Interfaces_CPU1/assembly" --include_path="/home/ismail/IOT-CANBus/TI/FLASH_BANK_0/SCI_CAN_Interfaces_CPU1/linker" --include_path="/home/ismail/IOT-CANBus/TI/FLASH_BANK_0/SCI_CAN_Interfaces_CPU1/headers" --include_path="/home/ismail/ti/C2000Ware_5_02_00_00/device_support/f2837xd/common/include" --include_path="/home/ismail/ti/C2000Ware_5_02_00_00/device_support/f2837xd/headers/include" --include_path="/home/ismail/ti/C2000Ware_5_02_00_00/libraries/flash_api/f2837xd/include/Constants" --include_path="/home/ismail/ti/C2000Ware_5_02_00_00/libraries/flash_api/f2837xd/include" --include_path="/home/ismail/IOT-CANBus/TI/FLASH_BANK_0/SCI_CAN_Interfaces_CPU1" --include_path="/home/ismail/ti/ccs1271/ccs/tools/compiler/ti-cgt-c2000_22.6.1.LTS/include" --advice:performance=all --define=_STANDALONE --define=_FLASH --define=_LAUNCHXL_F28379D --define=DEBUG --define=_DUAL_HEADERS --define=CPU1 --diag_suppress=10063 --diag_warning=225 --diag_wrap=off --display_error_number --abi=coffabi --section_sizes=on --preproc_with_compile --preproc_dependency="src/F2837xD_Ipc.d_raw" --obj_directory="src"  "../src/F2837xD_Ipc.c"
FILE: src/F2837xD_Ipc.obj
CODE  size (bytes): 172
 
Finished building: "../src/F2837xD_Ipc.c"
 
Building file: "../src/F2837xD_DefaultISR.c"
Invoking: C2000 Compiler
"/home/ismail/ti/ccs1271/ccs/tools/compiler/ti-cgt-c2000_22.6.1.LTS/bin/cl2000" -v28 -ml -mt --cla_support=cla1 --float_support=fpu32 --tmu_support=tmu0 --vcu_support=vcu2 -Ooff --include_path="/home/ismail/IOT-CANBus/TI/FLASH_BANK_0/SCI_CAN_Interfaces_CPU1/src" --include_path="/home/ismail/IOT-CANBus/TI/FLASH_BANK_0/SCI_CAN_Interfaces_CPU1/assembly" --include_path="/home/ismail/IOT-CANBus/TI/FLASH_BANK_0/SCI_CAN_Interfaces_CPU1/linker" --include_path="/home/ismail/IOT-CANBus/TI/FLASH_BANK_0/SCI_CAN_Interfaces_CPU1/headers" --include_path="/home/ismail/ti/C2000Ware_5_02_00_00/device_support/f2837xd/common/include" --include_path="/home/ismail/ti/C2000Ware_5_02_00_00/device_support/f2837xd/headers/include" --include_path="/home/ismail/ti/C2000Ware_5_02_00_00/libraries/flash_api/f2837xd/include/Constants" --include_path="/home/ismail/ti/C2000Ware_5_02_00_00/libraries/flash_api/f2837xd/include" --include_path="/home/ismail/IOT-CANBus/TI/FLASH_BANK_0/SCI_CAN_Interfaces_CPU1" --include_path="/home/ismail/ti/ccs1271/ccs/tools/compiler/ti-cgt-c2000_22.6.1.LTS/include" --advice:performance=all --define=_STANDALONE --define=_FLASH --define=_LAUNCHXL_F28379D --define=DEBUG --define=_DUAL_HEADERS --define=CPU1 --diag_suppress=10063 --diag_warning=225 --diag_wrap=off --display_error_number --abi=coffabi --section_sizes=on --preproc_with_compile --preproc_dependency="src/F2837xD_DefaultISR.d_raw" --obj_directory="src"  "../src/F2837xD_DefaultISR.c"
FILE: src/F2837xD_DefaultISR.obj
CODE  size (bytes): 1413
 
Finished building: "../src/F2837xD_DefaultISR.c"
 
Building file: "../src/F2837xD_PieCtrl.c"
Invoking: C2000 Compiler
"/home/ismail/ti/ccs1271/ccs/tools/compiler/ti-cgt-c2000_22.6.1.LTS/bin/cl2000" -v28 -ml -mt --cla_support=cla1 --float_support=fpu32 --tmu_support=tmu0 --vcu_support=vcu2 -Ooff --include_path="/home/ismail/IOT-CANBus/TI/FLASH_BANK_0/SCI_CAN_Interfaces_CPU1/src" --include_path="/home/ismail/IOT-CANBus/TI/FLASH_BANK_0/SCI_CAN_Interfaces_CPU1/assembly" --include_path="/home/ismail/IOT-CANBus/TI/FLASH_BANK_0/SCI_CAN_Interfaces_CPU1/linker" --include_path="/home/ismail/IOT-CANBus/TI/FLASH_BANK_0/SCI_CAN_Interfaces_CPU1/headers" --include_path="/home/ismail/ti/C2000Ware_5_02_00_00/device_support/f2837xd/common/include" --include_path="/home/ismail/ti/C2000Ware_5_02_00_00/device_support/f2837xd/headers/include" --include_path="/home/ismail/ti/C2000Ware_5_02_00_00/libraries/flash_api/f2837xd/include/Constants" --include_path="/home/ismail/ti/C2000Ware_5_02_00_00/libraries/flash_api/f2837xd/include" --include_path="/home/ismail/IOT-CANBus/TI/FLASH_BANK_0/SCI_CAN_Interfaces_CPU1" --include_path="/home/ismail/ti/ccs1271/ccs/tools/compiler/ti-cgt-c2000_22.6.1.LTS/include" --advice:performance=all --define=_STANDALONE --define=_FLASH --define=_LAUNCHXL_F28379D --define=DEBUG --define=_DUAL_HEADERS --define=CPU1 --diag_suppress=10063 --diag_warning=225 --diag_wrap=off --display_error_number --abi=coffabi --section_sizes=on --preproc_with_compile --preproc_dependency="src/F2837xD_PieCtrl.d_raw" --obj_directory="src"  "../src/F2837xD_PieCtrl.c"
FILE: src/F2837xD_PieCtrl.obj
CODE  size (bytes): 40
 
Finished building: "../src/F2837xD_PieCtrl.c"
 
Building file: "../src/F2837xD_PieVect.c"
Invoking: C2000 Compiler
"/home/ismail/ti/ccs1271/ccs/tools/compiler/ti-cgt-c2000_22.6.1.LTS/bin/cl2000" -v28 -ml -mt --cla_support=cla1 --float_support=fpu32 --tmu_support=tmu0 --vcu_support=vcu2 -Ooff --include_path="/home/ismail/IOT-CANBus/TI/FLASH_BANK_0/SCI_CAN_Interfaces_CPU1/src" --include_path="/home/ismail/IOT-CANBus/TI/FLASH_BANK_0/SCI_CAN_Interfaces_CPU1/assembly" --include_path="/home/ismail/IOT-CANBus/TI/FLASH_BANK_0/SCI_CAN_Interfaces_CPU1/linker" --include_path="/home/ismail/IOT-CANBus/TI/FLASH_BANK_0/SCI_CAN_Interfaces_CPU1/headers" --include_path="/home/ismail/ti/C2000Ware_5_02_00_00/device_support/f2837xd/common/include" --include_path="/home/ismail/ti/C2000Ware_5_02_00_00/device_support/f2837xd/headers/include" --include_path="/home/ismail/ti/C2000Ware_5_02_00_00/libraries/flash_api/f2837xd/include/Constants" --include_path="/home/ismail/ti/C2000Ware_5_02_00_00/libraries/flash_api/f2837xd/include" --include_path="/home/ismail/IOT-CANBus/TI/FLASH_BANK_0/SCI_CAN_Interfaces_CPU1" --include_path="/home/ismail/ti/ccs1271/ccs/tools/compiler/ti-cgt-c2000_22.6.1.LTS/include" --advice:performance=all --define=_STANDALONE --define=_FLASH --define=_LAUNCHXL_F28379D --define=DEBUG --define=_DUAL_HEADERS --define=CPU1 --diag_suppress=10063 --diag_warning=225 --diag_wrap=off --display_error_number --abi=coffabi --section_sizes=on --preproc_with_compile --preproc_dependency="src/F2837xD_PieVect.d_raw" --obj_directory="src"  "../src/F2837xD_PieVect.c"
FILE: src/F2837xD_PieVect.obj
CODE  size (bytes): 38
CONST size (bytes): 448
 
Finished building: "../src/F2837xD_PieVect.c"
 
Building file: "../src/F2837xD_Gpio.c"
Invoking: C2000 Compiler
"/home/ismail/ti/ccs1271/ccs/tools/compiler/ti-cgt-c2000_22.6.1.LTS/bin/cl2000" -v28 -ml -mt --cla_support=cla1 --float_support=fpu32 --tmu_support=tmu0 --vcu_support=vcu2 -Ooff --include_path="/home/ismail/IOT-CANBus/TI/FLASH_BANK_0/SCI_CAN_Interfaces_CPU1/src" --include_path="/home/ismail/IOT-CANBus/TI/FLASH_BANK_0/SCI_CAN_Interfaces_CPU1/assembly" --include_path="/home/ismail/IOT-CANBus/TI/FLASH_BANK_0/SCI_CAN_Interfaces_CPU1/linker" --include_path="/home/ismail/IOT-CANBus/TI/FLASH_BANK_0/SCI_CAN_Interfaces_CPU1/headers" --include_path="/home/ismail/ti/C2000Ware_5_02_00_00/device_support/f2837xd/common/include" --include_path="/home/ismail/ti/C2000Ware_5_02_00_00/device_support/f2837xd/headers/include" --include_path="/home/ismail/ti/C2000Ware_5_02_00_00/libraries/flash_api/f2837xd/include/Constants" --include_path="/home/ismail/ti/C2000Ware_5_02_00_00/libraries/flash_api/f2837xd/include" --include_path="/home/ismail/IOT-CANBus/TI/FLASH_BANK_0/SCI_CAN_Interfaces_CPU1" --include_path="/home/ismail/ti/ccs1271/ccs/tools/compiler/ti-cgt-c2000_22.6.1.LTS/include" --advice:performance=all --define=_STANDALONE --define=_FLASH --define=_LAUNCHXL_F28379D --define=DEBUG --define=_DUAL_HEADERS --define=CPU1 --diag_suppress=10063 --diag_warning=225 --diag_wrap=off --display_error_number --abi=coffabi --section_sizes=on --preproc_with_compile --preproc_dependency="src/F2837xD_Gpio.d_raw" --obj_directory="src"  "../src/F2837xD_Gpio.c"
FILE: src/F2837xD_Gpio.obj
CODE  size (bytes): 580
 
Finished building: "../src/F2837xD_Gpio.c"
 
Building file: "../src/F2837xD_Ipc_Driver_Util.c"
Invoking: C2000 Compiler
"/home/ismail/ti/ccs1271/ccs/tools/compiler/ti-cgt-c2000_22.6.1.LTS/bin/cl2000" -v28 -ml -mt --cla_support=cla1 --float_support=fpu32 --tmu_support=tmu0 --vcu_support=vcu2 -Ooff --include_path="/home/ismail/IOT-CANBus/TI/FLASH_BANK_0/SCI_CAN_Interfaces_CPU1/src" --include_path="/home/ismail/IOT-CANBus/TI/FLASH_BANK_0/SCI_CAN_Interfaces_CPU1/assembly" --include_path="/home/ismail/IOT-CANBus/TI/FLASH_BANK_0/SCI_CAN_Interfaces_CPU1/linker" --include_path="/home/ismail/IOT-CANBus/TI/FLASH_BANK_0/SCI_CAN_Interfaces_CPU1/headers" --include_path="/home/ismail/ti/C2000Ware_5_02_00_00/device_support/f2837xd/common/include" --include_path="/home/ismail/ti/C2000Ware_5_02_00_00/device_support/f2837xd/headers/include" --include_path="/home/ismail/ti/C2000Ware_5_02_00_00/libraries/flash_api/f2837xd/include/Constants" --include_path="/home/ismail/ti/C2000Ware_5_02_00_00/libraries/flash_api/f2837xd/include" --include_path="/home/ismail/IOT-CANBus/TI/FLASH_BANK_0/SCI_CAN_Interfaces_CPU1" --include_path="/home/ismail/ti/ccs1271/ccs/tools/compiler/ti-cgt-c2000_22.6.1.LTS/include" --advice:performance=all --define=_STANDALONE --define=_FLASH --define=_LAUNCHXL_F28379D --define=DEBUG --define=_DUAL_HEADERS --define=CPU1 --diag_suppress=10063 --diag_warning=225 --diag_wrap=off --display_error_number --abi=coffabi --section_sizes=on --preproc_with_compile --preproc_dependency="src/F2837xD_Ipc_Driver_Util.d_raw" --obj_directory="src"  "../src/F2837xD_Ipc_Driver_Util.c"
FILE: src/F2837xD_Ipc_Driver_Util.obj
CODE  size (bytes): 366
 
Finished building: "../src/F2837xD_Ipc_Driver_Util.c"
 
Building file: "../src/Fapi_UserDefinedFunctions.c"
Invoking: C2000 Compiler
"/home/ismail/ti/ccs1271/ccs/tools/compiler/ti-cgt-c2000_22.6.1.LTS/bin/cl2000" -v28 -ml -mt --cla_support=cla1 --float_support=fpu32 --tmu_support=tmu0 --vcu_support=vcu2 -Ooff --include_path="/home/ismail/IOT-CANBus/TI/FLASH_BANK_0/SCI_CAN_Interfaces_CPU1/src" --include_path="/home/ismail/IOT-CANBus/TI/FLASH_BANK_0/SCI_CAN_Interfaces_CPU1/assembly" --include_path="/home/ismail/IOT-CANBus/TI/FLASH_BANK_0/SCI_CAN_Interfaces_CPU1/linker" --include_path="/home/ismail/IOT-CANBus/TI/FLASH_BANK_0/SCI_CAN_Interfaces_CPU1/headers" --include_path="/home/ismail/ti/C2000Ware_5_02_00_00/device_support/f2837xd/common/include" --include_path="/home/ismail/ti/C2000Ware_5_02_00_00/device_support/f2837xd/headers/include" --include_path="/home/ismail/ti/C2000Ware_5_02_00_00/libraries/flash_api/f2837xd/include/Constants" --include_path="/home/ismail/ti/C2000Ware_5_02_00_00/libraries/flash_api/f2837xd/include" --include_path="/home/ismail/IOT-CANBus/TI/FLASH_BANK_0/SCI_CAN_Interfaces_CPU1" --include_path="/home/ismail/ti/ccs1271/ccs/tools/compiler/ti-cgt-c2000_22.6.1.LTS/include" --advice:performance=all --define=_STANDALONE --define=_FLASH --define=_LAUNCHXL_F28379D --define=DEBUG --define=_DUAL_HEADERS --define=CPU1 --diag_suppress=10063 --diag_warning=225 --diag_wrap=off --display_error_number --abi=coffabi --section_sizes=on --preproc_with_compile --preproc_dependency="src/Fapi_UserDefinedFunctions.d_raw" --obj_directory="src"  "../src/Fapi_UserDefinedFunctions.c"
FILE: src/Fapi_UserDefinedFunctions.obj
CODE  size (bytes): 148
 
Finished building: "../src/Fapi_UserDefinedFunctions.c"
 
Building file: "../src/F2837xD_GlobalVariableDefs.c"
Invoking: C2000 Compiler
"/home/ismail/ti/ccs1271/ccs/tools/compiler/ti-cgt-c2000_22.6.1.LTS/bin/cl2000" -v28 -ml -mt --cla_support=cla1 --float_support=fpu32 --tmu_support=tmu0 --vcu_support=vcu2 -Ooff --include_path="/home/ismail/IOT-CANBus/TI/FLASH_BANK_0/SCI_CAN_Interfaces_CPU1/src" --include_path="/home/ismail/IOT-CANBus/TI/FLASH_BANK_0/SCI_CAN_Interfaces_CPU1/assembly" --include_path="/home/ismail/IOT-CANBus/TI/FLASH_BANK_0/SCI_CAN_Interfaces_CPU1/linker" --include_path="/home/ismail/IOT-CANBus/TI/FLASH_BANK_0/SCI_CAN_Interfaces_CPU1/headers" --include_path="/home/ismail/ti/C2000Ware_5_02_00_00/device_support/f2837xd/common/include" --include_path="/home/ismail/ti/C2000Ware_5_02_00_00/device_support/f2837xd/headers/include" --include_path="/home/ismail/ti/C2000Ware_5_02_00_00/libraries/flash_api/f2837xd/include/Constants" --include_path="/home/ismail/ti/C2000Ware_5_02_00_00/libraries/flash_api/f2837xd/include" --include_path="/home/ismail/IOT-CANBus/TI/FLASH_BANK_0/SCI_CAN_Interfaces_CPU1" --include_path="/home/ismail/ti/ccs1271/ccs/tools/compiler/ti-cgt-c2000_22.6.1.LTS/include" --advice:performance=all --define=_STANDALONE --define=_FLASH --define=_LAUNCHXL_F28379D --define=DEBUG --define=_DUAL_HEADERS --define=CPU1 --diag_suppress=10063 --diag_warning=225 --diag_wrap=off --display_error_number --abi=coffabi --section_sizes=on --preproc_with_compile --preproc_dependency="src/F2837xD_GlobalVariableDefs.d_raw" --obj_directory="src"  "../src/F2837xD_GlobalVariableDefs.c"
FILE: src/F2837xD_GlobalVariableDefs.obj
DATA  size (bytes): 9870
 
Finished building: "../src/F2837xD_GlobalVariableDefs.c"
 
Building file: "../src/F2837xD_SysCtrl.c"
Invoking: C2000 Compiler
"/home/ismail/ti/ccs1271/ccs/tools/compiler/ti-cgt-c2000_22.6.1.LTS/bin/cl2000" -v28 -ml -mt --cla_support=cla1 --float_support=fpu32 --tmu_support=tmu0 --vcu_support=vcu2 -Ooff --include_path="/home/ismail/IOT-CANBus/TI/FLASH_BANK_0/SCI_CAN_Interfaces_CPU1/src" --include_path="/home/ismail/IOT-CANBus/TI/FLASH_BANK_0/SCI_CAN_Interfaces_CPU1/assembly" --include_path="/home/ismail/IOT-CANBus/TI/FLASH_BANK_0/SCI_CAN_Interfaces_CPU1/linker" --include_path="/home/ismail/IOT-CANBus/TI/FLASH_BANK_0/SCI_CAN_Interfaces_CPU1/headers" --include_path="/home/ismail/ti/C2000Ware_5_02_00_00/device_support/f2837xd/common/include" --include_path="/home/ismail/ti/C2000Ware_5_02_00_00/device_support/f2837xd/headers/include" --include_path="/home/ismail/ti/C2000Ware_5_02_00_00/libraries/flash_api/f2837xd/include/Constants" --include_path="/home/ismail/ti/C2000Ware_5_02_00_00/libraries/flash_api/f2837xd/include" --include_path="/home/ismail/IOT-CANBus/TI/FLASH_BANK_0/SCI_CAN_Interfaces_CPU1" --include_path="/home/ismail/ti/ccs1271/ccs/tools/compiler/ti-cgt-c2000_22.6.1.LTS/include" --advice:performance=all --define=_STANDALONE --define=_FLASH --define=_LAUNCHXL_F28379D --define=DEBUG --define=_DUAL_HEADERS --define=CPU1 --diag_suppress=10063 --diag_warning=225 --diag_wrap=off --display_error_number --abi=coffabi --section_sizes=on --preproc_with_compile --preproc_dependency="src/F2837xD_SysCtrl.d_raw" --obj_directory="src"  "../src/F2837xD_SysCtrl.c"
FILE: src/F2837xD_SysCtrl.obj
CODE  size (bytes): 1259
 
"../src/F2837xD_SysCtrl.c", line 837 (col. 47): advice #2614-D: (Performance) Use --fp_mode=relaxed to enable TMU hardware support for FP division.
Finished building: "../src/F2837xD_SysCtrl.c"
 
Building file: "../src/SCI_Boot.c"
Invoking: C2000 Compiler
"/home/ismail/ti/ccs1271/ccs/tools/compiler/ti-cgt-c2000_22.6.1.LTS/bin/cl2000" -v28 -ml -mt --cla_support=cla1 --float_support=fpu32 --tmu_support=tmu0 --vcu_support=vcu2 -Ooff --include_path="/home/ismail/IOT-CANBus/TI/FLASH_BANK_0/SCI_CAN_Interfaces_CPU1/src" --include_path="/home/ismail/IOT-CANBus/TI/FLASH_BANK_0/SCI_CAN_Interfaces_CPU1/assembly" --include_path="/home/ismail/IOT-CANBus/TI/FLASH_BANK_0/SCI_CAN_Interfaces_CPU1/linker" --include_path="/home/ismail/IOT-CANBus/TI/FLASH_BANK_0/SCI_CAN_Interfaces_CPU1/headers" --include_path="/home/ismail/ti/C2000Ware_5_02_00_00/device_support/f2837xd/common/include" --include_path="/home/ismail/ti/C2000Ware_5_02_00_00/device_support/f2837xd/headers/include" --include_path="/home/ismail/ti/C2000Ware_5_02_00_00/libraries/flash_api/f2837xd/include/Constants" --include_path="/home/ismail/ti/C2000Ware_5_02_00_00/libraries/flash_api/f2837xd/include" --include_path="/home/ismail/IOT-CANBus/TI/FLASH_BANK_0/SCI_CAN_Interfaces_CPU1" --include_path="/home/ismail/ti/ccs1271/ccs/tools/compiler/ti-cgt-c2000_22.6.1.LTS/include" --advice:performance=all --define=_STANDALONE --define=_FLASH --define=_LAUNCHXL_F28379D --define=DEBUG --define=_DUAL_HEADERS --define=CPU1 --diag_suppress=10063 --diag_warning=225 --diag_wrap=off --display_error_number --abi=coffabi --section_sizes=on --preproc_with_compile --preproc_dependency="src/SCI_Boot.d_raw" --obj_directory="src"  "../src/SCI_Boot.c"
FILE: src/SCI_Boot.obj
CODE  size (bytes): 222
 
Finished building: "../src/SCI_Boot.c"
 
Building file: "../src/Shared_Erase.c"
Invoking: C2000 Compiler
"/home/ismail/ti/ccs1271/ccs/tools/compiler/ti-cgt-c2000_22.6.1.LTS/bin/cl2000" -v28 -ml -mt --cla_support=cla1 --float_support=fpu32 --tmu_support=tmu0 --vcu_support=vcu2 -Ooff --include_path="/home/ismail/IOT-CANBus/TI/FLASH_BANK_0/SCI_CAN_Interfaces_CPU1/src" --include_path="/home/ismail/IOT-CANBus/TI/FLASH_BANK_0/SCI_CAN_Interfaces_CPU1/assembly" --include_path="/home/ismail/IOT-CANBus/TI/FLASH_BANK_0/SCI_CAN_Interfaces_CPU1/linker" --include_path="/home/ismail/IOT-CANBus/TI/FLASH_BANK_0/SCI_CAN_Interfaces_CPU1/headers" --include_path="/home/ismail/ti/C2000Ware_5_02_00_00/device_support/f2837xd/common/include" --include_path="/home/ismail/ti/C2000Ware_5_02_00_00/device_support/f2837xd/headers/include" --include_path="/home/ismail/ti/C2000Ware_5_02_00_00/libraries/flash_api/f2837xd/include/Constants" --include_path="/home/ismail/ti/C2000Ware_5_02_00_00/libraries/flash_api/f2837xd/include" --include_path="/home/ismail/IOT-CANBus/TI/FLASH_BANK_0/SCI_CAN_Interfaces_CPU1" --include_path="/home/ismail/ti/ccs1271/ccs/tools/compiler/ti-cgt-c2000_22.6.1.LTS/include" --advice:performance=all --define=_STANDALONE --define=_FLASH --define=_LAUNCHXL_F28379D --define=DEBUG --define=_DUAL_HEADERS --define=CPU1 --diag_suppress=10063 --diag_warning=225 --diag_wrap=off --display_error_number --abi=coffabi --section_sizes=on --preproc_with_compile --preproc_dependency="src/Shared_Erase.d_raw" --obj_directory="src"  "../src/Shared_Erase.c"
FILE: src/Shared_Erase.obj
CODE  size (bytes): 98
CONST size (bytes): 42
 
Finished building: "../src/Shared_Erase.c"
 
Building file: "../src/SCI_GetFunction.c"
Invoking: C2000 Compiler
"/home/ismail/ti/ccs1271/ccs/tools/compiler/ti-cgt-c2000_22.6.1.LTS/bin/cl2000" -v28 -ml -mt --cla_support=cla1 --float_support=fpu32 --tmu_support=tmu0 --vcu_support=vcu2 -Ooff --include_path="/home/ismail/IOT-CANBus/TI/FLASH_BANK_0/SCI_CAN_Interfaces_CPU1/src" --include_path="/home/ismail/IOT-CANBus/TI/FLASH_BANK_0/SCI_CAN_Interfaces_CPU1/assembly" --include_path="/home/ismail/IOT-CANBus/TI/FLASH_BANK_0/SCI_CAN_Interfaces_CPU1/linker" --include_path="/home/ismail/IOT-CANBus/TI/FLASH_BANK_0/SCI_CAN_Interfaces_CPU1/headers" --include_path="/home/ismail/ti/C2000Ware_5_02_00_00/device_support/f2837xd/common/include" --include_path="/home/ismail/ti/C2000Ware_5_02_00_00/device_support/f2837xd/headers/include" --include_path="/home/ismail/ti/C2000Ware_5_02_00_00/libraries/flash_api/f2837xd/include/Constants" --include_path="/home/ismail/ti/C2000Ware_5_02_00_00/libraries/flash_api/f2837xd/include" --include_path="/home/ismail/IOT-CANBus/TI/FLASH_BANK_0/SCI_CAN_Interfaces_CPU1" --include_path="/home/ismail/ti/ccs1271/ccs/tools/compiler/ti-cgt-c2000_22.6.1.LTS/include" --advice:performance=all --define=_STANDALONE --define=_FLASH --define=_LAUNCHXL_F28379D --define=DEBUG --define=_DUAL_HEADERS --define=CPU1 --diag_suppress=10063 --diag_warning=225 --diag_wrap=off --display_error_number --abi=coffabi --section_sizes=on --preproc_with_compile --preproc_dependency="src/SCI_GetFunction.d_raw" --obj_directory="src"  "../src/SCI_GetFunction.c"
FILE: src/SCI_GetFunction.obj
CODE  size (bytes): 678
DATA  size (bytes): 10
 
Finished building: "../src/SCI_GetFunction.c"
 
Building file: "../src/Shared_Verify.c"
Invoking: C2000 Compiler
"/home/ismail/ti/ccs1271/ccs/tools/compiler/ti-cgt-c2000_22.6.1.LTS/bin/cl2000" -v28 -ml -mt --cla_support=cla1 --float_support=fpu32 --tmu_support=tmu0 --vcu_support=vcu2 -Ooff --include_path="/home/ismail/IOT-CANBus/TI/FLASH_BANK_0/SCI_CAN_Interfaces_CPU1/src" --include_path="/home/ismail/IOT-CANBus/TI/FLASH_BANK_0/SCI_CAN_Interfaces_CPU1/assembly" --include_path="/home/ismail/IOT-CANBus/TI/FLASH_BANK_0/SCI_CAN_Interfaces_CPU1/linker" --include_path="/home/ismail/IOT-CANBus/TI/FLASH_BANK_0/SCI_CAN_Interfaces_CPU1/headers" --include_path="/home/ismail/ti/C2000Ware_5_02_00_00/device_support/f2837xd/common/include" --include_path="/home/ismail/ti/C2000Ware_5_02_00_00/device_support/f2837xd/headers/include" --include_path="/home/ismail/ti/C2000Ware_5_02_00_00/libraries/flash_api/f2837xd/include/Constants" --include_path="/home/ismail/ti/C2000Ware_5_02_00_00/libraries/flash_api/f2837xd/include" --include_path="/home/ismail/IOT-CANBus/TI/FLASH_BANK_0/SCI_CAN_Interfaces_CPU1" --include_path="/home/ismail/ti/ccs1271/ccs/tools/compiler/ti-cgt-c2000_22.6.1.LTS/include" --advice:performance=all --define=_STANDALONE --define=_FLASH --define=_LAUNCHXL_F28379D --define=DEBUG --define=_DUAL_HEADERS --define=CPU1 --diag_suppress=10063 --diag_warning=225 --diag_wrap=off --display_error_number --abi=coffabi --section_sizes=on --preproc_with_compile --preproc_dependency="src/Shared_Verify.d_raw" --obj_directory="src"  "../src/Shared_Verify.c"
FILE: src/Shared_Verify.obj
CODE  size (bytes): 405
 
Finished building: "../src/Shared_Verify.c"
 
Building file: "../src/Shared_Boot.c"
Invoking: C2000 Compiler
"/home/ismail/ti/ccs1271/ccs/tools/compiler/ti-cgt-c2000_22.6.1.LTS/bin/cl2000" -v28 -ml -mt --cla_support=cla1 --float_support=fpu32 --tmu_support=tmu0 --vcu_support=vcu2 -Ooff --include_path="/home/ismail/IOT-CANBus/TI/FLASH_BANK_0/SCI_CAN_Interfaces_CPU1/src" --include_path="/home/ismail/IOT-CANBus/TI/FLASH_BANK_0/SCI_CAN_Interfaces_CPU1/assembly" --include_path="/home/ismail/IOT-CANBus/TI/FLASH_BANK_0/SCI_CAN_Interfaces_CPU1/linker" --include_path="/home/ismail/IOT-CANBus/TI/FLASH_BANK_0/SCI_CAN_Interfaces_CPU1/headers" --include_path="/home/ismail/ti/C2000Ware_5_02_00_00/device_support/f2837xd/common/include" --include_path="/home/ismail/ti/C2000Ware_5_02_00_00/device_support/f2837xd/headers/include" --include_path="/home/ismail/ti/C2000Ware_5_02_00_00/libraries/flash_api/f2837xd/include/Constants" --include_path="/home/ismail/ti/C2000Ware_5_02_00_00/libraries/flash_api/f2837xd/include" --include_path="/home/ismail/IOT-CANBus/TI/FLASH_BANK_0/SCI_CAN_Interfaces_CPU1" --include_path="/home/ismail/ti/ccs1271/ccs/tools/compiler/ti-cgt-c2000_22.6.1.LTS/include" --advice:performance=all --define=_STANDALONE --define=_FLASH --define=_LAUNCHXL_F28379D --define=DEBUG --define=_DUAL_HEADERS --define=CPU1 --diag_suppress=10063 --diag_warning=225 --diag_wrap=off --display_error_number --abi=coffabi --section_sizes=on --preproc_with_compile --preproc_dependency="src/Shared_Boot.d_raw" --obj_directory="src"  "../src/Shared_Boot.c"
FILE: src/Shared_Boot.obj
CODE  size (bytes): 1076
CONST size (bytes): 17
DATA  size (bytes): 16
 
Finished building: "../src/Shared_Boot.c"
 
Building file: "../src/main.c"
Invoking: C2000 Compiler
"/home/ismail/ti/ccs1271/ccs/tools/compiler/ti-cgt-c2000_22.6.1.LTS/bin/cl2000" -v28 -ml -mt --cla_support=cla1 --float_support=fpu32 --tmu_support=tmu0 --vcu_support=vcu2 -Ooff --include_path="/home/ismail/IOT-CANBus/TI/FLASH_BANK_0/SCI_CAN_Interfaces_CPU1/src" --include_path="/home/ismail/IOT-CANBus/TI/FLASH_BANK_0/SCI_CAN_Interfaces_CPU1/assembly" --include_path="/home/ismail/IOT-CANBus/TI/FLASH_BANK_0/SCI_CAN_Interfaces_CPU1/linker" --include_path="/home/ismail/IOT-CANBus/TI/FLASH_BANK_0/SCI_CAN_Interfaces_CPU1/headers" --include_path="/home/ismail/ti/C2000Ware_5_02_00_00/device_support/f2837xd/common/include" --include_path="/home/ismail/ti/C2000Ware_5_02_00_00/device_support/f2837xd/headers/include" --include_path="/home/ismail/ti/C2000Ware_5_02_00_00/libraries/flash_api/f2837xd/include/Constants" --include_path="/home/ismail/ti/C2000Ware_5_02_00_00/libraries/flash_api/f2837xd/include" --include_path="/home/ismail/IOT-CANBus/TI/FLASH_BANK_0/SCI_CAN_Interfaces_CPU1" --include_path="/home/ismail/ti/ccs1271/ccs/tools/compiler/ti-cgt-c2000_22.6.1.LTS/include" --advice:performance=all --define=_STANDALONE --define=_FLASH --define=_LAUNCHXL_F28379D --define=DEBUG --define=_DUAL_HEADERS --define=CPU1 --diag_suppress=10063 --diag_warning=225 --diag_wrap=off --display_error_number --abi=coffabi --section_sizes=on --preproc_with_compile --preproc_dependency="src/main.d_raw" --obj_directory="src"  "../src/main.c"
FILE: src/main.obj
CODE  size (bytes): 119
 
Finished building: "../src/main.c"
 
Building target: "SCI_CAN_Interfaces_CPU1.out"
Invoking: C2000 Linker
"/home/ismail/ti/ccs1271/ccs/tools/compiler/ti-cgt-c2000_22.6.1.LTS/bin/cl2000" -v28 -ml -mt --cla_support=cla1 --float_support=fpu32 --tmu_support=tmu0 --vcu_support=vcu2 -Ooff --advice:performance=all --define=_STANDALONE --define=_FLASH --define=_LAUNCHXL_F28379D --define=DEBUG --define=_DUAL_HEADERS --define=CPU1 --diag_suppress=10063 --diag_warning=225 --diag_wrap=off --display_error_number --abi=coffabi --section_sizes=on -z -m"SCI_CAN_Interfaces_CPU1.map" --stack_size=0x100 --warn_sections -i"/home/ismail/ti/C2000Ware_5_02_00_00/device_support/f2837xd/common/cmd" -i"/home/ismail/ti/C2000Ware_5_02_00_00/device_support/f2837xd/headers/cmd" -i"/home/ismail/ti/ccs1271/ccs/tools/compiler/ti-cgt-c2000_22.6.1.LTS/lib" -i"/home/ismail/ti/ccs1271/ccs/tools/compiler/ti-cgt-c2000_22.6.1.LTS/include" --reread_libs --diag_wrap=off --display_error_number --xml_link_info="SCI_CAN_Interfaces_CPU1_linkInfo.xml" --entry_point=code_start --rom_model -o "SCI_CAN_Interfaces_CPU1.out" "./assembly/DCSM_Z1_ZoneSelectBlock.obj" "./assembly/DCSM_Z2_ZoneSelectBlock.obj" "./assembly/F2837xD_usDelay.obj" "./assembly/fwupgradec1toc2_start.obj" "./src/F2837xD_DefaultISR.obj" "./src/F2837xD_GlobalVariableDefs.obj" "./src/F2837xD_Gpio.obj" "./src/F2837xD_Ipc.obj" "./src/F2837xD_Ipc_Driver_Util.obj" "./src/F2837xD_PieCtrl.obj" "./src/F2837xD_PieVect.obj" "./src/F2837xD_SysCtrl.obj" "./src/Fapi_UserDefinedFunctions.obj" "./src/SCI_Boot.obj" "./src/SCI_GetFunction.obj" "./src/Shared_Boot.obj" "./src/Shared_Erase.obj" "./src/Shared_Verify.obj" "./src/main.obj" "/home/ismail/ti/C2000Ware_5_02_00_00/libraries/flash_api/f2837xd/lib/F021_API_F2837xD_FPU32.lib" "/home/ismail/ti/C2000Ware_5_02_00_00/libraries/boot_rom/f2837xd/rev0/rom_symbol_libs/c1_ROM_API/c1bootROM_BootROMSymbols_fpu32.lib" "../linker/2837xD_FLASH_lnk_cpu1.cmd" "../linker/F2837xD_Headers_nonBIOS_cpu1.cmd" "../linker/flash_programming_cpu1tocpu2_RAM.cmd"  -l"/home/ismail/ti/ccs1271/ccs/tools/compiler/ti-cgt-c2000_22.6.1.LTS/lib/rts2800_fpu32.lib" -llibc.a 
<Linking>
FILE: SCI_CAN_Interfaces_CPU1.out
CODE  size (bytes): 8542
CONST size (bytes): 61
DATA  size (bytes): 10164
 
Finished building target: "SCI_CAN_Interfaces_CPU1.out"
 

**** Build Finished ****

**** Build of configuration CPU1_FLASH for project SCI_CAN_Interfaces_CPU1 ****

/home/ismail/ti/ccs1271/ccs/utils/bin/gmake -k -j 4 all -O 
 
Building file: "../src/main.c"
Invoking: C2000 Compiler
"/home/ismail/ti/ccs1271/ccs/tools/compiler/ti-cgt-c2000_22.6.1.LTS/bin/cl2000" -v28 -ml -mt --cla_support=cla1 --float_support=fpu32 --tmu_support=tmu0 --vcu_support=vcu2 -Ooff --include_path="/home/ismail/IOT-CANBus/TI/FLASH_BANK_0/SCI_CAN_Interfaces_CPU1/src" --include_path="/home/ismail/IOT-CANBus/TI/FLASH_BANK_0/SCI_CAN_Interfaces_CPU1/assembly" --include_path="/home/ismail/IOT-CANBus/TI/FLASH_BANK_0/SCI_CAN_Interfaces_CPU1/linker" --include_path="/home/ismail/IOT-CANBus/TI/FLASH_BANK_0/SCI_CAN_Interfaces_CPU1/headers" --include_path="/home/ismail/ti/C2000Ware_5_02_00_00/device_support/f2837xd/common/include" --include_path="/home/ismail/ti/C2000Ware_5_02_00_00/device_support/f2837xd/headers/include" --include_path="/home/ismail/ti/C2000Ware_5_02_00_00/libraries/flash_api/f2837xd/include/Constants" --include_path="/home/ismail/ti/C2000Ware_5_02_00_00/libraries/flash_api/f2837xd/include" --include_path="/home/ismail/IOT-CANBus/TI/FLASH_BANK_0/SCI_CAN_Interfaces_CPU1" --include_path="/home/ismail/ti/ccs1271/ccs/tools/compiler/ti-cgt-c2000_22.6.1.LTS/include" --advice:performance=all --define=_STANDALONE --define=_FLASH --define=_LAUNCHXL_F28379D --define=DEBUG --define=_DUAL_HEADERS --define=CPU1 --diag_suppress=10063 --diag_warning=225 --diag_wrap=off --display_error_number --abi=coffabi --section_sizes=on --preproc_with_compile --preproc_dependency="src/main.d_raw" --obj_directory="src"  "../src/main.c"
FILE: src/main.obj
CODE  size (bytes): 119
 
Finished building: "../src/main.c"
 
Building target: "SCI_CAN_Interfaces_CPU1.out"
Invoking: C2000 Linker
"/home/ismail/ti/ccs1271/ccs/tools/compiler/ti-cgt-c2000_22.6.1.LTS/bin/cl2000" -v28 -ml -mt --cla_support=cla1 --float_support=fpu32 --tmu_support=tmu0 --vcu_support=vcu2 -Ooff --advice:performance=all --define=_STANDALONE --define=_FLASH --define=_LAUNCHXL_F28379D --define=DEBUG --define=_DUAL_HEADERS --define=CPU1 --diag_suppress=10063 --diag_warning=225 --diag_wrap=off --display_error_number --abi=coffabi --section_sizes=on -z -m"SCI_CAN_Interfaces_CPU1.map" --stack_size=0x100 --warn_sections -i"/home/ismail/ti/C2000Ware_5_02_00_00/device_support/f2837xd/common/cmd" -i"/home/ismail/ti/C2000Ware_5_02_00_00/device_support/f2837xd/headers/cmd" -i"/home/ismail/ti/ccs1271/ccs/tools/compiler/ti-cgt-c2000_22.6.1.LTS/lib" -i"/home/ismail/ti/ccs1271/ccs/tools/compiler/ti-cgt-c2000_22.6.1.LTS/include" --reread_libs --diag_wrap=off --display_error_number --xml_link_info="SCI_CAN_Interfaces_CPU1_linkInfo.xml" --entry_point=code_start --rom_model -o "SCI_CAN_Interfaces_CPU1.out" "./assembly/DCSM_Z1_ZoneSelectBlock.obj" "./assembly/DCSM_Z2_ZoneSelectBlock.obj" "./assembly/F2837xD_usDelay.obj" "./assembly/fwupgradec1toc2_start.obj" "./src/F2837xD_DefaultISR.obj" "./src/F2837xD_GlobalVariableDefs.obj" "./src/F2837xD_Gpio.obj" "./src/F2837xD_Ipc.obj" "./src/F2837xD_Ipc_Driver_Util.obj" "./src/F2837xD_PieCtrl.obj" "./src/F2837xD_PieVect.obj" "./src/F2837xD_SysCtrl.obj" "./src/Fapi_UserDefinedFunctions.obj" "./src/SCI_Boot.obj" "./src/SCI_GetFunction.obj" "./src/Shared_Boot.obj" "./src/Shared_Erase.obj" "./src/Shared_Verify.obj" "./src/main.obj" "/home/ismail/ti/C2000Ware_5_02_00_00/libraries/flash_api/f2837xd/lib/F021_API_F2837xD_FPU32.lib" "/home/ismail/ti/C2000Ware_5_02_00_00/libraries/boot_rom/f2837xd/rev0/rom_symbol_libs/c1_ROM_API/c1bootROM_BootROMSymbols_fpu32.lib" "../linker/2837xD_FLASH_lnk_cpu1.cmd" "../linker/F2837xD_Headers_nonBIOS_cpu1.cmd" "../linker/flash_programming_cpu1tocpu2_RAM.cmd"  -l"/home/ismail/ti/ccs1271/ccs/tools/compiler/ti-cgt-c2000_22.6.1.LTS/lib/rts2800_fpu32.lib" -llibc.a 
<Linking>
FILE: SCI_CAN_Interfaces_CPU1.out
CODE  size (bytes): 8542
CONST size (bytes): 61
DATA  size (bytes): 10164
 
Finished building target: "SCI_CAN_Interfaces_CPU1.out"
 

**** Build Finished ****

**** Build of configuration CPU1_FLASH for project SCI_CAN_Interfaces_CPU1 ****

/home/ismail/ti/ccs1271/ccs/utils/bin/gmake -k -j 4 all -O 
 
Building file: "../src/main.c"
Invoking: C2000 Compiler
"/home/ismail/ti/ccs1271/ccs/tools/compiler/ti-cgt-c2000_22.6.1.LTS/bin/cl2000" -v28 -ml -mt --cla_support=cla1 --float_support=fpu32 --tmu_support=tmu0 --vcu_support=vcu2 -Ooff --include_path="/home/ismail/IOT-CANBus/TI/FLASH_BANK_0/SCI_CAN_Interfaces_CPU1/src" --include_path="/home/ismail/IOT-CANBus/TI/FLASH_BANK_0/SCI_CAN_Interfaces_CPU1/assembly" --include_path="/home/ismail/IOT-CANBus/TI/FLASH_BANK_0/SCI_CAN_Interfaces_CPU1/linker" --include_path="/home/ismail/IOT-CANBus/TI/FLASH_BANK_0/SCI_CAN_Interfaces_CPU1/headers" --include_path="/home/ismail/ti/C2000Ware_5_02_00_00/device_support/f2837xd/common/include" --include_path="/home/ismail/ti/C2000Ware_5_02_00_00/device_support/f2837xd/headers/include" --include_path="/home/ismail/ti/C2000Ware_5_02_00_00/libraries/flash_api/f2837xd/include/Constants" --include_path="/home/ismail/ti/C2000Ware_5_02_00_00/libraries/flash_api/f2837xd/include" --include_path="/home/ismail/IOT-CANBus/TI/FLASH_BANK_0/SCI_CAN_Interfaces_CPU1" --include_path="/home/ismail/ti/ccs1271/ccs/tools/compiler/ti-cgt-c2000_22.6.1.LTS/include" --advice:performance=all --define=_STANDALONE --define=_FLASH --define=_LAUNCHXL_F28379D --define=DEBUG --define=_DUAL_HEADERS --define=CPU1 --diag_suppress=10063 --diag_warning=225 --diag_wrap=off --display_error_number --abi=coffabi --section_sizes=on --preproc_with_compile --preproc_dependency="src/main.d_raw" --obj_directory="src"  "../src/main.c"
 
>> Compilation failure
src/subdir_rules.mk:7: recipe for target 'src/main.obj' failed
"../src/main.c", line 157: error #20: identifier "ss" is undefined
1 error detected in the compilation of "../src/main.c".
gmake: *** [src/main.obj] Error 1
gmake: Target 'all' not remade because of errors.

**** Build Finished ****

**** Build of configuration CPU1_FLASH for project SCI_CAN_Interfaces_CPU1 ****

/home/ismail/ti/ccs1271/ccs/utils/bin/gmake -k -j 4 all -O 
 
Building file: "../src/main.c"
Invoking: C2000 Compiler
"/home/ismail/ti/ccs1271/ccs/tools/compiler/ti-cgt-c2000_22.6.1.LTS/bin/cl2000" -v28 -ml -mt --cla_support=cla1 --float_support=fpu32 --tmu_support=tmu0 --vcu_support=vcu2 -Ooff --include_path="/home/ismail/IOT-CANBus/TI/FLASH_BANK_0/SCI_CAN_Interfaces_CPU1/src" --include_path="/home/ismail/IOT-CANBus/TI/FLASH_BANK_0/SCI_CAN_Interfaces_CPU1/assembly" --include_path="/home/ismail/IOT-CANBus/TI/FLASH_BANK_0/SCI_CAN_Interfaces_CPU1/linker" --include_path="/home/ismail/IOT-CANBus/TI/FLASH_BANK_0/SCI_CAN_Interfaces_CPU1/headers" --include_path="/home/ismail/ti/C2000Ware_5_02_00_00/device_support/f2837xd/common/include" --include_path="/home/ismail/ti/C2000Ware_5_02_00_00/device_support/f2837xd/headers/include" --include_path="/home/ismail/ti/C2000Ware_5_02_00_00/libraries/flash_api/f2837xd/include/Constants" --include_path="/home/ismail/ti/C2000Ware_5_02_00_00/libraries/flash_api/f2837xd/include" --include_path="/home/ismail/IOT-CANBus/TI/FLASH_BANK_0/SCI_CAN_Interfaces_CPU1" --include_path="/home/ismail/ti/ccs1271/ccs/tools/compiler/ti-cgt-c2000_22.6.1.LTS/include" --advice:performance=all --define=_STANDALONE --define=_FLASH --define=_LAUNCHXL_F28379D --define=DEBUG --define=_DUAL_HEADERS --define=CPU1 --diag_suppress=10063 --diag_warning=225 --diag_wrap=off --display_error_number --abi=coffabi --section_sizes=on --preproc_with_compile --preproc_dependency="src/main.d_raw" --obj_directory="src"  "../src/main.c"
FILE: src/main.obj
CODE  size (bytes): 119
 
Finished building: "../src/main.c"
 
Building target: "SCI_CAN_Interfaces_CPU1.out"
Invoking: C2000 Linker
"/home/ismail/ti/ccs1271/ccs/tools/compiler/ti-cgt-c2000_22.6.1.LTS/bin/cl2000" -v28 -ml -mt --cla_support=cla1 --float_support=fpu32 --tmu_support=tmu0 --vcu_support=vcu2 -Ooff --advice:performance=all --define=_STANDALONE --define=_FLASH --define=_LAUNCHXL_F28379D --define=DEBUG --define=_DUAL_HEADERS --define=CPU1 --diag_suppress=10063 --diag_warning=225 --diag_wrap=off --display_error_number --abi=coffabi --section_sizes=on -z -m"SCI_CAN_Interfaces_CPU1.map" --stack_size=0x100 --warn_sections -i"/home/ismail/ti/C2000Ware_5_02_00_00/device_support/f2837xd/common/cmd" -i"/home/ismail/ti/C2000Ware_5_02_00_00/device_support/f2837xd/headers/cmd" -i"/home/ismail/ti/ccs1271/ccs/tools/compiler/ti-cgt-c2000_22.6.1.LTS/lib" -i"/home/ismail/ti/ccs1271/ccs/tools/compiler/ti-cgt-c2000_22.6.1.LTS/include" --reread_libs --diag_wrap=off --display_error_number --xml_link_info="SCI_CAN_Interfaces_CPU1_linkInfo.xml" --entry_point=code_start --rom_model -o "SCI_CAN_Interfaces_CPU1.out" "./assembly/DCSM_Z1_ZoneSelectBlock.obj" "./assembly/DCSM_Z2_ZoneSelectBlock.obj" "./assembly/F2837xD_usDelay.obj" "./assembly/fwupgradec1toc2_start.obj" "./src/F2837xD_DefaultISR.obj" "./src/F2837xD_GlobalVariableDefs.obj" "./src/F2837xD_Gpio.obj" "./src/F2837xD_Ipc.obj" "./src/F2837xD_Ipc_Driver_Util.obj" "./src/F2837xD_PieCtrl.obj" "./src/F2837xD_PieVect.obj" "./src/F2837xD_SysCtrl.obj" "./src/Fapi_UserDefinedFunctions.obj" "./src/SCI_Boot.obj" "./src/SCI_GetFunction.obj" "./src/Shared_Boot.obj" "./src/Shared_Erase.obj" "./src/Shared_Verify.obj" "./src/main.obj" "/home/ismail/ti/C2000Ware_5_02_00_00/libraries/flash_api/f2837xd/lib/F021_API_F2837xD_FPU32.lib" "/home/ismail/ti/C2000Ware_5_02_00_00/libraries/boot_rom/f2837xd/rev0/rom_symbol_libs/c1_ROM_API/c1bootROM_BootROMSymbols_fpu32.lib" "../linker/2837xD_FLASH_lnk_cpu1.cmd" "../linker/F2837xD_Headers_nonBIOS_cpu1.cmd" "../linker/flash_programming_cpu1tocpu2_RAM.cmd"  -l"/home/ismail/ti/ccs1271/ccs/tools/compiler/ti-cgt-c2000_22.6.1.LTS/lib/rts2800_fpu32.lib" -llibc.a 
<Linking>
FILE: SCI_CAN_Interfaces_CPU1.out
CODE  size (bytes): 8542
CONST size (bytes): 61
DATA  size (bytes): 10164
 
Finished building target: "SCI_CAN_Interfaces_CPU1.out"
 

**** Build Finished ****

**** Build of configuration CPU1_FLASH for project SCI_CAN_Interfaces_CPU1 ****

/home/ismail/ti/ccs1271/ccs/utils/bin/gmake -k -j 4 all -O 
 
gmake[1]: 'SCI_CAN_Interfaces_CPU1.out' is up to date.

**** Build Finished ****

**** Build of configuration CPU1_FLASH for project SCI_CAN_Interfaces_CPU1 ****

/home/ismail/ti/ccs1271/ccs/utils/bin/gmake -k -j 4 all -O 
 
Building file: "../src/main.c"
Invoking: C2000 Compiler
"/home/ismail/ti/ccs1271/ccs/tools/compiler/ti-cgt-c2000_22.6.1.LTS/bin/cl2000" -v28 -ml -mt --cla_support=cla1 --float_support=fpu32 --tmu_support=tmu0 --vcu_support=vcu2 -Ooff --include_path="/home/ismail/IOT-CANBus/TI/FLASH_BANK_0/SCI_CAN_Interfaces_CPU1/src" --include_path="/home/ismail/IOT-CANBus/TI/FLASH_BANK_0/SCI_CAN_Interfaces_CPU1/assembly" --include_path="/home/ismail/IOT-CANBus/TI/FLASH_BANK_0/SCI_CAN_Interfaces_CPU1/linker" --include_path="/home/ismail/IOT-CANBus/TI/FLASH_BANK_0/SCI_CAN_Interfaces_CPU1/headers" --include_path="/home/ismail/ti/C2000Ware_5_02_00_00/device_support/f2837xd/common/include" --include_path="/home/ismail/ti/C2000Ware_5_02_00_00/device_support/f2837xd/headers/include" --include_path="/home/ismail/ti/C2000Ware_5_02_00_00/libraries/flash_api/f2837xd/include/Constants" --include_path="/home/ismail/ti/C2000Ware_5_02_00_00/libraries/flash_api/f2837xd/include" --include_path="/home/ismail/IOT-CANBus/TI/FLASH_BANK_0/SCI_CAN_Interfaces_CPU1" --include_path="/home/ismail/ti/ccs1271/ccs/tools/compiler/ti-cgt-c2000_22.6.1.LTS/include" --advice:performance=all --define=_STANDALONE --define=_FLASH --define=_LAUNCHXL_F28379D --define=DEBUG --define=_DUAL_HEADERS --define=CPU1 --diag_suppress=10063 --diag_warning=225 --diag_wrap=off --display_error_number --abi=coffabi --section_sizes=on --preproc_with_compile --preproc_dependency="src/main.d_raw" --obj_directory="src"  "../src/main.c"
 
>> Compilation failure
src/subdir_rules.mk:7: recipe for target 'src/main.obj' failed
"../src/main.c", line 157: error #20: identifier "as" is undefined
1 error detected in the compilation of "../src/main.c".
gmake: *** [src/main.obj] Error 1
gmake: Target 'all' not remade because of errors.

**** Build Finished ****

**** Build of configuration CPU1_FLASH for project SCI_CAN_Interfaces_CPU1 ****

/home/ismail/ti/ccs1271/ccs/utils/bin/gmake -k -j 4 all -O 
 
Building file: "../src/main.c"
Invoking: C2000 Compiler
"/home/ismail/ti/ccs1271/ccs/tools/compiler/ti-cgt-c2000_22.6.1.LTS/bin/cl2000" -v28 -ml -mt --cla_support=cla1 --float_support=fpu32 --tmu_support=tmu0 --vcu_support=vcu2 -Ooff --include_path="/home/ismail/IOT-CANBus/TI/FLASH_BANK_0/SCI_CAN_Interfaces_CPU1/src" --include_path="/home/ismail/IOT-CANBus/TI/FLASH_BANK_0/SCI_CAN_Interfaces_CPU1/assembly" --include_path="/home/ismail/IOT-CANBus/TI/FLASH_BANK_0/SCI_CAN_Interfaces_CPU1/linker" --include_path="/home/ismail/IOT-CANBus/TI/FLASH_BANK_0/SCI_CAN_Interfaces_CPU1/headers" --include_path="/home/ismail/ti/C2000Ware_5_02_00_00/device_support/f2837xd/common/include" --include_path="/home/ismail/ti/C2000Ware_5_02_00_00/device_support/f2837xd/headers/include" --include_path="/home/ismail/ti/C2000Ware_5_02_00_00/libraries/flash_api/f2837xd/include/Constants" --include_path="/home/ismail/ti/C2000Ware_5_02_00_00/libraries/flash_api/f2837xd/include" --include_path="/home/ismail/IOT-CANBus/TI/FLASH_BANK_0/SCI_CAN_Interfaces_CPU1" --include_path="/home/ismail/ti/ccs1271/ccs/tools/compiler/ti-cgt-c2000_22.6.1.LTS/include" --advice:performance=all --define=_STANDALONE --define=_FLASH --define=_LAUNCHXL_F28379D --define=DEBUG --define=_DUAL_HEADERS --define=CPU1 --diag_suppress=10063 --diag_warning=225 --diag_wrap=off --display_error_number --abi=coffabi --section_sizes=on --preproc_with_compile --preproc_dependency="src/main.d_raw" --obj_directory="src"  "../src/main.c"
 
>> Compilation failure
src/subdir_rules.mk:7: recipe for target 'src/main.obj' failed
"../src/main.c", line 157: error #20: identifier "as" is undefined
1 error detected in the compilation of "../src/main.c".
gmake: *** [src/main.obj] Error 1
gmake: Target 'all' not remade because of errors.

**** Build Finished ****

**** Build of configuration CPU1_FLASH for project SCI_CAN_Interfaces_CPU1 ****

/home/ismail/ti/ccs1271/ccs/utils/bin/gmake -k -j 4 all -O 
 
Building file: "../src/main.c"
Invoking: C2000 Compiler
"/home/ismail/ti/ccs1271/ccs/tools/compiler/ti-cgt-c2000_22.6.1.LTS/bin/cl2000" -v28 -ml -mt --cla_support=cla1 --float_support=fpu32 --tmu_support=tmu0 --vcu_support=vcu2 -Ooff --include_path="/home/ismail/IOT-CANBus/TI/FLASH_BANK_0/SCI_CAN_Interfaces_CPU1/src" --include_path="/home/ismail/IOT-CANBus/TI/FLASH_BANK_0/SCI_CAN_Interfaces_CPU1/assembly" --include_path="/home/ismail/IOT-CANBus/TI/FLASH_BANK_0/SCI_CAN_Interfaces_CPU1/linker" --include_path="/home/ismail/IOT-CANBus/TI/FLASH_BANK_0/SCI_CAN_Interfaces_CPU1/headers" --include_path="/home/ismail/ti/C2000Ware_5_02_00_00/device_support/f2837xd/common/include" --include_path="/home/ismail/ti/C2000Ware_5_02_00_00/device_support/f2837xd/headers/include" --include_path="/home/ismail/ti/C2000Ware_5_02_00_00/libraries/flash_api/f2837xd/include/Constants" --include_path="/home/ismail/ti/C2000Ware_5_02_00_00/libraries/flash_api/f2837xd/include" --include_path="/home/ismail/IOT-CANBus/TI/FLASH_BANK_0/SCI_CAN_Interfaces_CPU1" --include_path="/home/ismail/ti/ccs1271/ccs/tools/compiler/ti-cgt-c2000_22.6.1.LTS/include" --advice:performance=all --define=_STANDALONE --define=_FLASH --define=_LAUNCHXL_F28379D --define=DEBUG --define=_DUAL_HEADERS --define=CPU1 --diag_suppress=10063 --diag_warning=225 --diag_wrap=off --display_error_number --abi=coffabi --section_sizes=on --preproc_with_compile --preproc_dependency="src/main.d_raw" --obj_directory="src"  "../src/main.c"
 
>> Compilation failure
src/subdir_rules.mk:7: recipe for target 'src/main.obj' failed
"../src/main.c", line 157: error #20: identifier "as" is undefined
1 error detected in the compilation of "../src/main.c".
gmake: *** [src/main.obj] Error 1
gmake: Target 'all' not remade because of errors.

**** Build Finished ****

**** Build of configuration CPU1_FLASH for project SCI_CAN_Interfaces_CPU1 ****

/home/ismail/ti/ccs1271/ccs/utils/bin/gmake -k -j 4 all -O 
 
Building file: "../src/main.c"
Invoking: C2000 Compiler
"/home/ismail/ti/ccs1271/ccs/tools/compiler/ti-cgt-c2000_22.6.1.LTS/bin/cl2000" -v28 -ml -mt --cla_support=cla1 --float_support=fpu32 --tmu_support=tmu0 --vcu_support=vcu2 -Ooff --include_path="/home/ismail/IOT-CANBus/TI/FLASH_BANK_0/SCI_CAN_Interfaces_CPU1/src" --include_path="/home/ismail/IOT-CANBus/TI/FLASH_BANK_0/SCI_CAN_Interfaces_CPU1/assembly" --include_path="/home/ismail/IOT-CANBus/TI/FLASH_BANK_0/SCI_CAN_Interfaces_CPU1/linker" --include_path="/home/ismail/IOT-CANBus/TI/FLASH_BANK_0/SCI_CAN_Interfaces_CPU1/headers" --include_path="/home/ismail/ti/C2000Ware_5_02_00_00/device_support/f2837xd/common/include" --include_path="/home/ismail/ti/C2000Ware_5_02_00_00/device_support/f2837xd/headers/include" --include_path="/home/ismail/ti/C2000Ware_5_02_00_00/libraries/flash_api/f2837xd/include/Constants" --include_path="/home/ismail/ti/C2000Ware_5_02_00_00/libraries/flash_api/f2837xd/include" --include_path="/home/ismail/IOT-CANBus/TI/FLASH_BANK_0/SCI_CAN_Interfaces_CPU1" --include_path="/home/ismail/ti/ccs1271/ccs/tools/compiler/ti-cgt-c2000_22.6.1.LTS/include" --advice:performance=all --define=_STANDALONE --define=_FLASH --define=_LAUNCHXL_F28379D --define=DEBUG --define=_DUAL_HEADERS --define=CPU1 --diag_suppress=10063 --diag_warning=225 --diag_wrap=off --display_error_number --abi=coffabi --section_sizes=on --preproc_with_compile --preproc_dependency="src/main.d_raw" --obj_directory="src"  "../src/main.c"
 
>> Compilation failure
src/subdir_rules.mk:7: recipe for target 'src/main.obj' failed
"../src/main.c", line 157: error #20: identifier "uint8_t" is undefined
"../src/main.c", line 157: error #20: identifier "testing_variable" is undefined
"../src/main.c", line 158: error #20: identifier "as" is undefined
3 errors detected in the compilation of "../src/main.c".
gmake: *** [src/main.obj] Error 1
gmake: Target 'all' not remade because of errors.

**** Build Finished ****

**** Build of configuration CPU1_FLASH for project SCI_CAN_Interfaces_CPU1 ****

/home/ismail/ti/ccs1271/ccs/utils/bin/gmake -k -j 4 all -O 
 
Building file: "../src/main.c"
Invoking: C2000 Compiler
"/home/ismail/ti/ccs1271/ccs/tools/compiler/ti-cgt-c2000_22.6.1.LTS/bin/cl2000" -v28 -ml -mt --cla_support=cla1 --float_support=fpu32 --tmu_support=tmu0 --vcu_support=vcu2 -Ooff --include_path="/home/ismail/IOT-CANBus/TI/FLASH_BANK_0/SCI_CAN_Interfaces_CPU1/src" --include_path="/home/ismail/IOT-CANBus/TI/FLASH_BANK_0/SCI_CAN_Interfaces_CPU1/assembly" --include_path="/home/ismail/IOT-CANBus/TI/FLASH_BANK_0/SCI_CAN_Interfaces_CPU1/linker" --include_path="/home/ismail/IOT-CANBus/TI/FLASH_BANK_0/SCI_CAN_Interfaces_CPU1/headers" --include_path="/home/ismail/ti/C2000Ware_5_02_00_00/device_support/f2837xd/common/include" --include_path="/home/ismail/ti/C2000Ware_5_02_00_00/device_support/f2837xd/headers/include" --include_path="/home/ismail/ti/C2000Ware_5_02_00_00/libraries/flash_api/f2837xd/include/Constants" --include_path="/home/ismail/ti/C2000Ware_5_02_00_00/libraries/flash_api/f2837xd/include" --include_path="/home/ismail/IOT-CANBus/TI/FLASH_BANK_0/SCI_CAN_Interfaces_CPU1" --include_path="/home/ismail/ti/ccs1271/ccs/tools/compiler/ti-cgt-c2000_22.6.1.LTS/include" --advice:performance=all --define=_STANDALONE --define=_FLASH --define=_LAUNCHXL_F28379D --define=DEBUG --define=_DUAL_HEADERS --define=CPU1 --diag_suppress=10063 --diag_warning=225 --diag_wrap=off --display_error_number --abi=coffabi --section_sizes=on --preproc_with_compile --preproc_dependency="src/main.d_raw" --obj_directory="src"  "../src/main.c"
 
>> Compilation failure
src/subdir_rules.mk:7: recipe for target 'src/main.obj' failed
"../src/main.c", line 157: error #20: identifier "uint8_t" is undefined
"../src/main.c", line 158: error #20: identifier "as" is undefined
2 errors detected in the compilation of "../src/main.c".
gmake: *** [src/main.obj] Error 1
gmake: Target 'all' not remade because of errors.

**** Build Finished ****

**** Build of configuration CPU1_FLASH for project SCI_CAN_Interfaces_CPU1 ****

/home/ismail/ti/ccs1271/ccs/utils/bin/gmake -k -j 4 all -O 
 
Building file: "../src/main.c"
Invoking: C2000 Compiler
"/home/ismail/ti/ccs1271/ccs/tools/compiler/ti-cgt-c2000_22.6.1.LTS/bin/cl2000" -v28 -ml -mt --cla_support=cla1 --float_support=fpu32 --tmu_support=tmu0 --vcu_support=vcu2 -Ooff --include_path="/home/ismail/IOT-CANBus/TI/FLASH_BANK_0/SCI_CAN_Interfaces_CPU1/src" --include_path="/home/ismail/IOT-CANBus/TI/FLASH_BANK_0/SCI_CAN_Interfaces_CPU1/assembly" --include_path="/home/ismail/IOT-CANBus/TI/FLASH_BANK_0/SCI_CAN_Interfaces_CPU1/linker" --include_path="/home/ismail/IOT-CANBus/TI/FLASH_BANK_0/SCI_CAN_Interfaces_CPU1/headers" --include_path="/home/ismail/ti/C2000Ware_5_02_00_00/device_support/f2837xd/common/include" --include_path="/home/ismail/ti/C2000Ware_5_02_00_00/device_support/f2837xd/headers/include" --include_path="/home/ismail/ti/C2000Ware_5_02_00_00/libraries/flash_api/f2837xd/include/Constants" --include_path="/home/ismail/ti/C2000Ware_5_02_00_00/libraries/flash_api/f2837xd/include" --include_path="/home/ismail/IOT-CANBus/TI/FLASH_BANK_0/SCI_CAN_Interfaces_CPU1" --include_path="/home/ismail/ti/ccs1271/ccs/tools/compiler/ti-cgt-c2000_22.6.1.LTS/include" --advice:performance=all --define=_STANDALONE --define=_FLASH --define=_LAUNCHXL_F28379D --define=DEBUG --define=_DUAL_HEADERS --define=CPU1 --diag_suppress=10063 --diag_warning=225 --diag_wrap=off --display_error_number --abi=coffabi --section_sizes=on --preproc_with_compile --preproc_dependency="src/main.d_raw" --obj_directory="src"  "../src/main.c"
 
>> Compilation failure
src/subdir_rules.mk:7: recipe for target 'src/main.obj' failed
"../src/main.c", line 158: error #20: identifier "as" is undefined
"../src/main.c", line 157: warning #179-D: variable "testing_variable" was declared but never referenced
1 error detected in the compilation of "../src/main.c".
gmake: *** [src/main.obj] Error 1
gmake: Target 'all' not remade because of errors.

**** Build Finished ****

**** Build of configuration CPU1_FLASH for project SCI_CAN_Interfaces_CPU1 ****

/home/ismail/ti/ccs1271/ccs/utils/bin/gmake -k -j 4 all -O 
 
Building file: "../src/main.c"
Invoking: C2000 Compiler
"/home/ismail/ti/ccs1271/ccs/tools/compiler/ti-cgt-c2000_22.6.1.LTS/bin/cl2000" -v28 -ml -mt --cla_support=cla1 --float_support=fpu32 --tmu_support=tmu0 --vcu_support=vcu2 -Ooff --include_path="/home/ismail/IOT-CANBus/TI/FLASH_BANK_0/SCI_CAN_Interfaces_CPU1/src" --include_path="/home/ismail/IOT-CANBus/TI/FLASH_BANK_0/SCI_CAN_Interfaces_CPU1/assembly" --include_path="/home/ismail/IOT-CANBus/TI/FLASH_BANK_0/SCI_CAN_Interfaces_CPU1/linker" --include_path="/home/ismail/IOT-CANBus/TI/FLASH_BANK_0/SCI_CAN_Interfaces_CPU1/headers" --include_path="/home/ismail/ti/C2000Ware_5_02_00_00/device_support/f2837xd/common/include" --include_path="/home/ismail/ti/C2000Ware_5_02_00_00/device_support/f2837xd/headers/include" --include_path="/home/ismail/ti/C2000Ware_5_02_00_00/libraries/flash_api/f2837xd/include/Constants" --include_path="/home/ismail/ti/C2000Ware_5_02_00_00/libraries/flash_api/f2837xd/include" --include_path="/home/ismail/IOT-CANBus/TI/FLASH_BANK_0/SCI_CAN_Interfaces_CPU1" --include_path="/home/ismail/ti/ccs1271/ccs/tools/compiler/ti-cgt-c2000_22.6.1.LTS/include" --advice:performance=all --define=_STANDALONE --define=_FLASH --define=_LAUNCHXL_F28379D --define=DEBUG --define=_DUAL_HEADERS --define=CPU1 --diag_suppress=10063 --diag_warning=225 --diag_wrap=off --display_error_number --abi=coffabi --section_sizes=on --preproc_with_compile --preproc_dependency="src/main.d_raw" --obj_directory="src"  "../src/main.c"
FILE: src/main.obj
CODE  size (bytes): 121
 
"../src/main.c", line 157: warning #179-D: variable "testing_variable" was declared but never referenced
Finished building: "../src/main.c"
 
Building target: "SCI_CAN_Interfaces_CPU1.out"
Invoking: C2000 Linker
"/home/ismail/ti/ccs1271/ccs/tools/compiler/ti-cgt-c2000_22.6.1.LTS/bin/cl2000" -v28 -ml -mt --cla_support=cla1 --float_support=fpu32 --tmu_support=tmu0 --vcu_support=vcu2 -Ooff --advice:performance=all --define=_STANDALONE --define=_FLASH --define=_LAUNCHXL_F28379D --define=DEBUG --define=_DUAL_HEADERS --define=CPU1 --diag_suppress=10063 --diag_warning=225 --diag_wrap=off --display_error_number --abi=coffabi --section_sizes=on -z -m"SCI_CAN_Interfaces_CPU1.map" --stack_size=0x100 --warn_sections -i"/home/ismail/ti/C2000Ware_5_02_00_00/device_support/f2837xd/common/cmd" -i"/home/ismail/ti/C2000Ware_5_02_00_00/device_support/f2837xd/headers/cmd" -i"/home/ismail/ti/ccs1271/ccs/tools/compiler/ti-cgt-c2000_22.6.1.LTS/lib" -i"/home/ismail/ti/ccs1271/ccs/tools/compiler/ti-cgt-c2000_22.6.1.LTS/include" --reread_libs --diag_wrap=off --display_error_number --xml_link_info="SCI_CAN_Interfaces_CPU1_linkInfo.xml" --entry_point=code_start --rom_model -o "SCI_CAN_Interfaces_CPU1.out" "./assembly/DCSM_Z1_ZoneSelectBlock.obj" "./assembly/DCSM_Z2_ZoneSelectBlock.obj" "./assembly/F2837xD_usDelay.obj" "./assembly/fwupgradec1toc2_start.obj" "./src/F2837xD_DefaultISR.obj" "./src/F2837xD_GlobalVariableDefs.obj" "./src/F2837xD_Gpio.obj" "./src/F2837xD_Ipc.obj" "./src/F2837xD_Ipc_Driver_Util.obj" "./src/F2837xD_PieCtrl.obj" "./src/F2837xD_PieVect.obj" "./src/F2837xD_SysCtrl.obj" "./src/Fapi_UserDefinedFunctions.obj" "./src/SCI_Boot.obj" "./src/SCI_GetFunction.obj" "./src/Shared_Boot.obj" "./src/Shared_Erase.obj" "./src/Shared_Verify.obj" "./src/main.obj" "/home/ismail/ti/C2000Ware_5_02_00_00/libraries/flash_api/f2837xd/lib/F021_API_F2837xD_FPU32.lib" "/home/ismail/ti/C2000Ware_5_02_00_00/libraries/boot_rom/f2837xd/rev0/rom_symbol_libs/c1_ROM_API/c1bootROM_BootROMSymbols_fpu32.lib" "../linker/2837xD_FLASH_lnk_cpu1.cmd" "../linker/F2837xD_Headers_nonBIOS_cpu1.cmd" "../linker/flash_programming_cpu1tocpu2_RAM.cmd"  -l"/home/ismail/ti/ccs1271/ccs/tools/compiler/ti-cgt-c2000_22.6.1.LTS/lib/rts2800_fpu32.lib" -llibc.a 
<Linking>
FILE: SCI_CAN_Interfaces_CPU1.out
CODE  size (bytes): 8544
CONST size (bytes): 61
DATA  size (bytes): 10164
 
Finished building target: "SCI_CAN_Interfaces_CPU1.out"
 

**** Build Finished ****

**** Build of configuration CPU1_FLASH for project SCI_CAN_Interfaces_CPU1 ****

/home/ismail/ti/ccs1271/ccs/utils/bin/gmake -k -j 4 all -O 
 
Building file: "../src/Shared_Erase.c"
Invoking: C2000 Compiler
"/home/ismail/ti/ccs1271/ccs/tools/compiler/ti-cgt-c2000_22.6.1.LTS/bin/cl2000" -v28 -ml -mt --cla_support=cla1 --float_support=fpu32 --tmu_support=tmu0 --vcu_support=vcu2 -Ooff --include_path="/home/ismail/IOT-CANBus/TI/FLASH_BANK_0/SCI_CAN_Interfaces_CPU1/src" --include_path="/home/ismail/IOT-CANBus/TI/FLASH_BANK_0/SCI_CAN_Interfaces_CPU1/assembly" --include_path="/home/ismail/IOT-CANBus/TI/FLASH_BANK_0/SCI_CAN_Interfaces_CPU1/linker" --include_path="/home/ismail/IOT-CANBus/TI/FLASH_BANK_0/SCI_CAN_Interfaces_CPU1/headers" --include_path="/home/ismail/ti/C2000Ware_5_02_00_00/device_support/f2837xd/common/include" --include_path="/home/ismail/ti/C2000Ware_5_02_00_00/device_support/f2837xd/headers/include" --include_path="/home/ismail/ti/C2000Ware_5_02_00_00/libraries/flash_api/f2837xd/include/Constants" --include_path="/home/ismail/ti/C2000Ware_5_02_00_00/libraries/flash_api/f2837xd/include" --include_path="/home/ismail/IOT-CANBus/TI/FLASH_BANK_0/SCI_CAN_Interfaces_CPU1" --include_path="/home/ismail/ti/ccs1271/ccs/tools/compiler/ti-cgt-c2000_22.6.1.LTS/include" --advice:performance=all --define=_STANDALONE --define=_FLASH --define=_LAUNCHXL_F28379D --define=DEBUG --define=_DUAL_HEADERS --define=CPU1 --diag_suppress=10063 --diag_warning=225 --diag_wrap=off --display_error_number --abi=coffabi --section_sizes=on --preproc_with_compile --preproc_dependency="src/Shared_Erase.d_raw" --obj_directory="src"  "../src/Shared_Erase.c"
FILE: src/Shared_Erase.obj
CODE  size (bytes): 98
CONST size (bytes): 42
 
Finished building: "../src/Shared_Erase.c"
 
Building file: "../src/Shared_Verify.c"
Invoking: C2000 Compiler
"/home/ismail/ti/ccs1271/ccs/tools/compiler/ti-cgt-c2000_22.6.1.LTS/bin/cl2000" -v28 -ml -mt --cla_support=cla1 --float_support=fpu32 --tmu_support=tmu0 --vcu_support=vcu2 -Ooff --include_path="/home/ismail/IOT-CANBus/TI/FLASH_BANK_0/SCI_CAN_Interfaces_CPU1/src" --include_path="/home/ismail/IOT-CANBus/TI/FLASH_BANK_0/SCI_CAN_Interfaces_CPU1/assembly" --include_path="/home/ismail/IOT-CANBus/TI/FLASH_BANK_0/SCI_CAN_Interfaces_CPU1/linker" --include_path="/home/ismail/IOT-CANBus/TI/FLASH_BANK_0/SCI_CAN_Interfaces_CPU1/headers" --include_path="/home/ismail/ti/C2000Ware_5_02_00_00/device_support/f2837xd/common/include" --include_path="/home/ismail/ti/C2000Ware_5_02_00_00/device_support/f2837xd/headers/include" --include_path="/home/ismail/ti/C2000Ware_5_02_00_00/libraries/flash_api/f2837xd/include/Constants" --include_path="/home/ismail/ti/C2000Ware_5_02_00_00/libraries/flash_api/f2837xd/include" --include_path="/home/ismail/IOT-CANBus/TI/FLASH_BANK_0/SCI_CAN_Interfaces_CPU1" --include_path="/home/ismail/ti/ccs1271/ccs/tools/compiler/ti-cgt-c2000_22.6.1.LTS/include" --advice:performance=all --define=_STANDALONE --define=_FLASH --define=_LAUNCHXL_F28379D --define=DEBUG --define=_DUAL_HEADERS --define=CPU1 --diag_suppress=10063 --diag_warning=225 --diag_wrap=off --display_error_number --abi=coffabi --section_sizes=on --preproc_with_compile --preproc_dependency="src/Shared_Verify.d_raw" --obj_directory="src"  "../src/Shared_Verify.c"
FILE: src/Shared_Verify.obj
CODE  size (bytes): 405
 
Finished building: "../src/Shared_Verify.c"
 
Building file: "../src/Shared_Boot.c"
Invoking: C2000 Compiler
"/home/ismail/ti/ccs1271/ccs/tools/compiler/ti-cgt-c2000_22.6.1.LTS/bin/cl2000" -v28 -ml -mt --cla_support=cla1 --float_support=fpu32 --tmu_support=tmu0 --vcu_support=vcu2 -Ooff --include_path="/home/ismail/IOT-CANBus/TI/FLASH_BANK_0/SCI_CAN_Interfaces_CPU1/src" --include_path="/home/ismail/IOT-CANBus/TI/FLASH_BANK_0/SCI_CAN_Interfaces_CPU1/assembly" --include_path="/home/ismail/IOT-CANBus/TI/FLASH_BANK_0/SCI_CAN_Interfaces_CPU1/linker" --include_path="/home/ismail/IOT-CANBus/TI/FLASH_BANK_0/SCI_CAN_Interfaces_CPU1/headers" --include_path="/home/ismail/ti/C2000Ware_5_02_00_00/device_support/f2837xd/common/include" --include_path="/home/ismail/ti/C2000Ware_5_02_00_00/device_support/f2837xd/headers/include" --include_path="/home/ismail/ti/C2000Ware_5_02_00_00/libraries/flash_api/f2837xd/include/Constants" --include_path="/home/ismail/ti/C2000Ware_5_02_00_00/libraries/flash_api/f2837xd/include" --include_path="/home/ismail/IOT-CANBus/TI/FLASH_BANK_0/SCI_CAN_Interfaces_CPU1" --include_path="/home/ismail/ti/ccs1271/ccs/tools/compiler/ti-cgt-c2000_22.6.1.LTS/include" --advice:performance=all --define=_STANDALONE --define=_FLASH --define=_LAUNCHXL_F28379D --define=DEBUG --define=_DUAL_HEADERS --define=CPU1 --diag_suppress=10063 --diag_warning=225 --diag_wrap=off --display_error_number --abi=coffabi --section_sizes=on --preproc_with_compile --preproc_dependency="src/Shared_Boot.d_raw" --obj_directory="src"  "../src/Shared_Boot.c"
FILE: src/Shared_Boot.obj
CODE  size (bytes): 1076
CONST size (bytes): 17
DATA  size (bytes): 16
 
Finished building: "../src/Shared_Boot.c"
 
Building file: "../src/main.c"
Invoking: C2000 Compiler
"/home/ismail/ti/ccs1271/ccs/tools/compiler/ti-cgt-c2000_22.6.1.LTS/bin/cl2000" -v28 -ml -mt --cla_support=cla1 --float_support=fpu32 --tmu_support=tmu0 --vcu_support=vcu2 -Ooff --include_path="/home/ismail/IOT-CANBus/TI/FLASH_BANK_0/SCI_CAN_Interfaces_CPU1/src" --include_path="/home/ismail/IOT-CANBus/TI/FLASH_BANK_0/SCI_CAN_Interfaces_CPU1/assembly" --include_path="/home/ismail/IOT-CANBus/TI/FLASH_BANK_0/SCI_CAN_Interfaces_CPU1/linker" --include_path="/home/ismail/IOT-CANBus/TI/FLASH_BANK_0/SCI_CAN_Interfaces_CPU1/headers" --include_path="/home/ismail/ti/C2000Ware_5_02_00_00/device_support/f2837xd/common/include" --include_path="/home/ismail/ti/C2000Ware_5_02_00_00/device_support/f2837xd/headers/include" --include_path="/home/ismail/ti/C2000Ware_5_02_00_00/libraries/flash_api/f2837xd/include/Constants" --include_path="/home/ismail/ti/C2000Ware_5_02_00_00/libraries/flash_api/f2837xd/include" --include_path="/home/ismail/IOT-CANBus/TI/FLASH_BANK_0/SCI_CAN_Interfaces_CPU1" --include_path="/home/ismail/ti/ccs1271/ccs/tools/compiler/ti-cgt-c2000_22.6.1.LTS/include" --advice:performance=all --define=_STANDALONE --define=_FLASH --define=_LAUNCHXL_F28379D --define=DEBUG --define=_DUAL_HEADERS --define=CPU1 --diag_suppress=10063 --diag_warning=225 --diag_wrap=off --display_error_number --abi=coffabi --section_sizes=on --preproc_with_compile --preproc_dependency="src/main.d_raw" --obj_directory="src"  "../src/main.c"
FILE: src/main.obj
CODE  size (bytes): 119
 
Finished building: "../src/main.c"
 
Building file: "../src/SCI_GetFunction.c"
Invoking: C2000 Compiler
"/home/ismail/ti/ccs1271/ccs/tools/compiler/ti-cgt-c2000_22.6.1.LTS/bin/cl2000" -v28 -ml -mt --cla_support=cla1 --float_support=fpu32 --tmu_support=tmu0 --vcu_support=vcu2 -Ooff --include_path="/home/ismail/IOT-CANBus/TI/FLASH_BANK_0/SCI_CAN_Interfaces_CPU1/src" --include_path="/home/ismail/IOT-CANBus/TI/FLASH_BANK_0/SCI_CAN_Interfaces_CPU1/assembly" --include_path="/home/ismail/IOT-CANBus/TI/FLASH_BANK_0/SCI_CAN_Interfaces_CPU1/linker" --include_path="/home/ismail/IOT-CANBus/TI/FLASH_BANK_0/SCI_CAN_Interfaces_CPU1/headers" --include_path="/home/ismail/ti/C2000Ware_5_02_00_00/device_support/f2837xd/common/include" --include_path="/home/ismail/ti/C2000Ware_5_02_00_00/device_support/f2837xd/headers/include" --include_path="/home/ismail/ti/C2000Ware_5_02_00_00/libraries/flash_api/f2837xd/include/Constants" --include_path="/home/ismail/ti/C2000Ware_5_02_00_00/libraries/flash_api/f2837xd/include" --include_path="/home/ismail/IOT-CANBus/TI/FLASH_BANK_0/SCI_CAN_Interfaces_CPU1" --include_path="/home/ismail/ti/ccs1271/ccs/tools/compiler/ti-cgt-c2000_22.6.1.LTS/include" --advice:performance=all --define=_STANDALONE --define=_FLASH --define=_LAUNCHXL_F28379D --define=DEBUG --define=_DUAL_HEADERS --define=CPU1 --diag_suppress=10063 --diag_warning=225 --diag_wrap=off --display_error_number --abi=coffabi --section_sizes=on --preproc_with_compile --preproc_dependency="src/SCI_GetFunction.d_raw" --obj_directory="src"  "../src/SCI_GetFunction.c"
FILE: src/SCI_GetFunction.obj
CODE  size (bytes): 678
DATA  size (bytes): 10
 
Finished building: "../src/SCI_GetFunction.c"
 
Building target: "SCI_CAN_Interfaces_CPU1.out"
Invoking: C2000 Linker
"/home/ismail/ti/ccs1271/ccs/tools/compiler/ti-cgt-c2000_22.6.1.LTS/bin/cl2000" -v28 -ml -mt --cla_support=cla1 --float_support=fpu32 --tmu_support=tmu0 --vcu_support=vcu2 -Ooff --advice:performance=all --define=_STANDALONE --define=_FLASH --define=_LAUNCHXL_F28379D --define=DEBUG --define=_DUAL_HEADERS --define=CPU1 --diag_suppress=10063 --diag_warning=225 --diag_wrap=off --display_error_number --abi=coffabi --section_sizes=on -z -m"SCI_CAN_Interfaces_CPU1.map" --stack_size=0x100 --warn_sections -i"/home/ismail/ti/C2000Ware_5_02_00_00/device_support/f2837xd/common/cmd" -i"/home/ismail/ti/C2000Ware_5_02_00_00/device_support/f2837xd/headers/cmd" -i"/home/ismail/ti/ccs1271/ccs/tools/compiler/ti-cgt-c2000_22.6.1.LTS/lib" -i"/home/ismail/ti/ccs1271/ccs/tools/compiler/ti-cgt-c2000_22.6.1.LTS/include" --reread_libs --diag_wrap=off --display_error_number --xml_link_info="SCI_CAN_Interfaces_CPU1_linkInfo.xml" --entry_point=code_start --rom_model -o "SCI_CAN_Interfaces_CPU1.out" "./assembly/DCSM_Z1_ZoneSelectBlock.obj" "./assembly/DCSM_Z2_ZoneSelectBlock.obj" "./assembly/F2837xD_usDelay.obj" "./assembly/fwupgradec1toc2_start.obj" "./src/F2837xD_DefaultISR.obj" "./src/F2837xD_GlobalVariableDefs.obj" "./src/F2837xD_Gpio.obj" "./src/F2837xD_Ipc.obj" "./src/F2837xD_Ipc_Driver_Util.obj" "./src/F2837xD_PieCtrl.obj" "./src/F2837xD_PieVect.obj" "./src/F2837xD_SysCtrl.obj" "./src/Fapi_UserDefinedFunctions.obj" "./src/SCI_Boot.obj" "./src/SCI_GetFunction.obj" "./src/Shared_Boot.obj" "./src/Shared_Erase.obj" "./src/Shared_Verify.obj" "./src/main.obj" "/home/ismail/ti/C2000Ware_5_02_00_00/libraries/flash_api/f2837xd/lib/F021_API_F2837xD_FPU32.lib" "/home/ismail/ti/C2000Ware_5_02_00_00/libraries/boot_rom/f2837xd/rev0/rom_symbol_libs/c1_ROM_API/c1bootROM_BootROMSymbols_fpu32.lib" "../linker/2837xD_FLASH_lnk_cpu1.cmd" "../linker/F2837xD_Headers_nonBIOS_cpu1.cmd" "../linker/flash_programming_cpu1tocpu2_RAM.cmd"  -l"/home/ismail/ti/ccs1271/ccs/tools/compiler/ti-cgt-c2000_22.6.1.LTS/lib/rts2800_fpu32.lib" -llibc.a 
<Linking>
FILE: SCI_CAN_Interfaces_CPU1.out
CODE  size (bytes): 8542
CONST size (bytes): 61
DATA  size (bytes): 10164
 
Finished building target: "SCI_CAN_Interfaces_CPU1.out"
 

**** Build Finished ****

**** Build of configuration CPU1_FLASH for project SCI_CAN_Interfaces_CPU1 ****

/home/ismail/ti/ccs1271/ccs/utils/bin/gmake -k -j 4 all -O 
 
gmake[1]: 'SCI_CAN_Interfaces_CPU1.out' is up to date.

**** Build Finished ****

**** Build of configuration CPU1_FLASH for project SCI_CAN_Interfaces_CPU1 ****

/home/ismail/ti/ccs1271/ccs/utils/bin/gmake -k -j 4 all -O 
 
Building file: "../src/main.c"
Invoking: C2000 Compiler
"/home/ismail/ti/ccs1271/ccs/tools/compiler/ti-cgt-c2000_22.6.1.LTS/bin/cl2000" -v28 -ml -mt --cla_support=cla1 --float_support=fpu32 --tmu_support=tmu0 --vcu_support=vcu2 -Ooff --include_path="/home/ismail/IOT-CANBus/TI/FLASH_BANK_0/SCI_CAN_Interfaces_CPU1/src" --include_path="/home/ismail/IOT-CANBus/TI/FLASH_BANK_0/SCI_CAN_Interfaces_CPU1/assembly" --include_path="/home/ismail/IOT-CANBus/TI/FLASH_BANK_0/SCI_CAN_Interfaces_CPU1/linker" --include_path="/home/ismail/IOT-CANBus/TI/FLASH_BANK_0/SCI_CAN_Interfaces_CPU1/headers" --include_path="/home/ismail/ti/C2000Ware_5_02_00_00/device_support/f2837xd/common/include" --include_path="/home/ismail/ti/C2000Ware_5_02_00_00/device_support/f2837xd/headers/include" --include_path="/home/ismail/ti/C2000Ware_5_02_00_00/libraries/flash_api/f2837xd/include/Constants" --include_path="/home/ismail/ti/C2000Ware_5_02_00_00/libraries/flash_api/f2837xd/include" --include_path="/home/ismail/IOT-CANBus/TI/FLASH_BANK_0/SCI_CAN_Interfaces_CPU1" --include_path="/home/ismail/ti/ccs1271/ccs/tools/compiler/ti-cgt-c2000_22.6.1.LTS/include" --advice:performance=all --define=_STANDALONE --define=_FLASH --define=_LAUNCHXL_F28379D --define=DEBUG --define=_DUAL_HEADERS --define=CPU1 --diag_suppress=10063 --diag_warning=225 --diag_wrap=off --display_error_number --abi=coffabi --section_sizes=on --preproc_with_compile --preproc_dependency="src/main.d_raw" --obj_directory="src"  "../src/main.c"
FILE: src/main.obj
CODE  size (bytes): 119
CONST size (bytes): 6
 
"/home/ismail/IOT-CANBus/TI/FLASH_BANK_0/SCI_CAN_Interfaces_CPU1/headers/config.h", line 13: warning #64-D: shift count is too large
"/home/ismail/IOT-CANBus/TI/FLASH_BANK_0/SCI_CAN_Interfaces_CPU1/headers/config.h", line 13: warning #64-D: shift count is too large
"/home/ismail/IOT-CANBus/TI/FLASH_BANK_0/SCI_CAN_Interfaces_CPU1/headers/config.h", line 13: warning #64-D: shift count is too large
"/home/ismail/IOT-CANBus/TI/FLASH_BANK_0/SCI_CAN_Interfaces_CPU1/headers/config.h", line 13: warning #64-D: shift count is too large
Finished building: "../src/main.c"
 
Building target: "SCI_CAN_Interfaces_CPU1.out"
Invoking: C2000 Linker
"/home/ismail/ti/ccs1271/ccs/tools/compiler/ti-cgt-c2000_22.6.1.LTS/bin/cl2000" -v28 -ml -mt --cla_support=cla1 --float_support=fpu32 --tmu_support=tmu0 --vcu_support=vcu2 -Ooff --advice:performance=all --define=_STANDALONE --define=_FLASH --define=_LAUNCHXL_F28379D --define=DEBUG --define=_DUAL_HEADERS --define=CPU1 --diag_suppress=10063 --diag_warning=225 --diag_wrap=off --display_error_number --abi=coffabi --section_sizes=on -z -m"SCI_CAN_Interfaces_CPU1.map" --stack_size=0x100 --warn_sections -i"/home/ismail/ti/C2000Ware_5_02_00_00/device_support/f2837xd/common/cmd" -i"/home/ismail/ti/C2000Ware_5_02_00_00/device_support/f2837xd/headers/cmd" -i"/home/ismail/ti/ccs1271/ccs/tools/compiler/ti-cgt-c2000_22.6.1.LTS/lib" -i"/home/ismail/ti/ccs1271/ccs/tools/compiler/ti-cgt-c2000_22.6.1.LTS/include" --reread_libs --diag_wrap=off --display_error_number --xml_link_info="SCI_CAN_Interfaces_CPU1_linkInfo.xml" --entry_point=code_start --rom_model -o "SCI_CAN_Interfaces_CPU1.out" "./assembly/DCSM_Z1_ZoneSelectBlock.obj" "./assembly/DCSM_Z2_ZoneSelectBlock.obj" "./assembly/F2837xD_usDelay.obj" "./assembly/fwupgradec1toc2_start.obj" "./src/F2837xD_DefaultISR.obj" "./src/F2837xD_GlobalVariableDefs.obj" "./src/F2837xD_Gpio.obj" "./src/F2837xD_Ipc.obj" "./src/F2837xD_Ipc_Driver_Util.obj" "./src/F2837xD_PieCtrl.obj" "./src/F2837xD_PieVect.obj" "./src/F2837xD_SysCtrl.obj" "./src/Fapi_UserDefinedFunctions.obj" "./src/SCI_Boot.obj" "./src/SCI_GetFunction.obj" "./src/Shared_Boot.obj" "./src/Shared_Erase.obj" "./src/Shared_Verify.obj" "./src/main.obj" "/home/ismail/ti/C2000Ware_5_02_00_00/libraries/flash_api/f2837xd/lib/F021_API_F2837xD_FPU32.lib" "/home/ismail/ti/C2000Ware_5_02_00_00/libraries/boot_rom/f2837xd/rev0/rom_symbol_libs/c1_ROM_API/c1bootROM_BootROMSymbols_fpu32.lib" "../linker/2837xD_FLASH_lnk_cpu1.cmd" "../linker/F2837xD_Headers_nonBIOS_cpu1.cmd" "../linker/flash_programming_cpu1tocpu2_RAM.cmd"  -l"/home/ismail/ti/ccs1271/ccs/tools/compiler/ti-cgt-c2000_22.6.1.LTS/lib/rts2800_fpu32.lib" -llibc.a 
<Linking>
FILE: SCI_CAN_Interfaces_CPU1.out
CODE  size (bytes): 8542
CONST size (bytes): 67
DATA  size (bytes): 10164
 
Finished building target: "SCI_CAN_Interfaces_CPU1.out"
 

**** Build Finished ****

**** Build of configuration CPU1_FLASH for project SCI_CAN_Interfaces_CPU1 ****

/home/ismail/ti/ccs1271/ccs/utils/bin/gmake -k -j 4 all -O 
 
Building file: "../src/main.c"
Invoking: C2000 Compiler
"/home/ismail/ti/ccs1271/ccs/tools/compiler/ti-cgt-c2000_22.6.1.LTS/bin/cl2000" -v28 -ml -mt --cla_support=cla1 --float_support=fpu32 --tmu_support=tmu0 --vcu_support=vcu2 -Ooff --include_path="/home/ismail/IOT-CANBus/TI/FLASH_BANK_0/SCI_CAN_Interfaces_CPU1/src" --include_path="/home/ismail/IOT-CANBus/TI/FLASH_BANK_0/SCI_CAN_Interfaces_CPU1/assembly" --include_path="/home/ismail/IOT-CANBus/TI/FLASH_BANK_0/SCI_CAN_Interfaces_CPU1/linker" --include_path="/home/ismail/IOT-CANBus/TI/FLASH_BANK_0/SCI_CAN_Interfaces_CPU1/headers" --include_path="/home/ismail/ti/C2000Ware_5_02_00_00/device_support/f2837xd/common/include" --include_path="/home/ismail/ti/C2000Ware_5_02_00_00/device_support/f2837xd/headers/include" --include_path="/home/ismail/ti/C2000Ware_5_02_00_00/libraries/flash_api/f2837xd/include/Constants" --include_path="/home/ismail/ti/C2000Ware_5_02_00_00/libraries/flash_api/f2837xd/include" --include_path="/home/ismail/IOT-CANBus/TI/FLASH_BANK_0/SCI_CAN_Interfaces_CPU1" --include_path="/home/ismail/ti/ccs1271/ccs/tools/compiler/ti-cgt-c2000_22.6.1.LTS/include" --advice:performance=all --define=_STANDALONE --define=_FLASH --define=_LAUNCHXL_F28379D --define=DEBUG --define=_DUAL_HEADERS --define=CPU1 --diag_suppress=10063 --diag_warning=225 --diag_wrap=off --display_error_number --abi=coffabi --section_sizes=on --preproc_with_compile --preproc_dependency="src/main.d_raw" --obj_directory="src"  "../src/main.c"
FILE: src/main.obj
CODE  size (bytes): 119
CONST size (bytes): 8
 
"/home/ismail/IOT-CANBus/TI/FLASH_BANK_0/SCI_CAN_Interfaces_CPU1/headers/config.h", line 13: warning #64-D: shift count is too large
"/home/ismail/IOT-CANBus/TI/FLASH_BANK_0/SCI_CAN_Interfaces_CPU1/headers/config.h", line 13: warning #64-D: shift count is too large
"/home/ismail/IOT-CANBus/TI/FLASH_BANK_0/SCI_CAN_Interfaces_CPU1/headers/config.h", line 13: warning #64-D: shift count is too large
"/home/ismail/IOT-CANBus/TI/FLASH_BANK_0/SCI_CAN_Interfaces_CPU1/headers/config.h", line 13: warning #64-D: shift count is too large
Finished building: "../src/main.c"
 
Building target: "SCI_CAN_Interfaces_CPU1.out"
Invoking: C2000 Linker
"/home/ismail/ti/ccs1271/ccs/tools/compiler/ti-cgt-c2000_22.6.1.LTS/bin/cl2000" -v28 -ml -mt --cla_support=cla1 --float_support=fpu32 --tmu_support=tmu0 --vcu_support=vcu2 -Ooff --advice:performance=all --define=_STANDALONE --define=_FLASH --define=_LAUNCHXL_F28379D --define=DEBUG --define=_DUAL_HEADERS --define=CPU1 --diag_suppress=10063 --diag_warning=225 --diag_wrap=off --display_error_number --abi=coffabi --section_sizes=on -z -m"SCI_CAN_Interfaces_CPU1.map" --stack_size=0x100 --warn_sections -i"/home/ismail/ti/C2000Ware_5_02_00_00/device_support/f2837xd/common/cmd" -i"/home/ismail/ti/C2000Ware_5_02_00_00/device_support/f2837xd/headers/cmd" -i"/home/ismail/ti/ccs1271/ccs/tools/compiler/ti-cgt-c2000_22.6.1.LTS/lib" -i"/home/ismail/ti/ccs1271/ccs/tools/compiler/ti-cgt-c2000_22.6.1.LTS/include" --reread_libs --diag_wrap=off --display_error_number --xml_link_info="SCI_CAN_Interfaces_CPU1_linkInfo.xml" --entry_point=code_start --rom_model -o "SCI_CAN_Interfaces_CPU1.out" "./assembly/DCSM_Z1_ZoneSelectBlock.obj" "./assembly/DCSM_Z2_ZoneSelectBlock.obj" "./assembly/F2837xD_usDelay.obj" "./assembly/fwupgradec1toc2_start.obj" "./src/F2837xD_DefaultISR.obj" "./src/F2837xD_GlobalVariableDefs.obj" "./src/F2837xD_Gpio.obj" "./src/F2837xD_Ipc.obj" "./src/F2837xD_Ipc_Driver_Util.obj" "./src/F2837xD_PieCtrl.obj" "./src/F2837xD_PieVect.obj" "./src/F2837xD_SysCtrl.obj" "./src/Fapi_UserDefinedFunctions.obj" "./src/SCI_Boot.obj" "./src/SCI_GetFunction.obj" "./src/Shared_Boot.obj" "./src/Shared_Erase.obj" "./src/Shared_Verify.obj" "./src/main.obj" "/home/ismail/ti/C2000Ware_5_02_00_00/libraries/flash_api/f2837xd/lib/F021_API_F2837xD_FPU32.lib" "/home/ismail/ti/C2000Ware_5_02_00_00/libraries/boot_rom/f2837xd/rev0/rom_symbol_libs/c1_ROM_API/c1bootROM_BootROMSymbols_fpu32.lib" "../linker/2837xD_FLASH_lnk_cpu1.cmd" "../linker/F2837xD_Headers_nonBIOS_cpu1.cmd" "../linker/flash_programming_cpu1tocpu2_RAM.cmd"  -l"/home/ismail/ti/ccs1271/ccs/tools/compiler/ti-cgt-c2000_22.6.1.LTS/lib/rts2800_fpu32.lib" -llibc.a 
<Linking>
FILE: SCI_CAN_Interfaces_CPU1.out
CODE  size (bytes): 8542
CONST size (bytes): 69
DATA  size (bytes): 10164
 
Finished building target: "SCI_CAN_Interfaces_CPU1.out"
 

**** Build Finished ****

**** Build of configuration CPU1_FLASH for project SCI_CAN_Interfaces_CPU1 ****

/home/ismail/ti/ccs1271/ccs/utils/bin/gmake -k -j 4 all -O 
 
Building file: "../src/main.c"
Invoking: C2000 Compiler
"/home/ismail/ti/ccs1271/ccs/tools/compiler/ti-cgt-c2000_22.6.1.LTS/bin/cl2000" -v28 -ml -mt --cla_support=cla1 --float_support=fpu32 --tmu_support=tmu0 --vcu_support=vcu2 -Ooff --include_path="/home/ismail/IOT-CANBus/TI/FLASH_BANK_0/SCI_CAN_Interfaces_CPU1/src" --include_path="/home/ismail/IOT-CANBus/TI/FLASH_BANK_0/SCI_CAN_Interfaces_CPU1/assembly" --include_path="/home/ismail/IOT-CANBus/TI/FLASH_BANK_0/SCI_CAN_Interfaces_CPU1/linker" --include_path="/home/ismail/IOT-CANBus/TI/FLASH_BANK_0/SCI_CAN_Interfaces_CPU1/headers" --include_path="/home/ismail/ti/C2000Ware_5_02_00_00/device_support/f2837xd/common/include" --include_path="/home/ismail/ti/C2000Ware_5_02_00_00/device_support/f2837xd/headers/include" --include_path="/home/ismail/ti/C2000Ware_5_02_00_00/libraries/flash_api/f2837xd/include/Constants" --include_path="/home/ismail/ti/C2000Ware_5_02_00_00/libraries/flash_api/f2837xd/include" --include_path="/home/ismail/IOT-CANBus/TI/FLASH_BANK_0/SCI_CAN_Interfaces_CPU1" --include_path="/home/ismail/ti/ccs1271/ccs/tools/compiler/ti-cgt-c2000_22.6.1.LTS/include" --advice:performance=all --define=_STANDALONE --define=_FLASH --define=_LAUNCHXL_F28379D --define=DEBUG --define=_DUAL_HEADERS --define=CPU1 --diag_suppress=10063 --diag_warning=225 --diag_wrap=off --display_error_number --abi=coffabi --section_sizes=on --preproc_with_compile --preproc_dependency="src/main.d_raw" --obj_directory="src"  "../src/main.c"
FILE: src/main.obj
CODE  size (bytes): 119
CONST size (bytes): 8
 
"/home/ismail/IOT-CANBus/TI/FLASH_BANK_0/SCI_CAN_Interfaces_CPU1/headers/config.h", line 13: warning #64-D: shift count is too large
"/home/ismail/IOT-CANBus/TI/FLASH_BANK_0/SCI_CAN_Interfaces_CPU1/headers/config.h", line 13: warning #64-D: shift count is too large
"/home/ismail/IOT-CANBus/TI/FLASH_BANK_0/SCI_CAN_Interfaces_CPU1/headers/config.h", line 13: warning #64-D: shift count is too large
"/home/ismail/IOT-CANBus/TI/FLASH_BANK_0/SCI_CAN_Interfaces_CPU1/headers/config.h", line 13: warning #64-D: shift count is too large
Finished building: "../src/main.c"
 
Building target: "SCI_CAN_Interfaces_CPU1.out"
Invoking: C2000 Linker
"/home/ismail/ti/ccs1271/ccs/tools/compiler/ti-cgt-c2000_22.6.1.LTS/bin/cl2000" -v28 -ml -mt --cla_support=cla1 --float_support=fpu32 --tmu_support=tmu0 --vcu_support=vcu2 -Ooff --advice:performance=all --define=_STANDALONE --define=_FLASH --define=_LAUNCHXL_F28379D --define=DEBUG --define=_DUAL_HEADERS --define=CPU1 --diag_suppress=10063 --diag_warning=225 --diag_wrap=off --display_error_number --abi=coffabi --section_sizes=on -z -m"SCI_CAN_Interfaces_CPU1.map" --stack_size=0x100 --warn_sections -i"/home/ismail/ti/C2000Ware_5_02_00_00/device_support/f2837xd/common/cmd" -i"/home/ismail/ti/C2000Ware_5_02_00_00/device_support/f2837xd/headers/cmd" -i"/home/ismail/ti/ccs1271/ccs/tools/compiler/ti-cgt-c2000_22.6.1.LTS/lib" -i"/home/ismail/ti/ccs1271/ccs/tools/compiler/ti-cgt-c2000_22.6.1.LTS/include" --reread_libs --diag_wrap=off --display_error_number --xml_link_info="SCI_CAN_Interfaces_CPU1_linkInfo.xml" --entry_point=code_start --rom_model -o "SCI_CAN_Interfaces_CPU1.out" "./assembly/DCSM_Z1_ZoneSelectBlock.obj" "./assembly/DCSM_Z2_ZoneSelectBlock.obj" "./assembly/F2837xD_usDelay.obj" "./assembly/fwupgradec1toc2_start.obj" "./src/F2837xD_DefaultISR.obj" "./src/F2837xD_GlobalVariableDefs.obj" "./src/F2837xD_Gpio.obj" "./src/F2837xD_Ipc.obj" "./src/F2837xD_Ipc_Driver_Util.obj" "./src/F2837xD_PieCtrl.obj" "./src/F2837xD_PieVect.obj" "./src/F2837xD_SysCtrl.obj" "./src/Fapi_UserDefinedFunctions.obj" "./src/SCI_Boot.obj" "./src/SCI_GetFunction.obj" "./src/Shared_Boot.obj" "./src/Shared_Erase.obj" "./src/Shared_Verify.obj" "./src/main.obj" "/home/ismail/ti/C2000Ware_5_02_00_00/libraries/flash_api/f2837xd/lib/F021_API_F2837xD_FPU32.lib" "/home/ismail/ti/C2000Ware_5_02_00_00/libraries/boot_rom/f2837xd/rev0/rom_symbol_libs/c1_ROM_API/c1bootROM_BootROMSymbols_fpu32.lib" "../linker/2837xD_FLASH_lnk_cpu1.cmd" "../linker/F2837xD_Headers_nonBIOS_cpu1.cmd" "../linker/flash_programming_cpu1tocpu2_RAM.cmd"  -l"/home/ismail/ti/ccs1271/ccs/tools/compiler/ti-cgt-c2000_22.6.1.LTS/lib/rts2800_fpu32.lib" -llibc.a 
<Linking>
FILE: SCI_CAN_Interfaces_CPU1.out
CODE  size (bytes): 8542
CONST size (bytes): 69
DATA  size (bytes): 10164
 
Finished building target: "SCI_CAN_Interfaces_CPU1.out"
 

**** Build Finished ****

**** Build of configuration CPU1_FLASH for project SCI_CAN_Interfaces_CPU1 ****

/home/ismail/ti/ccs1271/ccs/utils/bin/gmake -k -j 4 all -O 
 
Building file: "../src/main.c"
Invoking: C2000 Compiler
"/home/ismail/ti/ccs1271/ccs/tools/compiler/ti-cgt-c2000_22.6.1.LTS/bin/cl2000" -v28 -ml -mt --cla_support=cla1 --float_support=fpu32 --tmu_support=tmu0 --vcu_support=vcu2 -Ooff --include_path="/home/ismail/IOT-CANBus/TI/FLASH_BANK_0/SCI_CAN_Interfaces_CPU1/src" --include_path="/home/ismail/IOT-CANBus/TI/FLASH_BANK_0/SCI_CAN_Interfaces_CPU1/assembly" --include_path="/home/ismail/IOT-CANBus/TI/FLASH_BANK_0/SCI_CAN_Interfaces_CPU1/linker" --include_path="/home/ismail/IOT-CANBus/TI/FLASH_BANK_0/SCI_CAN_Interfaces_CPU1/headers" --include_path="/home/ismail/ti/C2000Ware_5_02_00_00/device_support/f2837xd/common/include" --include_path="/home/ismail/ti/C2000Ware_5_02_00_00/device_support/f2837xd/headers/include" --include_path="/home/ismail/ti/C2000Ware_5_02_00_00/libraries/flash_api/f2837xd/include/Constants" --include_path="/home/ismail/ti/C2000Ware_5_02_00_00/libraries/flash_api/f2837xd/include" --include_path="/home/ismail/IOT-CANBus/TI/FLASH_BANK_0/SCI_CAN_Interfaces_CPU1" --include_path="/home/ismail/ti/ccs1271/ccs/tools/compiler/ti-cgt-c2000_22.6.1.LTS/include" --advice:performance=all --define=_STANDALONE --define=_FLASH --define=_LAUNCHXL_F28379D --define=DEBUG --define=_DUAL_HEADERS --define=CPU1 --diag_suppress=10063 --diag_warning=225 --diag_wrap=off --display_error_number --abi=coffabi --section_sizes=on --preproc_with_compile --preproc_dependency="src/main.d_raw" --obj_directory="src"  "../src/main.c"
FILE: src/main.obj
CODE  size (bytes): 119
CONST size (bytes): 8
 
"/home/ismail/IOT-CANBus/TI/FLASH_BANK_0/SCI_CAN_Interfaces_CPU1/headers/config.h", line 8: warning #64-D: shift count is too large
"/home/ismail/IOT-CANBus/TI/FLASH_BANK_0/SCI_CAN_Interfaces_CPU1/headers/config.h", line 13: warning #64-D: shift count is too large
"/home/ismail/IOT-CANBus/TI/FLASH_BANK_0/SCI_CAN_Interfaces_CPU1/headers/config.h", line 13: warning #64-D: shift count is too large
"/home/ismail/IOT-CANBus/TI/FLASH_BANK_0/SCI_CAN_Interfaces_CPU1/headers/config.h", line 13: warning #64-D: shift count is too large
"/home/ismail/IOT-CANBus/TI/FLASH_BANK_0/SCI_CAN_Interfaces_CPU1/headers/config.h", line 13: warning #64-D: shift count is too large
Finished building: "../src/main.c"
 
Building target: "SCI_CAN_Interfaces_CPU1.out"
Invoking: C2000 Linker
"/home/ismail/ti/ccs1271/ccs/tools/compiler/ti-cgt-c2000_22.6.1.LTS/bin/cl2000" -v28 -ml -mt --cla_support=cla1 --float_support=fpu32 --tmu_support=tmu0 --vcu_support=vcu2 -Ooff --advice:performance=all --define=_STANDALONE --define=_FLASH --define=_LAUNCHXL_F28379D --define=DEBUG --define=_DUAL_HEADERS --define=CPU1 --diag_suppress=10063 --diag_warning=225 --diag_wrap=off --display_error_number --abi=coffabi --section_sizes=on -z -m"SCI_CAN_Interfaces_CPU1.map" --stack_size=0x100 --warn_sections -i"/home/ismail/ti/C2000Ware_5_02_00_00/device_support/f2837xd/common/cmd" -i"/home/ismail/ti/C2000Ware_5_02_00_00/device_support/f2837xd/headers/cmd" -i"/home/ismail/ti/ccs1271/ccs/tools/compiler/ti-cgt-c2000_22.6.1.LTS/lib" -i"/home/ismail/ti/ccs1271/ccs/tools/compiler/ti-cgt-c2000_22.6.1.LTS/include" --reread_libs --diag_wrap=off --display_error_number --xml_link_info="SCI_CAN_Interfaces_CPU1_linkInfo.xml" --entry_point=code_start --rom_model -o "SCI_CAN_Interfaces_CPU1.out" "./assembly/DCSM_Z1_ZoneSelectBlock.obj" "./assembly/DCSM_Z2_ZoneSelectBlock.obj" "./assembly/F2837xD_usDelay.obj" "./assembly/fwupgradec1toc2_start.obj" "./src/F2837xD_DefaultISR.obj" "./src/F2837xD_GlobalVariableDefs.obj" "./src/F2837xD_Gpio.obj" "./src/F2837xD_Ipc.obj" "./src/F2837xD_Ipc_Driver_Util.obj" "./src/F2837xD_PieCtrl.obj" "./src/F2837xD_PieVect.obj" "./src/F2837xD_SysCtrl.obj" "./src/Fapi_UserDefinedFunctions.obj" "./src/SCI_Boot.obj" "./src/SCI_GetFunction.obj" "./src/Shared_Boot.obj" "./src/Shared_Erase.obj" "./src/Shared_Verify.obj" "./src/main.obj" "/home/ismail/ti/C2000Ware_5_02_00_00/libraries/flash_api/f2837xd/lib/F021_API_F2837xD_FPU32.lib" "/home/ismail/ti/C2000Ware_5_02_00_00/libraries/boot_rom/f2837xd/rev0/rom_symbol_libs/c1_ROM_API/c1bootROM_BootROMSymbols_fpu32.lib" "../linker/2837xD_FLASH_lnk_cpu1.cmd" "../linker/F2837xD_Headers_nonBIOS_cpu1.cmd" "../linker/flash_programming_cpu1tocpu2_RAM.cmd"  -l"/home/ismail/ti/ccs1271/ccs/tools/compiler/ti-cgt-c2000_22.6.1.LTS/lib/rts2800_fpu32.lib" -llibc.a 
<Linking>
FILE: SCI_CAN_Interfaces_CPU1.out
CODE  size (bytes): 8542
CONST size (bytes): 69
DATA  size (bytes): 10164
 
Finished building target: "SCI_CAN_Interfaces_CPU1.out"
 

**** Build Finished ****

**** Build of configuration CPU1_FLASH for project SCI_CAN_Interfaces_CPU1 ****

/home/ismail/ti/ccs1271/ccs/utils/bin/gmake -k -j 4 all -O 
 
Building file: "../src/main.c"
Invoking: C2000 Compiler
"/home/ismail/ti/ccs1271/ccs/tools/compiler/ti-cgt-c2000_22.6.1.LTS/bin/cl2000" -v28 -ml -mt --cla_support=cla1 --float_support=fpu32 --tmu_support=tmu0 --vcu_support=vcu2 -Ooff --include_path="/home/ismail/IOT-CANBus/TI/FLASH_BANK_0/SCI_CAN_Interfaces_CPU1/src" --include_path="/home/ismail/IOT-CANBus/TI/FLASH_BANK_0/SCI_CAN_Interfaces_CPU1/assembly" --include_path="/home/ismail/IOT-CANBus/TI/FLASH_BANK_0/SCI_CAN_Interfaces_CPU1/linker" --include_path="/home/ismail/IOT-CANBus/TI/FLASH_BANK_0/SCI_CAN_Interfaces_CPU1/headers" --include_path="/home/ismail/ti/C2000Ware_5_02_00_00/device_support/f2837xd/common/include" --include_path="/home/ismail/ti/C2000Ware_5_02_00_00/device_support/f2837xd/headers/include" --include_path="/home/ismail/ti/C2000Ware_5_02_00_00/libraries/flash_api/f2837xd/include/Constants" --include_path="/home/ismail/ti/C2000Ware_5_02_00_00/libraries/flash_api/f2837xd/include" --include_path="/home/ismail/IOT-CANBus/TI/FLASH_BANK_0/SCI_CAN_Interfaces_CPU1" --include_path="/home/ismail/ti/ccs1271/ccs/tools/compiler/ti-cgt-c2000_22.6.1.LTS/include" --advice:performance=all --define=_STANDALONE --define=_FLASH --define=_LAUNCHXL_F28379D --define=DEBUG --define=_DUAL_HEADERS --define=CPU1 --diag_suppress=10063 --diag_warning=225 --diag_wrap=off --display_error_number --abi=coffabi --section_sizes=on --preproc_with_compile --preproc_dependency="src/main.d_raw" --obj_directory="src"  "../src/main.c"
FILE: src/main.obj
CODE  size (bytes): 119
CONST size (bytes): 8
 
"/home/ismail/IOT-CANBus/TI/FLASH_BANK_0/SCI_CAN_Interfaces_CPU1/headers/config.h", line 8: warning #64-D: shift count is too large
"/home/ismail/IOT-CANBus/TI/FLASH_BANK_0/SCI_CAN_Interfaces_CPU1/headers/config.h", line 13: warning #64-D: shift count is too large
"/home/ismail/IOT-CANBus/TI/FLASH_BANK_0/SCI_CAN_Interfaces_CPU1/headers/config.h", line 13: warning #64-D: shift count is too large
"/home/ismail/IOT-CANBus/TI/FLASH_BANK_0/SCI_CAN_Interfaces_CPU1/headers/config.h", line 13: warning #64-D: shift count is too large
"/home/ismail/IOT-CANBus/TI/FLASH_BANK_0/SCI_CAN_Interfaces_CPU1/headers/config.h", line 13: warning #64-D: shift count is too large
Finished building: "../src/main.c"
 
Building target: "SCI_CAN_Interfaces_CPU1.out"
Invoking: C2000 Linker
"/home/ismail/ti/ccs1271/ccs/tools/compiler/ti-cgt-c2000_22.6.1.LTS/bin/cl2000" -v28 -ml -mt --cla_support=cla1 --float_support=fpu32 --tmu_support=tmu0 --vcu_support=vcu2 -Ooff --advice:performance=all --define=_STANDALONE --define=_FLASH --define=_LAUNCHXL_F28379D --define=DEBUG --define=_DUAL_HEADERS --define=CPU1 --diag_suppress=10063 --diag_warning=225 --diag_wrap=off --display_error_number --abi=coffabi --section_sizes=on -z -m"SCI_CAN_Interfaces_CPU1.map" --stack_size=0x100 --warn_sections -i"/home/ismail/ti/C2000Ware_5_02_00_00/device_support/f2837xd/common/cmd" -i"/home/ismail/ti/C2000Ware_5_02_00_00/device_support/f2837xd/headers/cmd" -i"/home/ismail/ti/ccs1271/ccs/tools/compiler/ti-cgt-c2000_22.6.1.LTS/lib" -i"/home/ismail/ti/ccs1271/ccs/tools/compiler/ti-cgt-c2000_22.6.1.LTS/include" --reread_libs --diag_wrap=off --display_error_number --xml_link_info="SCI_CAN_Interfaces_CPU1_linkInfo.xml" --entry_point=code_start --rom_model -o "SCI_CAN_Interfaces_CPU1.out" "./assembly/DCSM_Z1_ZoneSelectBlock.obj" "./assembly/DCSM_Z2_ZoneSelectBlock.obj" "./assembly/F2837xD_usDelay.obj" "./assembly/fwupgradec1toc2_start.obj" "./src/F2837xD_DefaultISR.obj" "./src/F2837xD_GlobalVariableDefs.obj" "./src/F2837xD_Gpio.obj" "./src/F2837xD_Ipc.obj" "./src/F2837xD_Ipc_Driver_Util.obj" "./src/F2837xD_PieCtrl.obj" "./src/F2837xD_PieVect.obj" "./src/F2837xD_SysCtrl.obj" "./src/Fapi_UserDefinedFunctions.obj" "./src/SCI_Boot.obj" "./src/SCI_GetFunction.obj" "./src/Shared_Boot.obj" "./src/Shared_Erase.obj" "./src/Shared_Verify.obj" "./src/main.obj" "/home/ismail/ti/C2000Ware_5_02_00_00/libraries/flash_api/f2837xd/lib/F021_API_F2837xD_FPU32.lib" "/home/ismail/ti/C2000Ware_5_02_00_00/libraries/boot_rom/f2837xd/rev0/rom_symbol_libs/c1_ROM_API/c1bootROM_BootROMSymbols_fpu32.lib" "../linker/2837xD_FLASH_lnk_cpu1.cmd" "../linker/F2837xD_Headers_nonBIOS_cpu1.cmd" "../linker/flash_programming_cpu1tocpu2_RAM.cmd"  -l"/home/ismail/ti/ccs1271/ccs/tools/compiler/ti-cgt-c2000_22.6.1.LTS/lib/rts2800_fpu32.lib" -llibc.a 
<Linking>
FILE: SCI_CAN_Interfaces_CPU1.out
CODE  size (bytes): 8542
CONST size (bytes): 69
DATA  size (bytes): 10164
 
Finished building target: "SCI_CAN_Interfaces_CPU1.out"
 

**** Build Finished ****

**** Build of configuration CPU1_FLASH for project SCI_CAN_Interfaces_CPU1 ****

/home/ismail/ti/ccs1271/ccs/utils/bin/gmake -k -j 4 all -O 
 
Building file: "../src/main.c"
Invoking: C2000 Compiler
"/home/ismail/ti/ccs1271/ccs/tools/compiler/ti-cgt-c2000_22.6.1.LTS/bin/cl2000" -v28 -ml -mt --cla_support=cla1 --float_support=fpu32 --tmu_support=tmu0 --vcu_support=vcu2 -Ooff --include_path="/home/ismail/IOT-CANBus/TI/FLASH_BANK_0/SCI_CAN_Interfaces_CPU1/src" --include_path="/home/ismail/IOT-CANBus/TI/FLASH_BANK_0/SCI_CAN_Interfaces_CPU1/assembly" --include_path="/home/ismail/IOT-CANBus/TI/FLASH_BANK_0/SCI_CAN_Interfaces_CPU1/linker" --include_path="/home/ismail/IOT-CANBus/TI/FLASH_BANK_0/SCI_CAN_Interfaces_CPU1/headers" --include_path="/home/ismail/ti/C2000Ware_5_02_00_00/device_support/f2837xd/common/include" --include_path="/home/ismail/ti/C2000Ware_5_02_00_00/device_support/f2837xd/headers/include" --include_path="/home/ismail/ti/C2000Ware_5_02_00_00/libraries/flash_api/f2837xd/include/Constants" --include_path="/home/ismail/ti/C2000Ware_5_02_00_00/libraries/flash_api/f2837xd/include" --include_path="/home/ismail/IOT-CANBus/TI/FLASH_BANK_0/SCI_CAN_Interfaces_CPU1" --include_path="/home/ismail/ti/ccs1271/ccs/tools/compiler/ti-cgt-c2000_22.6.1.LTS/include" --advice:performance=all --define=_STANDALONE --define=_FLASH --define=_LAUNCHXL_F28379D --define=DEBUG --define=_DUAL_HEADERS --define=CPU1 --diag_suppress=10063 --diag_warning=225 --diag_wrap=off --display_error_number --abi=coffabi --section_sizes=on --preproc_with_compile --preproc_dependency="src/main.d_raw" --obj_directory="src"  "../src/main.c"
FILE: src/main.obj
CODE  size (bytes): 119
CONST size (bytes): 8
 
"/home/ismail/IOT-CANBus/TI/FLASH_BANK_0/SCI_CAN_Interfaces_CPU1/headers/config.h", line 8: warning #64-D: shift count is too large
"/home/ismail/IOT-CANBus/TI/FLASH_BANK_0/SCI_CAN_Interfaces_CPU1/headers/config.h", line 13: warning #64-D: shift count is too large
"/home/ismail/IOT-CANBus/TI/FLASH_BANK_0/SCI_CAN_Interfaces_CPU1/headers/config.h", line 13: warning #64-D: shift count is too large
"/home/ismail/IOT-CANBus/TI/FLASH_BANK_0/SCI_CAN_Interfaces_CPU1/headers/config.h", line 13: warning #64-D: shift count is too large
"/home/ismail/IOT-CANBus/TI/FLASH_BANK_0/SCI_CAN_Interfaces_CPU1/headers/config.h", line 13: warning #64-D: shift count is too large
Finished building: "../src/main.c"
 
Building target: "SCI_CAN_Interfaces_CPU1.out"
Invoking: C2000 Linker
"/home/ismail/ti/ccs1271/ccs/tools/compiler/ti-cgt-c2000_22.6.1.LTS/bin/cl2000" -v28 -ml -mt --cla_support=cla1 --float_support=fpu32 --tmu_support=tmu0 --vcu_support=vcu2 -Ooff --advice:performance=all --define=_STANDALONE --define=_FLASH --define=_LAUNCHXL_F28379D --define=DEBUG --define=_DUAL_HEADERS --define=CPU1 --diag_suppress=10063 --diag_warning=225 --diag_wrap=off --display_error_number --abi=coffabi --section_sizes=on -z -m"SCI_CAN_Interfaces_CPU1.map" --stack_size=0x100 --warn_sections -i"/home/ismail/ti/C2000Ware_5_02_00_00/device_support/f2837xd/common/cmd" -i"/home/ismail/ti/C2000Ware_5_02_00_00/device_support/f2837xd/headers/cmd" -i"/home/ismail/ti/ccs1271/ccs/tools/compiler/ti-cgt-c2000_22.6.1.LTS/lib" -i"/home/ismail/ti/ccs1271/ccs/tools/compiler/ti-cgt-c2000_22.6.1.LTS/include" --reread_libs --diag_wrap=off --display_error_number --xml_link_info="SCI_CAN_Interfaces_CPU1_linkInfo.xml" --entry_point=code_start --rom_model -o "SCI_CAN_Interfaces_CPU1.out" "./assembly/DCSM_Z1_ZoneSelectBlock.obj" "./assembly/DCSM_Z2_ZoneSelectBlock.obj" "./assembly/F2837xD_usDelay.obj" "./assembly/fwupgradec1toc2_start.obj" "./src/F2837xD_DefaultISR.obj" "./src/F2837xD_GlobalVariableDefs.obj" "./src/F2837xD_Gpio.obj" "./src/F2837xD_Ipc.obj" "./src/F2837xD_Ipc_Driver_Util.obj" "./src/F2837xD_PieCtrl.obj" "./src/F2837xD_PieVect.obj" "./src/F2837xD_SysCtrl.obj" "./src/Fapi_UserDefinedFunctions.obj" "./src/SCI_Boot.obj" "./src/SCI_GetFunction.obj" "./src/Shared_Boot.obj" "./src/Shared_Erase.obj" "./src/Shared_Verify.obj" "./src/main.obj" "/home/ismail/ti/C2000Ware_5_02_00_00/libraries/flash_api/f2837xd/lib/F021_API_F2837xD_FPU32.lib" "/home/ismail/ti/C2000Ware_5_02_00_00/libraries/boot_rom/f2837xd/rev0/rom_symbol_libs/c1_ROM_API/c1bootROM_BootROMSymbols_fpu32.lib" "../linker/2837xD_FLASH_lnk_cpu1.cmd" "../linker/F2837xD_Headers_nonBIOS_cpu1.cmd" "../linker/flash_programming_cpu1tocpu2_RAM.cmd"  -l"/home/ismail/ti/ccs1271/ccs/tools/compiler/ti-cgt-c2000_22.6.1.LTS/lib/rts2800_fpu32.lib" -llibc.a 
<Linking>
FILE: SCI_CAN_Interfaces_CPU1.out
CODE  size (bytes): 8542
CONST size (bytes): 69
DATA  size (bytes): 10164
 
Finished building target: "SCI_CAN_Interfaces_CPU1.out"
 

**** Build Finished ****

**** Build of configuration CPU1_FLASH for project SCI_CAN_Interfaces_CPU1 ****

/home/ismail/ti/ccs1271/ccs/utils/bin/gmake -k -j 4 all -O 
 
Building file: "../src/main.c"
Invoking: C2000 Compiler
"/home/ismail/ti/ccs1271/ccs/tools/compiler/ti-cgt-c2000_22.6.1.LTS/bin/cl2000" -v28 -ml -mt --cla_support=cla1 --float_support=fpu32 --tmu_support=tmu0 --vcu_support=vcu2 -Ooff --include_path="/home/ismail/IOT-CANBus/TI/FLASH_BANK_0/SCI_CAN_Interfaces_CPU1/src" --include_path="/home/ismail/IOT-CANBus/TI/FLASH_BANK_0/SCI_CAN_Interfaces_CPU1/assembly" --include_path="/home/ismail/IOT-CANBus/TI/FLASH_BANK_0/SCI_CAN_Interfaces_CPU1/linker" --include_path="/home/ismail/IOT-CANBus/TI/FLASH_BANK_0/SCI_CAN_Interfaces_CPU1/headers" --include_path="/home/ismail/ti/C2000Ware_5_02_00_00/device_support/f2837xd/common/include" --include_path="/home/ismail/ti/C2000Ware_5_02_00_00/device_support/f2837xd/headers/include" --include_path="/home/ismail/ti/C2000Ware_5_02_00_00/libraries/flash_api/f2837xd/include/Constants" --include_path="/home/ismail/ti/C2000Ware_5_02_00_00/libraries/flash_api/f2837xd/include" --include_path="/home/ismail/IOT-CANBus/TI/FLASH_BANK_0/SCI_CAN_Interfaces_CPU1" --include_path="/home/ismail/ti/ccs1271/ccs/tools/compiler/ti-cgt-c2000_22.6.1.LTS/include" --advice:performance=all --define=_STANDALONE --define=_FLASH --define=_LAUNCHXL_F28379D --define=DEBUG --define=_DUAL_HEADERS --define=CPU1 --diag_suppress=10063 --diag_warning=225 --diag_wrap=off --display_error_number --abi=coffabi --section_sizes=on --preproc_with_compile --preproc_dependency="src/main.d_raw" --obj_directory="src"  "../src/main.c"
FILE: src/main.obj
CODE  size (bytes): 119
CONST size (bytes): 8
 
"/home/ismail/IOT-CANBus/TI/FLASH_BANK_0/SCI_CAN_Interfaces_CPU1/headers/config.h", line 8: warning #64-D: shift count is too large
"/home/ismail/IOT-CANBus/TI/FLASH_BANK_0/SCI_CAN_Interfaces_CPU1/headers/config.h", line 13: warning #64-D: shift count is too large
"/home/ismail/IOT-CANBus/TI/FLASH_BANK_0/SCI_CAN_Interfaces_CPU1/headers/config.h", line 13: warning #64-D: shift count is too large
"/home/ismail/IOT-CANBus/TI/FLASH_BANK_0/SCI_CAN_Interfaces_CPU1/headers/config.h", line 13: warning #64-D: shift count is too large
"/home/ismail/IOT-CANBus/TI/FLASH_BANK_0/SCI_CAN_Interfaces_CPU1/headers/config.h", line 13: warning #64-D: shift count is too large
Finished building: "../src/main.c"
 
Building target: "SCI_CAN_Interfaces_CPU1.out"
Invoking: C2000 Linker
"/home/ismail/ti/ccs1271/ccs/tools/compiler/ti-cgt-c2000_22.6.1.LTS/bin/cl2000" -v28 -ml -mt --cla_support=cla1 --float_support=fpu32 --tmu_support=tmu0 --vcu_support=vcu2 -Ooff --advice:performance=all --define=_STANDALONE --define=_FLASH --define=_LAUNCHXL_F28379D --define=DEBUG --define=_DUAL_HEADERS --define=CPU1 --diag_suppress=10063 --diag_warning=225 --diag_wrap=off --display_error_number --abi=coffabi --section_sizes=on -z -m"SCI_CAN_Interfaces_CPU1.map" --stack_size=0x100 --warn_sections -i"/home/ismail/ti/C2000Ware_5_02_00_00/device_support/f2837xd/common/cmd" -i"/home/ismail/ti/C2000Ware_5_02_00_00/device_support/f2837xd/headers/cmd" -i"/home/ismail/ti/ccs1271/ccs/tools/compiler/ti-cgt-c2000_22.6.1.LTS/lib" -i"/home/ismail/ti/ccs1271/ccs/tools/compiler/ti-cgt-c2000_22.6.1.LTS/include" --reread_libs --diag_wrap=off --display_error_number --xml_link_info="SCI_CAN_Interfaces_CPU1_linkInfo.xml" --entry_point=code_start --rom_model -o "SCI_CAN_Interfaces_CPU1.out" "./assembly/DCSM_Z1_ZoneSelectBlock.obj" "./assembly/DCSM_Z2_ZoneSelectBlock.obj" "./assembly/F2837xD_usDelay.obj" "./assembly/fwupgradec1toc2_start.obj" "./src/F2837xD_DefaultISR.obj" "./src/F2837xD_GlobalVariableDefs.obj" "./src/F2837xD_Gpio.obj" "./src/F2837xD_Ipc.obj" "./src/F2837xD_Ipc_Driver_Util.obj" "./src/F2837xD_PieCtrl.obj" "./src/F2837xD_PieVect.obj" "./src/F2837xD_SysCtrl.obj" "./src/Fapi_UserDefinedFunctions.obj" "./src/SCI_Boot.obj" "./src/SCI_GetFunction.obj" "./src/Shared_Boot.obj" "./src/Shared_Erase.obj" "./src/Shared_Verify.obj" "./src/main.obj" "/home/ismail/ti/C2000Ware_5_02_00_00/libraries/flash_api/f2837xd/lib/F021_API_F2837xD_FPU32.lib" "/home/ismail/ti/C2000Ware_5_02_00_00/libraries/boot_rom/f2837xd/rev0/rom_symbol_libs/c1_ROM_API/c1bootROM_BootROMSymbols_fpu32.lib" "../linker/2837xD_FLASH_lnk_cpu1.cmd" "../linker/F2837xD_Headers_nonBIOS_cpu1.cmd" "../linker/flash_programming_cpu1tocpu2_RAM.cmd"  -l"/home/ismail/ti/ccs1271/ccs/tools/compiler/ti-cgt-c2000_22.6.1.LTS/lib/rts2800_fpu32.lib" -llibc.a 
<Linking>
FILE: SCI_CAN_Interfaces_CPU1.out
CODE  size (bytes): 8542
CONST size (bytes): 69
DATA  size (bytes): 10164
 
Finished building target: "SCI_CAN_Interfaces_CPU1.out"
 

**** Build Finished ****

**** Build of configuration CPU1_FLASH for project SCI_CAN_Interfaces_CPU1 ****

/home/ismail/ti/ccs1271/ccs/utils/bin/gmake -k -j 4 all -O 
 
Building file: "../src/main.c"
Invoking: C2000 Compiler
"/home/ismail/ti/ccs1271/ccs/tools/compiler/ti-cgt-c2000_22.6.1.LTS/bin/cl2000" -v28 -ml -mt --cla_support=cla1 --float_support=fpu32 --tmu_support=tmu0 --vcu_support=vcu2 -Ooff --include_path="/home/ismail/IOT-CANBus/TI/FLASH_BANK_0/SCI_CAN_Interfaces_CPU1/src" --include_path="/home/ismail/IOT-CANBus/TI/FLASH_BANK_0/SCI_CAN_Interfaces_CPU1/assembly" --include_path="/home/ismail/IOT-CANBus/TI/FLASH_BANK_0/SCI_CAN_Interfaces_CPU1/linker" --include_path="/home/ismail/IOT-CANBus/TI/FLASH_BANK_0/SCI_CAN_Interfaces_CPU1/headers" --include_path="/home/ismail/ti/C2000Ware_5_02_00_00/device_support/f2837xd/common/include" --include_path="/home/ismail/ti/C2000Ware_5_02_00_00/device_support/f2837xd/headers/include" --include_path="/home/ismail/ti/C2000Ware_5_02_00_00/libraries/flash_api/f2837xd/include/Constants" --include_path="/home/ismail/ti/C2000Ware_5_02_00_00/libraries/flash_api/f2837xd/include" --include_path="/home/ismail/IOT-CANBus/TI/FLASH_BANK_0/SCI_CAN_Interfaces_CPU1" --include_path="/home/ismail/ti/ccs1271/ccs/tools/compiler/ti-cgt-c2000_22.6.1.LTS/include" --advice:performance=all --define=_STANDALONE --define=_FLASH --define=_LAUNCHXL_F28379D --define=DEBUG --define=_DUAL_HEADERS --define=CPU1 --diag_suppress=10063 --diag_warning=225 --diag_wrap=off --display_error_number --abi=coffabi --section_sizes=on --preproc_with_compile --preproc_dependency="src/main.d_raw" --obj_directory="src"  "../src/main.c"
FILE: src/main.obj
CODE  size (bytes): 119
CONST size (bytes): 8
 
"/home/ismail/IOT-CANBus/TI/FLASH_BANK_0/SCI_CAN_Interfaces_CPU1/headers/config.h", line 8: warning #64-D: shift count is too large
"/home/ismail/IOT-CANBus/TI/FLASH_BANK_0/SCI_CAN_Interfaces_CPU1/headers/config.h", line 13: warning #64-D: shift count is too large
"/home/ismail/IOT-CANBus/TI/FLASH_BANK_0/SCI_CAN_Interfaces_CPU1/headers/config.h", line 13: warning #64-D: shift count is too large
"/home/ismail/IOT-CANBus/TI/FLASH_BANK_0/SCI_CAN_Interfaces_CPU1/headers/config.h", line 13: warning #64-D: shift count is too large
"/home/ismail/IOT-CANBus/TI/FLASH_BANK_0/SCI_CAN_Interfaces_CPU1/headers/config.h", line 13: warning #64-D: shift count is too large
Finished building: "../src/main.c"
 
Building target: "SCI_CAN_Interfaces_CPU1.out"
Invoking: C2000 Linker
"/home/ismail/ti/ccs1271/ccs/tools/compiler/ti-cgt-c2000_22.6.1.LTS/bin/cl2000" -v28 -ml -mt --cla_support=cla1 --float_support=fpu32 --tmu_support=tmu0 --vcu_support=vcu2 -Ooff --advice:performance=all --define=_STANDALONE --define=_FLASH --define=_LAUNCHXL_F28379D --define=DEBUG --define=_DUAL_HEADERS --define=CPU1 --diag_suppress=10063 --diag_warning=225 --diag_wrap=off --display_error_number --abi=coffabi --section_sizes=on -z -m"SCI_CAN_Interfaces_CPU1.map" --stack_size=0x100 --warn_sections -i"/home/ismail/ti/C2000Ware_5_02_00_00/device_support/f2837xd/common/cmd" -i"/home/ismail/ti/C2000Ware_5_02_00_00/device_support/f2837xd/headers/cmd" -i"/home/ismail/ti/ccs1271/ccs/tools/compiler/ti-cgt-c2000_22.6.1.LTS/lib" -i"/home/ismail/ti/ccs1271/ccs/tools/compiler/ti-cgt-c2000_22.6.1.LTS/include" --reread_libs --diag_wrap=off --display_error_number --xml_link_info="SCI_CAN_Interfaces_CPU1_linkInfo.xml" --entry_point=code_start --rom_model -o "SCI_CAN_Interfaces_CPU1.out" "./assembly/DCSM_Z1_ZoneSelectBlock.obj" "./assembly/DCSM_Z2_ZoneSelectBlock.obj" "./assembly/F2837xD_usDelay.obj" "./assembly/fwupgradec1toc2_start.obj" "./src/F2837xD_DefaultISR.obj" "./src/F2837xD_GlobalVariableDefs.obj" "./src/F2837xD_Gpio.obj" "./src/F2837xD_Ipc.obj" "./src/F2837xD_Ipc_Driver_Util.obj" "./src/F2837xD_PieCtrl.obj" "./src/F2837xD_PieVect.obj" "./src/F2837xD_SysCtrl.obj" "./src/Fapi_UserDefinedFunctions.obj" "./src/SCI_Boot.obj" "./src/SCI_GetFunction.obj" "./src/Shared_Boot.obj" "./src/Shared_Erase.obj" "./src/Shared_Verify.obj" "./src/main.obj" "/home/ismail/ti/C2000Ware_5_02_00_00/libraries/flash_api/f2837xd/lib/F021_API_F2837xD_FPU32.lib" "/home/ismail/ti/C2000Ware_5_02_00_00/libraries/boot_rom/f2837xd/rev0/rom_symbol_libs/c1_ROM_API/c1bootROM_BootROMSymbols_fpu32.lib" "../linker/2837xD_FLASH_lnk_cpu1.cmd" "../linker/F2837xD_Headers_nonBIOS_cpu1.cmd" "../linker/flash_programming_cpu1tocpu2_RAM.cmd"  -l"/home/ismail/ti/ccs1271/ccs/tools/compiler/ti-cgt-c2000_22.6.1.LTS/lib/rts2800_fpu32.lib" -llibc.a 
<Linking>
FILE: SCI_CAN_Interfaces_CPU1.out
CODE  size (bytes): 8542
CONST size (bytes): 69
DATA  size (bytes): 10164
 
Finished building target: "SCI_CAN_Interfaces_CPU1.out"
 

**** Build Finished ****

**** Build of configuration CPU1_FLASH for project SCI_CAN_Interfaces_CPU1 ****

/home/ismail/ti/ccs1271/ccs/utils/bin/gmake -k -j 4 all -O 
 
Building file: "../src/main.c"
Invoking: C2000 Compiler
"/home/ismail/ti/ccs1271/ccs/tools/compiler/ti-cgt-c2000_22.6.1.LTS/bin/cl2000" -v28 -ml -mt --cla_support=cla1 --float_support=fpu32 --tmu_support=tmu0 --vcu_support=vcu2 -Ooff --include_path="/home/ismail/IOT-CANBus/TI/FLASH_BANK_0/SCI_CAN_Interfaces_CPU1/src" --include_path="/home/ismail/IOT-CANBus/TI/FLASH_BANK_0/SCI_CAN_Interfaces_CPU1/assembly" --include_path="/home/ismail/IOT-CANBus/TI/FLASH_BANK_0/SCI_CAN_Interfaces_CPU1/linker" --include_path="/home/ismail/IOT-CANBus/TI/FLASH_BANK_0/SCI_CAN_Interfaces_CPU1/headers" --include_path="/home/ismail/ti/C2000Ware_5_02_00_00/device_support/f2837xd/common/include" --include_path="/home/ismail/ti/C2000Ware_5_02_00_00/device_support/f2837xd/headers/include" --include_path="/home/ismail/ti/C2000Ware_5_02_00_00/libraries/flash_api/f2837xd/include/Constants" --include_path="/home/ismail/ti/C2000Ware_5_02_00_00/libraries/flash_api/f2837xd/include" --include_path="/home/ismail/IOT-CANBus/TI/FLASH_BANK_0/SCI_CAN_Interfaces_CPU1" --include_path="/home/ismail/ti/ccs1271/ccs/tools/compiler/ti-cgt-c2000_22.6.1.LTS/include" --advice:performance=all --define=_STANDALONE --define=_FLASH --define=_LAUNCHXL_F28379D --define=DEBUG --define=_DUAL_HEADERS --define=CPU1 --diag_suppress=10063 --diag_warning=225 --diag_wrap=off --display_error_number --abi=coffabi --section_sizes=on --preproc_with_compile --preproc_dependency="src/main.d_raw" --obj_directory="src"  "../src/main.c"
FILE: src/main.obj
CODE  size (bytes): 119
CONST size (bytes): 8
 
"/home/ismail/IOT-CANBus/TI/FLASH_BANK_0/SCI_CAN_Interfaces_CPU1/headers/config.h", line 8: warning #64-D: shift count is too large
"/home/ismail/IOT-CANBus/TI/FLASH_BANK_0/SCI_CAN_Interfaces_CPU1/headers/config.h", line 13: warning #64-D: shift count is too large
"/home/ismail/IOT-CANBus/TI/FLASH_BANK_0/SCI_CAN_Interfaces_CPU1/headers/config.h", line 13: warning #64-D: shift count is too large
"/home/ismail/IOT-CANBus/TI/FLASH_BANK_0/SCI_CAN_Interfaces_CPU1/headers/config.h", line 13: warning #64-D: shift count is too large
"/home/ismail/IOT-CANBus/TI/FLASH_BANK_0/SCI_CAN_Interfaces_CPU1/headers/config.h", line 13: warning #64-D: shift count is too large
Finished building: "../src/main.c"
 
Building target: "SCI_CAN_Interfaces_CPU1.out"
Invoking: C2000 Linker
"/home/ismail/ti/ccs1271/ccs/tools/compiler/ti-cgt-c2000_22.6.1.LTS/bin/cl2000" -v28 -ml -mt --cla_support=cla1 --float_support=fpu32 --tmu_support=tmu0 --vcu_support=vcu2 -Ooff --advice:performance=all --define=_STANDALONE --define=_FLASH --define=_LAUNCHXL_F28379D --define=DEBUG --define=_DUAL_HEADERS --define=CPU1 --diag_suppress=10063 --diag_warning=225 --diag_wrap=off --display_error_number --abi=coffabi --section_sizes=on -z -m"SCI_CAN_Interfaces_CPU1.map" --stack_size=0x100 --warn_sections -i"/home/ismail/ti/C2000Ware_5_02_00_00/device_support/f2837xd/common/cmd" -i"/home/ismail/ti/C2000Ware_5_02_00_00/device_support/f2837xd/headers/cmd" -i"/home/ismail/ti/ccs1271/ccs/tools/compiler/ti-cgt-c2000_22.6.1.LTS/lib" -i"/home/ismail/ti/ccs1271/ccs/tools/compiler/ti-cgt-c2000_22.6.1.LTS/include" --reread_libs --diag_wrap=off --display_error_number --xml_link_info="SCI_CAN_Interfaces_CPU1_linkInfo.xml" --entry_point=code_start --rom_model -o "SCI_CAN_Interfaces_CPU1.out" "./assembly/DCSM_Z1_ZoneSelectBlock.obj" "./assembly/DCSM_Z2_ZoneSelectBlock.obj" "./assembly/F2837xD_usDelay.obj" "./assembly/fwupgradec1toc2_start.obj" "./src/F2837xD_DefaultISR.obj" "./src/F2837xD_GlobalVariableDefs.obj" "./src/F2837xD_Gpio.obj" "./src/F2837xD_Ipc.obj" "./src/F2837xD_Ipc_Driver_Util.obj" "./src/F2837xD_PieCtrl.obj" "./src/F2837xD_PieVect.obj" "./src/F2837xD_SysCtrl.obj" "./src/Fapi_UserDefinedFunctions.obj" "./src/SCI_Boot.obj" "./src/SCI_GetFunction.obj" "./src/Shared_Boot.obj" "./src/Shared_Erase.obj" "./src/Shared_Verify.obj" "./src/main.obj" "/home/ismail/ti/C2000Ware_5_02_00_00/libraries/flash_api/f2837xd/lib/F021_API_F2837xD_FPU32.lib" "/home/ismail/ti/C2000Ware_5_02_00_00/libraries/boot_rom/f2837xd/rev0/rom_symbol_libs/c1_ROM_API/c1bootROM_BootROMSymbols_fpu32.lib" "../linker/2837xD_FLASH_lnk_cpu1.cmd" "../linker/F2837xD_Headers_nonBIOS_cpu1.cmd" "../linker/flash_programming_cpu1tocpu2_RAM.cmd"  -l"/home/ismail/ti/ccs1271/ccs/tools/compiler/ti-cgt-c2000_22.6.1.LTS/lib/rts2800_fpu32.lib" -llibc.a 
<Linking>
FILE: SCI_CAN_Interfaces_CPU1.out
CODE  size (bytes): 8542
CONST size (bytes): 69
DATA  size (bytes): 10164
 
Finished building target: "SCI_CAN_Interfaces_CPU1.out"
 

**** Build Finished ****

**** Build of configuration CPU1_FLASH for project SCI_CAN_Interfaces_CPU1 ****

/home/ismail/ti/ccs1271/ccs/utils/bin/gmake -k -j 4 all -O 
 
Building file: "../src/main.c"
Invoking: C2000 Compiler
"/home/ismail/ti/ccs1271/ccs/tools/compiler/ti-cgt-c2000_22.6.1.LTS/bin/cl2000" -v28 -ml -mt --cla_support=cla1 --float_support=fpu32 --tmu_support=tmu0 --vcu_support=vcu2 -Ooff --include_path="/home/ismail/IOT-CANBus/TI/FLASH_BANK_0/SCI_CAN_Interfaces_CPU1/src" --include_path="/home/ismail/IOT-CANBus/TI/FLASH_BANK_0/SCI_CAN_Interfaces_CPU1/assembly" --include_path="/home/ismail/IOT-CANBus/TI/FLASH_BANK_0/SCI_CAN_Interfaces_CPU1/linker" --include_path="/home/ismail/IOT-CANBus/TI/FLASH_BANK_0/SCI_CAN_Interfaces_CPU1/headers" --include_path="/home/ismail/ti/C2000Ware_5_02_00_00/device_support/f2837xd/common/include" --include_path="/home/ismail/ti/C2000Ware_5_02_00_00/device_support/f2837xd/headers/include" --include_path="/home/ismail/ti/C2000Ware_5_02_00_00/libraries/flash_api/f2837xd/include/Constants" --include_path="/home/ismail/ti/C2000Ware_5_02_00_00/libraries/flash_api/f2837xd/include" --include_path="/home/ismail/IOT-CANBus/TI/FLASH_BANK_0/SCI_CAN_Interfaces_CPU1" --include_path="/home/ismail/ti/ccs1271/ccs/tools/compiler/ti-cgt-c2000_22.6.1.LTS/include" --advice:performance=all --define=_STANDALONE --define=_FLASH --define=_LAUNCHXL_F28379D --define=DEBUG --define=_DUAL_HEADERS --define=CPU1 --diag_suppress=10063 --diag_warning=225 --diag_wrap=off --display_error_number --abi=coffabi --section_sizes=on --preproc_with_compile --preproc_dependency="src/main.d_raw" --obj_directory="src"  "../src/main.c"
FILE: src/main.obj
CODE  size (bytes): 119
CONST size (bytes): 8
 
"/home/ismail/IOT-CANBus/TI/FLASH_BANK_0/SCI_CAN_Interfaces_CPU1/headers/config.h", line 8: warning #64-D: shift count is too large
"/home/ismail/IOT-CANBus/TI/FLASH_BANK_0/SCI_CAN_Interfaces_CPU1/headers/config.h", line 13: warning #64-D: shift count is too large
"/home/ismail/IOT-CANBus/TI/FLASH_BANK_0/SCI_CAN_Interfaces_CPU1/headers/config.h", line 13: warning #64-D: shift count is too large
"/home/ismail/IOT-CANBus/TI/FLASH_BANK_0/SCI_CAN_Interfaces_CPU1/headers/config.h", line 13: warning #64-D: shift count is too large
"/home/ismail/IOT-CANBus/TI/FLASH_BANK_0/SCI_CAN_Interfaces_CPU1/headers/config.h", line 13: warning #64-D: shift count is too large
Finished building: "../src/main.c"
 
Building target: "SCI_CAN_Interfaces_CPU1.out"
Invoking: C2000 Linker
"/home/ismail/ti/ccs1271/ccs/tools/compiler/ti-cgt-c2000_22.6.1.LTS/bin/cl2000" -v28 -ml -mt --cla_support=cla1 --float_support=fpu32 --tmu_support=tmu0 --vcu_support=vcu2 -Ooff --advice:performance=all --define=_STANDALONE --define=_FLASH --define=_LAUNCHXL_F28379D --define=DEBUG --define=_DUAL_HEADERS --define=CPU1 --diag_suppress=10063 --diag_warning=225 --diag_wrap=off --display_error_number --abi=coffabi --section_sizes=on -z -m"SCI_CAN_Interfaces_CPU1.map" --stack_size=0x100 --warn_sections -i"/home/ismail/ti/C2000Ware_5_02_00_00/device_support/f2837xd/common/cmd" -i"/home/ismail/ti/C2000Ware_5_02_00_00/device_support/f2837xd/headers/cmd" -i"/home/ismail/ti/ccs1271/ccs/tools/compiler/ti-cgt-c2000_22.6.1.LTS/lib" -i"/home/ismail/ti/ccs1271/ccs/tools/compiler/ti-cgt-c2000_22.6.1.LTS/include" --reread_libs --diag_wrap=off --display_error_number --xml_link_info="SCI_CAN_Interfaces_CPU1_linkInfo.xml" --entry_point=code_start --rom_model -o "SCI_CAN_Interfaces_CPU1.out" "./assembly/DCSM_Z1_ZoneSelectBlock.obj" "./assembly/DCSM_Z2_ZoneSelectBlock.obj" "./assembly/F2837xD_usDelay.obj" "./assembly/fwupgradec1toc2_start.obj" "./src/F2837xD_DefaultISR.obj" "./src/F2837xD_GlobalVariableDefs.obj" "./src/F2837xD_Gpio.obj" "./src/F2837xD_Ipc.obj" "./src/F2837xD_Ipc_Driver_Util.obj" "./src/F2837xD_PieCtrl.obj" "./src/F2837xD_PieVect.obj" "./src/F2837xD_SysCtrl.obj" "./src/Fapi_UserDefinedFunctions.obj" "./src/SCI_Boot.obj" "./src/SCI_GetFunction.obj" "./src/Shared_Boot.obj" "./src/Shared_Erase.obj" "./src/Shared_Verify.obj" "./src/main.obj" "/home/ismail/ti/C2000Ware_5_02_00_00/libraries/flash_api/f2837xd/lib/F021_API_F2837xD_FPU32.lib" "/home/ismail/ti/C2000Ware_5_02_00_00/libraries/boot_rom/f2837xd/rev0/rom_symbol_libs/c1_ROM_API/c1bootROM_BootROMSymbols_fpu32.lib" "../linker/2837xD_FLASH_lnk_cpu1.cmd" "../linker/F2837xD_Headers_nonBIOS_cpu1.cmd" "../linker/flash_programming_cpu1tocpu2_RAM.cmd"  -l"/home/ismail/ti/ccs1271/ccs/tools/compiler/ti-cgt-c2000_22.6.1.LTS/lib/rts2800_fpu32.lib" -llibc.a 
<Linking>
FILE: SCI_CAN_Interfaces_CPU1.out
CODE  size (bytes): 8542
CONST size (bytes): 69
DATA  size (bytes): 10164
 
Finished building target: "SCI_CAN_Interfaces_CPU1.out"
 

**** Build Finished ****

**** Build of configuration CPU1_FLASH for project SCI_CAN_Interfaces_CPU1 ****

/home/ismail/ti/ccs1271/ccs/utils/bin/gmake -k -j 4 all -O 
 
Building file: "../src/main.c"
Invoking: C2000 Compiler
"/home/ismail/ti/ccs1271/ccs/tools/compiler/ti-cgt-c2000_22.6.1.LTS/bin/cl2000" -v28 -ml -mt --cla_support=cla1 --float_support=fpu32 --tmu_support=tmu0 --vcu_support=vcu2 -Ooff --include_path="/home/ismail/IOT-CANBus/TI/FLASH_BANK_0/SCI_CAN_Interfaces_CPU1/src" --include_path="/home/ismail/IOT-CANBus/TI/FLASH_BANK_0/SCI_CAN_Interfaces_CPU1/assembly" --include_path="/home/ismail/IOT-CANBus/TI/FLASH_BANK_0/SCI_CAN_Interfaces_CPU1/linker" --include_path="/home/ismail/IOT-CANBus/TI/FLASH_BANK_0/SCI_CAN_Interfaces_CPU1/headers" --include_path="/home/ismail/ti/C2000Ware_5_02_00_00/device_support/f2837xd/common/include" --include_path="/home/ismail/ti/C2000Ware_5_02_00_00/device_support/f2837xd/headers/include" --include_path="/home/ismail/ti/C2000Ware_5_02_00_00/libraries/flash_api/f2837xd/include/Constants" --include_path="/home/ismail/ti/C2000Ware_5_02_00_00/libraries/flash_api/f2837xd/include" --include_path="/home/ismail/IOT-CANBus/TI/FLASH_BANK_0/SCI_CAN_Interfaces_CPU1" --include_path="/home/ismail/ti/ccs1271/ccs/tools/compiler/ti-cgt-c2000_22.6.1.LTS/include" --advice:performance=all --define=_STANDALONE --define=_FLASH --define=_LAUNCHXL_F28379D --define=DEBUG --define=_DUAL_HEADERS --define=CPU1 --diag_suppress=10063 --diag_warning=225 --diag_wrap=off --display_error_number --abi=coffabi --section_sizes=on --preproc_with_compile --preproc_dependency="src/main.d_raw" --obj_directory="src"  "../src/main.c"
FILE: src/main.obj
CODE  size (bytes): 119
CONST size (bytes): 8
 
"/home/ismail/IOT-CANBus/TI/FLASH_BANK_0/SCI_CAN_Interfaces_CPU1/headers/config.h", line 8: warning #64-D: shift count is too large
"/home/ismail/IOT-CANBus/TI/FLASH_BANK_0/SCI_CAN_Interfaces_CPU1/headers/config.h", line 13: warning #64-D: shift count is too large
"/home/ismail/IOT-CANBus/TI/FLASH_BANK_0/SCI_CAN_Interfaces_CPU1/headers/config.h", line 13: warning #64-D: shift count is too large
"/home/ismail/IOT-CANBus/TI/FLASH_BANK_0/SCI_CAN_Interfaces_CPU1/headers/config.h", line 13: warning #64-D: shift count is too large
"/home/ismail/IOT-CANBus/TI/FLASH_BANK_0/SCI_CAN_Interfaces_CPU1/headers/config.h", line 13: warning #64-D: shift count is too large
Finished building: "../src/main.c"
 
Building target: "SCI_CAN_Interfaces_CPU1.out"
Invoking: C2000 Linker
"/home/ismail/ti/ccs1271/ccs/tools/compiler/ti-cgt-c2000_22.6.1.LTS/bin/cl2000" -v28 -ml -mt --cla_support=cla1 --float_support=fpu32 --tmu_support=tmu0 --vcu_support=vcu2 -Ooff --advice:performance=all --define=_STANDALONE --define=_FLASH --define=_LAUNCHXL_F28379D --define=DEBUG --define=_DUAL_HEADERS --define=CPU1 --diag_suppress=10063 --diag_warning=225 --diag_wrap=off --display_error_number --abi=coffabi --section_sizes=on -z -m"SCI_CAN_Interfaces_CPU1.map" --stack_size=0x100 --warn_sections -i"/home/ismail/ti/C2000Ware_5_02_00_00/device_support/f2837xd/common/cmd" -i"/home/ismail/ti/C2000Ware_5_02_00_00/device_support/f2837xd/headers/cmd" -i"/home/ismail/ti/ccs1271/ccs/tools/compiler/ti-cgt-c2000_22.6.1.LTS/lib" -i"/home/ismail/ti/ccs1271/ccs/tools/compiler/ti-cgt-c2000_22.6.1.LTS/include" --reread_libs --diag_wrap=off --display_error_number --xml_link_info="SCI_CAN_Interfaces_CPU1_linkInfo.xml" --entry_point=code_start --rom_model -o "SCI_CAN_Interfaces_CPU1.out" "./assembly/DCSM_Z1_ZoneSelectBlock.obj" "./assembly/DCSM_Z2_ZoneSelectBlock.obj" "./assembly/F2837xD_usDelay.obj" "./assembly/fwupgradec1toc2_start.obj" "./src/F2837xD_DefaultISR.obj" "./src/F2837xD_GlobalVariableDefs.obj" "./src/F2837xD_Gpio.obj" "./src/F2837xD_Ipc.obj" "./src/F2837xD_Ipc_Driver_Util.obj" "./src/F2837xD_PieCtrl.obj" "./src/F2837xD_PieVect.obj" "./src/F2837xD_SysCtrl.obj" "./src/Fapi_UserDefinedFunctions.obj" "./src/SCI_Boot.obj" "./src/SCI_GetFunction.obj" "./src/Shared_Boot.obj" "./src/Shared_Erase.obj" "./src/Shared_Verify.obj" "./src/main.obj" "/home/ismail/ti/C2000Ware_5_02_00_00/libraries/flash_api/f2837xd/lib/F021_API_F2837xD_FPU32.lib" "/home/ismail/ti/C2000Ware_5_02_00_00/libraries/boot_rom/f2837xd/rev0/rom_symbol_libs/c1_ROM_API/c1bootROM_BootROMSymbols_fpu32.lib" "../linker/2837xD_FLASH_lnk_cpu1.cmd" "../linker/F2837xD_Headers_nonBIOS_cpu1.cmd" "../linker/flash_programming_cpu1tocpu2_RAM.cmd"  -l"/home/ismail/ti/ccs1271/ccs/tools/compiler/ti-cgt-c2000_22.6.1.LTS/lib/rts2800_fpu32.lib" -llibc.a 
<Linking>
FILE: SCI_CAN_Interfaces_CPU1.out
CODE  size (bytes): 8542
CONST size (bytes): 69
DATA  size (bytes): 10164
 
Finished building target: "SCI_CAN_Interfaces_CPU1.out"
 

**** Build Finished ****

**** Build of configuration CPU1_FLASH for project SCI_CAN_Interfaces_CPU1 ****

/home/ismail/ti/ccs1271/ccs/utils/bin/gmake -k -j 4 all -O 
 
Building file: "../src/main.c"
Invoking: C2000 Compiler
"/home/ismail/ti/ccs1271/ccs/tools/compiler/ti-cgt-c2000_22.6.1.LTS/bin/cl2000" -v28 -ml -mt --cla_support=cla1 --float_support=fpu32 --tmu_support=tmu0 --vcu_support=vcu2 -Ooff --include_path="/home/ismail/IOT-CANBus/TI/FLASH_BANK_0/SCI_CAN_Interfaces_CPU1/src" --include_path="/home/ismail/IOT-CANBus/TI/FLASH_BANK_0/SCI_CAN_Interfaces_CPU1/assembly" --include_path="/home/ismail/IOT-CANBus/TI/FLASH_BANK_0/SCI_CAN_Interfaces_CPU1/linker" --include_path="/home/ismail/IOT-CANBus/TI/FLASH_BANK_0/SCI_CAN_Interfaces_CPU1/headers" --include_path="/home/ismail/ti/C2000Ware_5_02_00_00/device_support/f2837xd/common/include" --include_path="/home/ismail/ti/C2000Ware_5_02_00_00/device_support/f2837xd/headers/include" --include_path="/home/ismail/ti/C2000Ware_5_02_00_00/libraries/flash_api/f2837xd/include/Constants" --include_path="/home/ismail/ti/C2000Ware_5_02_00_00/libraries/flash_api/f2837xd/include" --include_path="/home/ismail/IOT-CANBus/TI/FLASH_BANK_0/SCI_CAN_Interfaces_CPU1" --include_path="/home/ismail/ti/ccs1271/ccs/tools/compiler/ti-cgt-c2000_22.6.1.LTS/include" --advice:performance=all --define=_STANDALONE --define=_FLASH --define=_LAUNCHXL_F28379D --define=DEBUG --define=_DUAL_HEADERS --define=CPU1 --diag_suppress=10063 --diag_warning=225 --diag_wrap=off --display_error_number --abi=coffabi --section_sizes=on --preproc_with_compile --preproc_dependency="src/main.d_raw" --obj_directory="src"  "../src/main.c"
FILE: src/main.obj
CODE  size (bytes): 119
CONST size (bytes): 8
 
"/home/ismail/IOT-CANBus/TI/FLASH_BANK_0/SCI_CAN_Interfaces_CPU1/headers/config.h", line 8: warning #64-D: shift count is too large
"/home/ismail/IOT-CANBus/TI/FLASH_BANK_0/SCI_CAN_Interfaces_CPU1/headers/config.h", line 13: warning #64-D: shift count is too large
"/home/ismail/IOT-CANBus/TI/FLASH_BANK_0/SCI_CAN_Interfaces_CPU1/headers/config.h", line 13: warning #64-D: shift count is too large
"/home/ismail/IOT-CANBus/TI/FLASH_BANK_0/SCI_CAN_Interfaces_CPU1/headers/config.h", line 13: warning #64-D: shift count is too large
"/home/ismail/IOT-CANBus/TI/FLASH_BANK_0/SCI_CAN_Interfaces_CPU1/headers/config.h", line 13: warning #64-D: shift count is too large
Finished building: "../src/main.c"
 
Building target: "SCI_CAN_Interfaces_CPU1.out"
Invoking: C2000 Linker
"/home/ismail/ti/ccs1271/ccs/tools/compiler/ti-cgt-c2000_22.6.1.LTS/bin/cl2000" -v28 -ml -mt --cla_support=cla1 --float_support=fpu32 --tmu_support=tmu0 --vcu_support=vcu2 -Ooff --advice:performance=all --define=_STANDALONE --define=_FLASH --define=_LAUNCHXL_F28379D --define=DEBUG --define=_DUAL_HEADERS --define=CPU1 --diag_suppress=10063 --diag_warning=225 --diag_wrap=off --display_error_number --abi=coffabi --section_sizes=on -z -m"SCI_CAN_Interfaces_CPU1.map" --stack_size=0x100 --warn_sections -i"/home/ismail/ti/C2000Ware_5_02_00_00/device_support/f2837xd/common/cmd" -i"/home/ismail/ti/C2000Ware_5_02_00_00/device_support/f2837xd/headers/cmd" -i"/home/ismail/ti/ccs1271/ccs/tools/compiler/ti-cgt-c2000_22.6.1.LTS/lib" -i"/home/ismail/ti/ccs1271/ccs/tools/compiler/ti-cgt-c2000_22.6.1.LTS/include" --reread_libs --diag_wrap=off --display_error_number --xml_link_info="SCI_CAN_Interfaces_CPU1_linkInfo.xml" --entry_point=code_start --rom_model -o "SCI_CAN_Interfaces_CPU1.out" "./assembly/DCSM_Z1_ZoneSelectBlock.obj" "./assembly/DCSM_Z2_ZoneSelectBlock.obj" "./assembly/F2837xD_usDelay.obj" "./assembly/fwupgradec1toc2_start.obj" "./src/F2837xD_DefaultISR.obj" "./src/F2837xD_GlobalVariableDefs.obj" "./src/F2837xD_Gpio.obj" "./src/F2837xD_Ipc.obj" "./src/F2837xD_Ipc_Driver_Util.obj" "./src/F2837xD_PieCtrl.obj" "./src/F2837xD_PieVect.obj" "./src/F2837xD_SysCtrl.obj" "./src/Fapi_UserDefinedFunctions.obj" "./src/SCI_Boot.obj" "./src/SCI_GetFunction.obj" "./src/Shared_Boot.obj" "./src/Shared_Erase.obj" "./src/Shared_Verify.obj" "./src/main.obj" "/home/ismail/ti/C2000Ware_5_02_00_00/libraries/flash_api/f2837xd/lib/F021_API_F2837xD_FPU32.lib" "/home/ismail/ti/C2000Ware_5_02_00_00/libraries/boot_rom/f2837xd/rev0/rom_symbol_libs/c1_ROM_API/c1bootROM_BootROMSymbols_fpu32.lib" "../linker/2837xD_FLASH_lnk_cpu1.cmd" "../linker/F2837xD_Headers_nonBIOS_cpu1.cmd" "../linker/flash_programming_cpu1tocpu2_RAM.cmd"  -l"/home/ismail/ti/ccs1271/ccs/tools/compiler/ti-cgt-c2000_22.6.1.LTS/lib/rts2800_fpu32.lib" -llibc.a 
<Linking>
FILE: SCI_CAN_Interfaces_CPU1.out
CODE  size (bytes): 8542
CONST size (bytes): 69
DATA  size (bytes): 10164
 
Finished building target: "SCI_CAN_Interfaces_CPU1.out"
 

**** Build Finished ****

**** Build of configuration CPU1_FLASH for project SCI_CAN_Interfaces_CPU1 ****

/home/ismail/ti/ccs1271/ccs/utils/bin/gmake -k -j 4 all -O 
 
Building file: "../src/main.c"
Invoking: C2000 Compiler
"/home/ismail/ti/ccs1271/ccs/tools/compiler/ti-cgt-c2000_22.6.1.LTS/bin/cl2000" -v28 -ml -mt --cla_support=cla1 --float_support=fpu32 --tmu_support=tmu0 --vcu_support=vcu2 -Ooff --include_path="/home/ismail/IOT-CANBus/TI/FLASH_BANK_0/SCI_CAN_Interfaces_CPU1/src" --include_path="/home/ismail/IOT-CANBus/TI/FLASH_BANK_0/SCI_CAN_Interfaces_CPU1/assembly" --include_path="/home/ismail/IOT-CANBus/TI/FLASH_BANK_0/SCI_CAN_Interfaces_CPU1/linker" --include_path="/home/ismail/IOT-CANBus/TI/FLASH_BANK_0/SCI_CAN_Interfaces_CPU1/headers" --include_path="/home/ismail/ti/C2000Ware_5_02_00_00/device_support/f2837xd/common/include" --include_path="/home/ismail/ti/C2000Ware_5_02_00_00/device_support/f2837xd/headers/include" --include_path="/home/ismail/ti/C2000Ware_5_02_00_00/libraries/flash_api/f2837xd/include/Constants" --include_path="/home/ismail/ti/C2000Ware_5_02_00_00/libraries/flash_api/f2837xd/include" --include_path="/home/ismail/IOT-CANBus/TI/FLASH_BANK_0/SCI_CAN_Interfaces_CPU1" --include_path="/home/ismail/ti/ccs1271/ccs/tools/compiler/ti-cgt-c2000_22.6.1.LTS/include" --advice:performance=all --define=_STANDALONE --define=_FLASH --define=_LAUNCHXL_F28379D --define=DEBUG --define=_DUAL_HEADERS --define=CPU1 --diag_suppress=10063 --diag_warning=225 --diag_wrap=off --display_error_number --abi=coffabi --section_sizes=on --preproc_with_compile --preproc_dependency="src/main.d_raw" --obj_directory="src"  "../src/main.c"
FILE: src/main.obj
CODE  size (bytes): 119
CONST size (bytes): 8
 
"/home/ismail/IOT-CANBus/TI/FLASH_BANK_0/SCI_CAN_Interfaces_CPU1/headers/config.h", line 8: warning #64-D: shift count is too large
"/home/ismail/IOT-CANBus/TI/FLASH_BANK_0/SCI_CAN_Interfaces_CPU1/headers/config.h", line 13: warning #64-D: shift count is too large
"/home/ismail/IOT-CANBus/TI/FLASH_BANK_0/SCI_CAN_Interfaces_CPU1/headers/config.h", line 13: warning #64-D: shift count is too large
"/home/ismail/IOT-CANBus/TI/FLASH_BANK_0/SCI_CAN_Interfaces_CPU1/headers/config.h", line 13: warning #64-D: shift count is too large
"/home/ismail/IOT-CANBus/TI/FLASH_BANK_0/SCI_CAN_Interfaces_CPU1/headers/config.h", line 13: warning #64-D: shift count is too large
Finished building: "../src/main.c"
 
Building target: "SCI_CAN_Interfaces_CPU1.out"
Invoking: C2000 Linker
"/home/ismail/ti/ccs1271/ccs/tools/compiler/ti-cgt-c2000_22.6.1.LTS/bin/cl2000" -v28 -ml -mt --cla_support=cla1 --float_support=fpu32 --tmu_support=tmu0 --vcu_support=vcu2 -Ooff --advice:performance=all --define=_STANDALONE --define=_FLASH --define=_LAUNCHXL_F28379D --define=DEBUG --define=_DUAL_HEADERS --define=CPU1 --diag_suppress=10063 --diag_warning=225 --diag_wrap=off --display_error_number --abi=coffabi --section_sizes=on -z -m"SCI_CAN_Interfaces_CPU1.map" --stack_size=0x100 --warn_sections -i"/home/ismail/ti/C2000Ware_5_02_00_00/device_support/f2837xd/common/cmd" -i"/home/ismail/ti/C2000Ware_5_02_00_00/device_support/f2837xd/headers/cmd" -i"/home/ismail/ti/ccs1271/ccs/tools/compiler/ti-cgt-c2000_22.6.1.LTS/lib" -i"/home/ismail/ti/ccs1271/ccs/tools/compiler/ti-cgt-c2000_22.6.1.LTS/include" --reread_libs --diag_wrap=off --display_error_number --xml_link_info="SCI_CAN_Interfaces_CPU1_linkInfo.xml" --entry_point=code_start --rom_model -o "SCI_CAN_Interfaces_CPU1.out" "./assembly/DCSM_Z1_ZoneSelectBlock.obj" "./assembly/DCSM_Z2_ZoneSelectBlock.obj" "./assembly/F2837xD_usDelay.obj" "./assembly/fwupgradec1toc2_start.obj" "./src/F2837xD_DefaultISR.obj" "./src/F2837xD_GlobalVariableDefs.obj" "./src/F2837xD_Gpio.obj" "./src/F2837xD_Ipc.obj" "./src/F2837xD_Ipc_Driver_Util.obj" "./src/F2837xD_PieCtrl.obj" "./src/F2837xD_PieVect.obj" "./src/F2837xD_SysCtrl.obj" "./src/Fapi_UserDefinedFunctions.obj" "./src/SCI_Boot.obj" "./src/SCI_GetFunction.obj" "./src/Shared_Boot.obj" "./src/Shared_Erase.obj" "./src/Shared_Verify.obj" "./src/main.obj" "/home/ismail/ti/C2000Ware_5_02_00_00/libraries/flash_api/f2837xd/lib/F021_API_F2837xD_FPU32.lib" "/home/ismail/ti/C2000Ware_5_02_00_00/libraries/boot_rom/f2837xd/rev0/rom_symbol_libs/c1_ROM_API/c1bootROM_BootROMSymbols_fpu32.lib" "../linker/2837xD_FLASH_lnk_cpu1.cmd" "../linker/F2837xD_Headers_nonBIOS_cpu1.cmd" "../linker/flash_programming_cpu1tocpu2_RAM.cmd"  -l"/home/ismail/ti/ccs1271/ccs/tools/compiler/ti-cgt-c2000_22.6.1.LTS/lib/rts2800_fpu32.lib" -llibc.a 
<Linking>
FILE: SCI_CAN_Interfaces_CPU1.out
CODE  size (bytes): 8542
CONST size (bytes): 69
DATA  size (bytes): 10164
 
Finished building target: "SCI_CAN_Interfaces_CPU1.out"
 

**** Build Finished ****

**** Build of configuration CPU1_FLASH for project SCI_CAN_Interfaces_CPU1 ****

/home/ismail/ti/ccs1271/ccs/utils/bin/gmake -k -j 4 all -O 
 
Building file: "../src/main.c"
Invoking: C2000 Compiler
"/home/ismail/ti/ccs1271/ccs/tools/compiler/ti-cgt-c2000_22.6.1.LTS/bin/cl2000" -v28 -ml -mt --cla_support=cla1 --float_support=fpu32 --tmu_support=tmu0 --vcu_support=vcu2 -Ooff --include_path="/home/ismail/IOT-CANBus/TI/FLASH_BANK_0/SCI_CAN_Interfaces_CPU1/src" --include_path="/home/ismail/IOT-CANBus/TI/FLASH_BANK_0/SCI_CAN_Interfaces_CPU1/assembly" --include_path="/home/ismail/IOT-CANBus/TI/FLASH_BANK_0/SCI_CAN_Interfaces_CPU1/linker" --include_path="/home/ismail/IOT-CANBus/TI/FLASH_BANK_0/SCI_CAN_Interfaces_CPU1/headers" --include_path="/home/ismail/ti/C2000Ware_5_02_00_00/device_support/f2837xd/common/include" --include_path="/home/ismail/ti/C2000Ware_5_02_00_00/device_support/f2837xd/headers/include" --include_path="/home/ismail/ti/C2000Ware_5_02_00_00/libraries/flash_api/f2837xd/include/Constants" --include_path="/home/ismail/ti/C2000Ware_5_02_00_00/libraries/flash_api/f2837xd/include" --include_path="/home/ismail/IOT-CANBus/TI/FLASH_BANK_0/SCI_CAN_Interfaces_CPU1" --include_path="/home/ismail/ti/ccs1271/ccs/tools/compiler/ti-cgt-c2000_22.6.1.LTS/include" --advice:performance=all --define=_STANDALONE --define=_FLASH --define=_LAUNCHXL_F28379D --define=DEBUG --define=_DUAL_HEADERS --define=CPU1 --diag_suppress=10063 --diag_warning=225 --diag_wrap=off --display_error_number --abi=coffabi --section_sizes=on --preproc_with_compile --preproc_dependency="src/main.d_raw" --obj_directory="src"  "../src/main.c"
FILE: src/main.obj
CODE  size (bytes): 119
CONST size (bytes): 8
 
"/home/ismail/IOT-CANBus/TI/FLASH_BANK_0/SCI_CAN_Interfaces_CPU1/headers/config.h", line 8: warning #64-D: shift count is too large
"/home/ismail/IOT-CANBus/TI/FLASH_BANK_0/SCI_CAN_Interfaces_CPU1/headers/config.h", line 13: warning #64-D: shift count is too large
"/home/ismail/IOT-CANBus/TI/FLASH_BANK_0/SCI_CAN_Interfaces_CPU1/headers/config.h", line 13: warning #64-D: shift count is too large
"/home/ismail/IOT-CANBus/TI/FLASH_BANK_0/SCI_CAN_Interfaces_CPU1/headers/config.h", line 13: warning #64-D: shift count is too large
"/home/ismail/IOT-CANBus/TI/FLASH_BANK_0/SCI_CAN_Interfaces_CPU1/headers/config.h", line 13: warning #64-D: shift count is too large
Finished building: "../src/main.c"
 
Building target: "SCI_CAN_Interfaces_CPU1.out"
Invoking: C2000 Linker
"/home/ismail/ti/ccs1271/ccs/tools/compiler/ti-cgt-c2000_22.6.1.LTS/bin/cl2000" -v28 -ml -mt --cla_support=cla1 --float_support=fpu32 --tmu_support=tmu0 --vcu_support=vcu2 -Ooff --advice:performance=all --define=_STANDALONE --define=_FLASH --define=_LAUNCHXL_F28379D --define=DEBUG --define=_DUAL_HEADERS --define=CPU1 --diag_suppress=10063 --diag_warning=225 --diag_wrap=off --display_error_number --abi=coffabi --section_sizes=on -z -m"SCI_CAN_Interfaces_CPU1.map" --stack_size=0x100 --warn_sections -i"/home/ismail/ti/C2000Ware_5_02_00_00/device_support/f2837xd/common/cmd" -i"/home/ismail/ti/C2000Ware_5_02_00_00/device_support/f2837xd/headers/cmd" -i"/home/ismail/ti/ccs1271/ccs/tools/compiler/ti-cgt-c2000_22.6.1.LTS/lib" -i"/home/ismail/ti/ccs1271/ccs/tools/compiler/ti-cgt-c2000_22.6.1.LTS/include" --reread_libs --diag_wrap=off --display_error_number --xml_link_info="SCI_CAN_Interfaces_CPU1_linkInfo.xml" --entry_point=code_start --rom_model -o "SCI_CAN_Interfaces_CPU1.out" "./assembly/DCSM_Z1_ZoneSelectBlock.obj" "./assembly/DCSM_Z2_ZoneSelectBlock.obj" "./assembly/F2837xD_usDelay.obj" "./assembly/fwupgradec1toc2_start.obj" "./src/F2837xD_DefaultISR.obj" "./src/F2837xD_GlobalVariableDefs.obj" "./src/F2837xD_Gpio.obj" "./src/F2837xD_Ipc.obj" "./src/F2837xD_Ipc_Driver_Util.obj" "./src/F2837xD_PieCtrl.obj" "./src/F2837xD_PieVect.obj" "./src/F2837xD_SysCtrl.obj" "./src/Fapi_UserDefinedFunctions.obj" "./src/SCI_Boot.obj" "./src/SCI_GetFunction.obj" "./src/Shared_Boot.obj" "./src/Shared_Erase.obj" "./src/Shared_Verify.obj" "./src/main.obj" "/home/ismail/ti/C2000Ware_5_02_00_00/libraries/flash_api/f2837xd/lib/F021_API_F2837xD_FPU32.lib" "/home/ismail/ti/C2000Ware_5_02_00_00/libraries/boot_rom/f2837xd/rev0/rom_symbol_libs/c1_ROM_API/c1bootROM_BootROMSymbols_fpu32.lib" "../linker/2837xD_FLASH_lnk_cpu1.cmd" "../linker/F2837xD_Headers_nonBIOS_cpu1.cmd" "../linker/flash_programming_cpu1tocpu2_RAM.cmd"  -l"/home/ismail/ti/ccs1271/ccs/tools/compiler/ti-cgt-c2000_22.6.1.LTS/lib/rts2800_fpu32.lib" -llibc.a 
<Linking>
FILE: SCI_CAN_Interfaces_CPU1.out
CODE  size (bytes): 8542
CONST size (bytes): 69
DATA  size (bytes): 10164
 
Finished building target: "SCI_CAN_Interfaces_CPU1.out"
 

**** Build Finished ****

**** Build of configuration CPU1_FLASH for project SCI_CAN_Interfaces_CPU1 ****

/home/ismail/ti/ccs1271/ccs/utils/bin/gmake -k -j 4 all -O 
 
Building file: "../src/main.c"
Invoking: C2000 Compiler
"/home/ismail/ti/ccs1271/ccs/tools/compiler/ti-cgt-c2000_22.6.1.LTS/bin/cl2000" -v28 -ml -mt --cla_support=cla1 --float_support=fpu32 --tmu_support=tmu0 --vcu_support=vcu2 -Ooff --include_path="/home/ismail/IOT-CANBus/TI/FLASH_BANK_0/SCI_CAN_Interfaces_CPU1/src" --include_path="/home/ismail/IOT-CANBus/TI/FLASH_BANK_0/SCI_CAN_Interfaces_CPU1/assembly" --include_path="/home/ismail/IOT-CANBus/TI/FLASH_BANK_0/SCI_CAN_Interfaces_CPU1/linker" --include_path="/home/ismail/IOT-CANBus/TI/FLASH_BANK_0/SCI_CAN_Interfaces_CPU1/headers" --include_path="/home/ismail/ti/C2000Ware_5_02_00_00/device_support/f2837xd/common/include" --include_path="/home/ismail/ti/C2000Ware_5_02_00_00/device_support/f2837xd/headers/include" --include_path="/home/ismail/ti/C2000Ware_5_02_00_00/libraries/flash_api/f2837xd/include/Constants" --include_path="/home/ismail/ti/C2000Ware_5_02_00_00/libraries/flash_api/f2837xd/include" --include_path="/home/ismail/IOT-CANBus/TI/FLASH_BANK_0/SCI_CAN_Interfaces_CPU1" --include_path="/home/ismail/ti/ccs1271/ccs/tools/compiler/ti-cgt-c2000_22.6.1.LTS/include" --advice:performance=all --define=_STANDALONE --define=_FLASH --define=_LAUNCHXL_F28379D --define=DEBUG --define=_DUAL_HEADERS --define=CPU1 --diag_suppress=10063 --diag_warning=225 --diag_wrap=off --display_error_number --abi=coffabi --section_sizes=on --preproc_with_compile --preproc_dependency="src/main.d_raw" --obj_directory="src"  "../src/main.c"
FILE: src/main.obj
CODE  size (bytes): 119
CONST size (bytes): 8
 
"/home/ismail/IOT-CANBus/TI/FLASH_BANK_0/SCI_CAN_Interfaces_CPU1/headers/config.h", line 13: warning #64-D: shift count is too large
"/home/ismail/IOT-CANBus/TI/FLASH_BANK_0/SCI_CAN_Interfaces_CPU1/headers/config.h", line 13: warning #64-D: shift count is too large
"/home/ismail/IOT-CANBus/TI/FLASH_BANK_0/SCI_CAN_Interfaces_CPU1/headers/config.h", line 13: warning #64-D: shift count is too large
"/home/ismail/IOT-CANBus/TI/FLASH_BANK_0/SCI_CAN_Interfaces_CPU1/headers/config.h", line 13: warning #64-D: shift count is too large
Finished building: "../src/main.c"
 
Building target: "SCI_CAN_Interfaces_CPU1.out"
Invoking: C2000 Linker
"/home/ismail/ti/ccs1271/ccs/tools/compiler/ti-cgt-c2000_22.6.1.LTS/bin/cl2000" -v28 -ml -mt --cla_support=cla1 --float_support=fpu32 --tmu_support=tmu0 --vcu_support=vcu2 -Ooff --advice:performance=all --define=_STANDALONE --define=_FLASH --define=_LAUNCHXL_F28379D --define=DEBUG --define=_DUAL_HEADERS --define=CPU1 --diag_suppress=10063 --diag_warning=225 --diag_wrap=off --display_error_number --abi=coffabi --section_sizes=on -z -m"SCI_CAN_Interfaces_CPU1.map" --stack_size=0x100 --warn_sections -i"/home/ismail/ti/C2000Ware_5_02_00_00/device_support/f2837xd/common/cmd" -i"/home/ismail/ti/C2000Ware_5_02_00_00/device_support/f2837xd/headers/cmd" -i"/home/ismail/ti/ccs1271/ccs/tools/compiler/ti-cgt-c2000_22.6.1.LTS/lib" -i"/home/ismail/ti/ccs1271/ccs/tools/compiler/ti-cgt-c2000_22.6.1.LTS/include" --reread_libs --diag_wrap=off --display_error_number --xml_link_info="SCI_CAN_Interfaces_CPU1_linkInfo.xml" --entry_point=code_start --rom_model -o "SCI_CAN_Interfaces_CPU1.out" "./assembly/DCSM_Z1_ZoneSelectBlock.obj" "./assembly/DCSM_Z2_ZoneSelectBlock.obj" "./assembly/F2837xD_usDelay.obj" "./assembly/fwupgradec1toc2_start.obj" "./src/F2837xD_DefaultISR.obj" "./src/F2837xD_GlobalVariableDefs.obj" "./src/F2837xD_Gpio.obj" "./src/F2837xD_Ipc.obj" "./src/F2837xD_Ipc_Driver_Util.obj" "./src/F2837xD_PieCtrl.obj" "./src/F2837xD_PieVect.obj" "./src/F2837xD_SysCtrl.obj" "./src/Fapi_UserDefinedFunctions.obj" "./src/SCI_Boot.obj" "./src/SCI_GetFunction.obj" "./src/Shared_Boot.obj" "./src/Shared_Erase.obj" "./src/Shared_Verify.obj" "./src/main.obj" "/home/ismail/ti/C2000Ware_5_02_00_00/libraries/flash_api/f2837xd/lib/F021_API_F2837xD_FPU32.lib" "/home/ismail/ti/C2000Ware_5_02_00_00/libraries/boot_rom/f2837xd/rev0/rom_symbol_libs/c1_ROM_API/c1bootROM_BootROMSymbols_fpu32.lib" "../linker/2837xD_FLASH_lnk_cpu1.cmd" "../linker/F2837xD_Headers_nonBIOS_cpu1.cmd" "../linker/flash_programming_cpu1tocpu2_RAM.cmd"  -l"/home/ismail/ti/ccs1271/ccs/tools/compiler/ti-cgt-c2000_22.6.1.LTS/lib/rts2800_fpu32.lib" -llibc.a 
<Linking>
FILE: SCI_CAN_Interfaces_CPU1.out
CODE  size (bytes): 8542
CONST size (bytes): 69
DATA  size (bytes): 10164
 
Finished building target: "SCI_CAN_Interfaces_CPU1.out"
 

**** Build Finished ****

**** Build of configuration CPU1_FLASH for project SCI_CAN_Interfaces_CPU1 ****

/home/ismail/ti/ccs1271/ccs/utils/bin/gmake -k -j 4 all -O 
 
Building file: "../src/main.c"
Invoking: C2000 Compiler
"/home/ismail/ti/ccs1271/ccs/tools/compiler/ti-cgt-c2000_22.6.1.LTS/bin/cl2000" -v28 -ml -mt --cla_support=cla1 --float_support=fpu32 --tmu_support=tmu0 --vcu_support=vcu2 -Ooff --include_path="/home/ismail/IOT-CANBus/TI/FLASH_BANK_0/SCI_CAN_Interfaces_CPU1/src" --include_path="/home/ismail/IOT-CANBus/TI/FLASH_BANK_0/SCI_CAN_Interfaces_CPU1/assembly" --include_path="/home/ismail/IOT-CANBus/TI/FLASH_BANK_0/SCI_CAN_Interfaces_CPU1/linker" --include_path="/home/ismail/IOT-CANBus/TI/FLASH_BANK_0/SCI_CAN_Interfaces_CPU1/headers" --include_path="/home/ismail/ti/C2000Ware_5_02_00_00/device_support/f2837xd/common/include" --include_path="/home/ismail/ti/C2000Ware_5_02_00_00/device_support/f2837xd/headers/include" --include_path="/home/ismail/ti/C2000Ware_5_02_00_00/libraries/flash_api/f2837xd/include/Constants" --include_path="/home/ismail/ti/C2000Ware_5_02_00_00/libraries/flash_api/f2837xd/include" --include_path="/home/ismail/IOT-CANBus/TI/FLASH_BANK_0/SCI_CAN_Interfaces_CPU1" --include_path="/home/ismail/ti/ccs1271/ccs/tools/compiler/ti-cgt-c2000_22.6.1.LTS/include" --advice:performance=all --define=_STANDALONE --define=_FLASH --define=_LAUNCHXL_F28379D --define=DEBUG --define=_DUAL_HEADERS --define=CPU1 --diag_suppress=10063 --diag_warning=225 --diag_wrap=off --display_error_number --abi=coffabi --section_sizes=on --preproc_with_compile --preproc_dependency="src/main.d_raw" --obj_directory="src"  "../src/main.c"
FILE: src/main.obj
CODE  size (bytes): 119
CONST size (bytes): 8
 
"/home/ismail/IOT-CANBus/TI/FLASH_BANK_0/SCI_CAN_Interfaces_CPU1/headers/config.h", line 8: warning #64-D: shift count is too large
"/home/ismail/IOT-CANBus/TI/FLASH_BANK_0/SCI_CAN_Interfaces_CPU1/headers/config.h", line 13: warning #64-D: shift count is too large
"/home/ismail/IOT-CANBus/TI/FLASH_BANK_0/SCI_CAN_Interfaces_CPU1/headers/config.h", line 13: warning #64-D: shift count is too large
"/home/ismail/IOT-CANBus/TI/FLASH_BANK_0/SCI_CAN_Interfaces_CPU1/headers/config.h", line 13: warning #64-D: shift count is too large
"/home/ismail/IOT-CANBus/TI/FLASH_BANK_0/SCI_CAN_Interfaces_CPU1/headers/config.h", line 13: warning #64-D: shift count is too large
Finished building: "../src/main.c"
 
Building target: "SCI_CAN_Interfaces_CPU1.out"
Invoking: C2000 Linker
"/home/ismail/ti/ccs1271/ccs/tools/compiler/ti-cgt-c2000_22.6.1.LTS/bin/cl2000" -v28 -ml -mt --cla_support=cla1 --float_support=fpu32 --tmu_support=tmu0 --vcu_support=vcu2 -Ooff --advice:performance=all --define=_STANDALONE --define=_FLASH --define=_LAUNCHXL_F28379D --define=DEBUG --define=_DUAL_HEADERS --define=CPU1 --diag_suppress=10063 --diag_warning=225 --diag_wrap=off --display_error_number --abi=coffabi --section_sizes=on -z -m"SCI_CAN_Interfaces_CPU1.map" --stack_size=0x100 --warn_sections -i"/home/ismail/ti/C2000Ware_5_02_00_00/device_support/f2837xd/common/cmd" -i"/home/ismail/ti/C2000Ware_5_02_00_00/device_support/f2837xd/headers/cmd" -i"/home/ismail/ti/ccs1271/ccs/tools/compiler/ti-cgt-c2000_22.6.1.LTS/lib" -i"/home/ismail/ti/ccs1271/ccs/tools/compiler/ti-cgt-c2000_22.6.1.LTS/include" --reread_libs --diag_wrap=off --display_error_number --xml_link_info="SCI_CAN_Interfaces_CPU1_linkInfo.xml" --entry_point=code_start --rom_model -o "SCI_CAN_Interfaces_CPU1.out" "./assembly/DCSM_Z1_ZoneSelectBlock.obj" "./assembly/DCSM_Z2_ZoneSelectBlock.obj" "./assembly/F2837xD_usDelay.obj" "./assembly/fwupgradec1toc2_start.obj" "./src/F2837xD_DefaultISR.obj" "./src/F2837xD_GlobalVariableDefs.obj" "./src/F2837xD_Gpio.obj" "./src/F2837xD_Ipc.obj" "./src/F2837xD_Ipc_Driver_Util.obj" "./src/F2837xD_PieCtrl.obj" "./src/F2837xD_PieVect.obj" "./src/F2837xD_SysCtrl.obj" "./src/Fapi_UserDefinedFunctions.obj" "./src/SCI_Boot.obj" "./src/SCI_GetFunction.obj" "./src/Shared_Boot.obj" "./src/Shared_Erase.obj" "./src/Shared_Verify.obj" "./src/main.obj" "/home/ismail/ti/C2000Ware_5_02_00_00/libraries/flash_api/f2837xd/lib/F021_API_F2837xD_FPU32.lib" "/home/ismail/ti/C2000Ware_5_02_00_00/libraries/boot_rom/f2837xd/rev0/rom_symbol_libs/c1_ROM_API/c1bootROM_BootROMSymbols_fpu32.lib" "../linker/2837xD_FLASH_lnk_cpu1.cmd" "../linker/F2837xD_Headers_nonBIOS_cpu1.cmd" "../linker/flash_programming_cpu1tocpu2_RAM.cmd"  -l"/home/ismail/ti/ccs1271/ccs/tools/compiler/ti-cgt-c2000_22.6.1.LTS/lib/rts2800_fpu32.lib" -llibc.a 
<Linking>
FILE: SCI_CAN_Interfaces_CPU1.out
CODE  size (bytes): 8542
CONST size (bytes): 69
DATA  size (bytes): 10164
 
Finished building target: "SCI_CAN_Interfaces_CPU1.out"
 

**** Build Finished ****

**** Build of configuration CPU1_FLASH for project SCI_CAN_Interfaces_CPU1 ****

/home/ismail/ti/ccs1271/ccs/utils/bin/gmake -k -j 4 all -O 
 
Building file: "../src/main.c"
Invoking: C2000 Compiler
"/home/ismail/ti/ccs1271/ccs/tools/compiler/ti-cgt-c2000_22.6.1.LTS/bin/cl2000" -v28 -ml -mt --cla_support=cla1 --float_support=fpu32 --tmu_support=tmu0 --vcu_support=vcu2 -Ooff --include_path="/home/ismail/IOT-CANBus/TI/FLASH_BANK_0/SCI_CAN_Interfaces_CPU1/src" --include_path="/home/ismail/IOT-CANBus/TI/FLASH_BANK_0/SCI_CAN_Interfaces_CPU1/assembly" --include_path="/home/ismail/IOT-CANBus/TI/FLASH_BANK_0/SCI_CAN_Interfaces_CPU1/linker" --include_path="/home/ismail/IOT-CANBus/TI/FLASH_BANK_0/SCI_CAN_Interfaces_CPU1/headers" --include_path="/home/ismail/ti/C2000Ware_5_02_00_00/device_support/f2837xd/common/include" --include_path="/home/ismail/ti/C2000Ware_5_02_00_00/device_support/f2837xd/headers/include" --include_path="/home/ismail/ti/C2000Ware_5_02_00_00/libraries/flash_api/f2837xd/include/Constants" --include_path="/home/ismail/ti/C2000Ware_5_02_00_00/libraries/flash_api/f2837xd/include" --include_path="/home/ismail/IOT-CANBus/TI/FLASH_BANK_0/SCI_CAN_Interfaces_CPU1" --include_path="/home/ismail/ti/ccs1271/ccs/tools/compiler/ti-cgt-c2000_22.6.1.LTS/include" --advice:performance=all --define=_STANDALONE --define=_FLASH --define=_LAUNCHXL_F28379D --define=DEBUG --define=_DUAL_HEADERS --define=CPU1 --diag_suppress=10063 --diag_warning=225 --diag_wrap=off --display_error_number --abi=coffabi --section_sizes=on --preproc_with_compile --preproc_dependency="src/main.d_raw" --obj_directory="src"  "../src/main.c"
FILE: src/main.obj
CODE  size (bytes): 119
CONST size (bytes): 6
 
"/home/ismail/IOT-CANBus/TI/FLASH_BANK_0/SCI_CAN_Interfaces_CPU1/headers/config.h", line 8: warning #64-D: shift count is too large
"/home/ismail/IOT-CANBus/TI/FLASH_BANK_0/SCI_CAN_Interfaces_CPU1/headers/config.h", line 13: warning #64-D: shift count is too large
"/home/ismail/IOT-CANBus/TI/FLASH_BANK_0/SCI_CAN_Interfaces_CPU1/headers/config.h", line 13: warning #64-D: shift count is too large
"/home/ismail/IOT-CANBus/TI/FLASH_BANK_0/SCI_CAN_Interfaces_CPU1/headers/config.h", line 13: warning #64-D: shift count is too large
"/home/ismail/IOT-CANBus/TI/FLASH_BANK_0/SCI_CAN_Interfaces_CPU1/headers/config.h", line 13: warning #64-D: shift count is too large
Finished building: "../src/main.c"
 
Building target: "SCI_CAN_Interfaces_CPU1.out"
Invoking: C2000 Linker
"/home/ismail/ti/ccs1271/ccs/tools/compiler/ti-cgt-c2000_22.6.1.LTS/bin/cl2000" -v28 -ml -mt --cla_support=cla1 --float_support=fpu32 --tmu_support=tmu0 --vcu_support=vcu2 -Ooff --advice:performance=all --define=_STANDALONE --define=_FLASH --define=_LAUNCHXL_F28379D --define=DEBUG --define=_DUAL_HEADERS --define=CPU1 --diag_suppress=10063 --diag_warning=225 --diag_wrap=off --display_error_number --abi=coffabi --section_sizes=on -z -m"SCI_CAN_Interfaces_CPU1.map" --stack_size=0x100 --warn_sections -i"/home/ismail/ti/C2000Ware_5_02_00_00/device_support/f2837xd/common/cmd" -i"/home/ismail/ti/C2000Ware_5_02_00_00/device_support/f2837xd/headers/cmd" -i"/home/ismail/ti/ccs1271/ccs/tools/compiler/ti-cgt-c2000_22.6.1.LTS/lib" -i"/home/ismail/ti/ccs1271/ccs/tools/compiler/ti-cgt-c2000_22.6.1.LTS/include" --reread_libs --diag_wrap=off --display_error_number --xml_link_info="SCI_CAN_Interfaces_CPU1_linkInfo.xml" --entry_point=code_start --rom_model -o "SCI_CAN_Interfaces_CPU1.out" "./assembly/DCSM_Z1_ZoneSelectBlock.obj" "./assembly/DCSM_Z2_ZoneSelectBlock.obj" "./assembly/F2837xD_usDelay.obj" "./assembly/fwupgradec1toc2_start.obj" "./src/F2837xD_DefaultISR.obj" "./src/F2837xD_GlobalVariableDefs.obj" "./src/F2837xD_Gpio.obj" "./src/F2837xD_Ipc.obj" "./src/F2837xD_Ipc_Driver_Util.obj" "./src/F2837xD_PieCtrl.obj" "./src/F2837xD_PieVect.obj" "./src/F2837xD_SysCtrl.obj" "./src/Fapi_UserDefinedFunctions.obj" "./src/SCI_Boot.obj" "./src/SCI_GetFunction.obj" "./src/Shared_Boot.obj" "./src/Shared_Erase.obj" "./src/Shared_Verify.obj" "./src/main.obj" "/home/ismail/ti/C2000Ware_5_02_00_00/libraries/flash_api/f2837xd/lib/F021_API_F2837xD_FPU32.lib" "/home/ismail/ti/C2000Ware_5_02_00_00/libraries/boot_rom/f2837xd/rev0/rom_symbol_libs/c1_ROM_API/c1bootROM_BootROMSymbols_fpu32.lib" "../linker/2837xD_FLASH_lnk_cpu1.cmd" "../linker/F2837xD_Headers_nonBIOS_cpu1.cmd" "../linker/flash_programming_cpu1tocpu2_RAM.cmd"  -l"/home/ismail/ti/ccs1271/ccs/tools/compiler/ti-cgt-c2000_22.6.1.LTS/lib/rts2800_fpu32.lib" -llibc.a 
<Linking>
FILE: SCI_CAN_Interfaces_CPU1.out
CODE  size (bytes): 8542
CONST size (bytes): 67
DATA  size (bytes): 10164
 
Finished building target: "SCI_CAN_Interfaces_CPU1.out"
 

**** Build Finished ****

**** Build of configuration CPU1_FLASH for project SCI_CAN_Interfaces_CPU1 ****

/home/ismail/ti/ccs1271/ccs/utils/bin/gmake -k -j 4 all -O 
 
Building file: "../src/main.c"
Invoking: C2000 Compiler
"/home/ismail/ti/ccs1271/ccs/tools/compiler/ti-cgt-c2000_22.6.1.LTS/bin/cl2000" -v28 -ml -mt --cla_support=cla1 --float_support=fpu32 --tmu_support=tmu0 --vcu_support=vcu2 -Ooff --include_path="/home/ismail/IOT-CANBus/TI/FLASH_BANK_0/SCI_CAN_Interfaces_CPU1/src" --include_path="/home/ismail/IOT-CANBus/TI/FLASH_BANK_0/SCI_CAN_Interfaces_CPU1/assembly" --include_path="/home/ismail/IOT-CANBus/TI/FLASH_BANK_0/SCI_CAN_Interfaces_CPU1/linker" --include_path="/home/ismail/IOT-CANBus/TI/FLASH_BANK_0/SCI_CAN_Interfaces_CPU1/headers" --include_path="/home/ismail/ti/C2000Ware_5_02_00_00/device_support/f2837xd/common/include" --include_path="/home/ismail/ti/C2000Ware_5_02_00_00/device_support/f2837xd/headers/include" --include_path="/home/ismail/ti/C2000Ware_5_02_00_00/libraries/flash_api/f2837xd/include/Constants" --include_path="/home/ismail/ti/C2000Ware_5_02_00_00/libraries/flash_api/f2837xd/include" --include_path="/home/ismail/IOT-CANBus/TI/FLASH_BANK_0/SCI_CAN_Interfaces_CPU1" --include_path="/home/ismail/ti/ccs1271/ccs/tools/compiler/ti-cgt-c2000_22.6.1.LTS/include" --advice:performance=all --define=_STANDALONE --define=_FLASH --define=_LAUNCHXL_F28379D --define=DEBUG --define=_DUAL_HEADERS --define=CPU1 --diag_suppress=10063 --diag_warning=225 --diag_wrap=off --display_error_number --abi=coffabi --section_sizes=on --preproc_with_compile --preproc_dependency="src/main.d_raw" --obj_directory="src"  "../src/main.c"
FILE: src/main.obj
CODE  size (bytes): 119
CONST size (bytes): 6
 
"/home/ismail/IOT-CANBus/TI/FLASH_BANK_0/SCI_CAN_Interfaces_CPU1/headers/config.h", line 8: warning #64-D: shift count is too large
"/home/ismail/IOT-CANBus/TI/FLASH_BANK_0/SCI_CAN_Interfaces_CPU1/headers/config.h", line 13: warning #64-D: shift count is too large
"/home/ismail/IOT-CANBus/TI/FLASH_BANK_0/SCI_CAN_Interfaces_CPU1/headers/config.h", line 13: warning #64-D: shift count is too large
"/home/ismail/IOT-CANBus/TI/FLASH_BANK_0/SCI_CAN_Interfaces_CPU1/headers/config.h", line 13: warning #64-D: shift count is too large
"/home/ismail/IOT-CANBus/TI/FLASH_BANK_0/SCI_CAN_Interfaces_CPU1/headers/config.h", line 13: warning #64-D: shift count is too large
Finished building: "../src/main.c"
 
Building target: "SCI_CAN_Interfaces_CPU1.out"
Invoking: C2000 Linker
"/home/ismail/ti/ccs1271/ccs/tools/compiler/ti-cgt-c2000_22.6.1.LTS/bin/cl2000" -v28 -ml -mt --cla_support=cla1 --float_support=fpu32 --tmu_support=tmu0 --vcu_support=vcu2 -Ooff --advice:performance=all --define=_STANDALONE --define=_FLASH --define=_LAUNCHXL_F28379D --define=DEBUG --define=_DUAL_HEADERS --define=CPU1 --diag_suppress=10063 --diag_warning=225 --diag_wrap=off --display_error_number --abi=coffabi --section_sizes=on -z -m"SCI_CAN_Interfaces_CPU1.map" --stack_size=0x100 --warn_sections -i"/home/ismail/ti/C2000Ware_5_02_00_00/device_support/f2837xd/common/cmd" -i"/home/ismail/ti/C2000Ware_5_02_00_00/device_support/f2837xd/headers/cmd" -i"/home/ismail/ti/ccs1271/ccs/tools/compiler/ti-cgt-c2000_22.6.1.LTS/lib" -i"/home/ismail/ti/ccs1271/ccs/tools/compiler/ti-cgt-c2000_22.6.1.LTS/include" --reread_libs --diag_wrap=off --display_error_number --xml_link_info="SCI_CAN_Interfaces_CPU1_linkInfo.xml" --entry_point=code_start --rom_model -o "SCI_CAN_Interfaces_CPU1.out" "./assembly/DCSM_Z1_ZoneSelectBlock.obj" "./assembly/DCSM_Z2_ZoneSelectBlock.obj" "./assembly/F2837xD_usDelay.obj" "./assembly/fwupgradec1toc2_start.obj" "./src/F2837xD_DefaultISR.obj" "./src/F2837xD_GlobalVariableDefs.obj" "./src/F2837xD_Gpio.obj" "./src/F2837xD_Ipc.obj" "./src/F2837xD_Ipc_Driver_Util.obj" "./src/F2837xD_PieCtrl.obj" "./src/F2837xD_PieVect.obj" "./src/F2837xD_SysCtrl.obj" "./src/Fapi_UserDefinedFunctions.obj" "./src/SCI_Boot.obj" "./src/SCI_GetFunction.obj" "./src/Shared_Boot.obj" "./src/Shared_Erase.obj" "./src/Shared_Verify.obj" "./src/main.obj" "/home/ismail/ti/C2000Ware_5_02_00_00/libraries/flash_api/f2837xd/lib/F021_API_F2837xD_FPU32.lib" "/home/ismail/ti/C2000Ware_5_02_00_00/libraries/boot_rom/f2837xd/rev0/rom_symbol_libs/c1_ROM_API/c1bootROM_BootROMSymbols_fpu32.lib" "../linker/2837xD_FLASH_lnk_cpu1.cmd" "../linker/F2837xD_Headers_nonBIOS_cpu1.cmd" "../linker/flash_programming_cpu1tocpu2_RAM.cmd"  -l"/home/ismail/ti/ccs1271/ccs/tools/compiler/ti-cgt-c2000_22.6.1.LTS/lib/rts2800_fpu32.lib" -llibc.a 
<Linking>
FILE: SCI_CAN_Interfaces_CPU1.out
CODE  size (bytes): 8542
CONST size (bytes): 67
DATA  size (bytes): 10164
 
Finished building target: "SCI_CAN_Interfaces_CPU1.out"
 

**** Build Finished ****

**** Build of configuration CPU1_FLASH for project SCI_CAN_Interfaces_CPU1 ****

/home/ismail/ti/ccs1271/ccs/utils/bin/gmake -k -j 4 all -O 
 
Building file: "../src/main.c"
Invoking: C2000 Compiler
"/home/ismail/ti/ccs1271/ccs/tools/compiler/ti-cgt-c2000_22.6.1.LTS/bin/cl2000" -v28 -ml -mt --cla_support=cla1 --float_support=fpu32 --tmu_support=tmu0 --vcu_support=vcu2 -Ooff --include_path="/home/ismail/IOT-CANBus/TI/FLASH_BANK_0/SCI_CAN_Interfaces_CPU1/src" --include_path="/home/ismail/IOT-CANBus/TI/FLASH_BANK_0/SCI_CAN_Interfaces_CPU1/assembly" --include_path="/home/ismail/IOT-CANBus/TI/FLASH_BANK_0/SCI_CAN_Interfaces_CPU1/linker" --include_path="/home/ismail/IOT-CANBus/TI/FLASH_BANK_0/SCI_CAN_Interfaces_CPU1/headers" --include_path="/home/ismail/ti/C2000Ware_5_02_00_00/device_support/f2837xd/common/include" --include_path="/home/ismail/ti/C2000Ware_5_02_00_00/device_support/f2837xd/headers/include" --include_path="/home/ismail/ti/C2000Ware_5_02_00_00/libraries/flash_api/f2837xd/include/Constants" --include_path="/home/ismail/ti/C2000Ware_5_02_00_00/libraries/flash_api/f2837xd/include" --include_path="/home/ismail/IOT-CANBus/TI/FLASH_BANK_0/SCI_CAN_Interfaces_CPU1" --include_path="/home/ismail/ti/ccs1271/ccs/tools/compiler/ti-cgt-c2000_22.6.1.LTS/include" --advice:performance=all --define=_STANDALONE --define=_FLASH --define=_LAUNCHXL_F28379D --define=DEBUG --define=_DUAL_HEADERS --define=CPU1 --diag_suppress=10063 --diag_warning=225 --diag_wrap=off --display_error_number --abi=coffabi --section_sizes=on --preproc_with_compile --preproc_dependency="src/main.d_raw" --obj_directory="src"  "../src/main.c"
FILE: src/main.obj
CODE  size (bytes): 119
CONST size (bytes): 6
 
"/home/ismail/IOT-CANBus/TI/FLASH_BANK_0/SCI_CAN_Interfaces_CPU1/headers/config.h", line 13: warning #64-D: shift count is too large
"/home/ismail/IOT-CANBus/TI/FLASH_BANK_0/SCI_CAN_Interfaces_CPU1/headers/config.h", line 13: warning #64-D: shift count is too large
"/home/ismail/IOT-CANBus/TI/FLASH_BANK_0/SCI_CAN_Interfaces_CPU1/headers/config.h", line 13: warning #64-D: shift count is too large
"/home/ismail/IOT-CANBus/TI/FLASH_BANK_0/SCI_CAN_Interfaces_CPU1/headers/config.h", line 13: warning #64-D: shift count is too large
Finished building: "../src/main.c"
 
Building target: "SCI_CAN_Interfaces_CPU1.out"
Invoking: C2000 Linker
"/home/ismail/ti/ccs1271/ccs/tools/compiler/ti-cgt-c2000_22.6.1.LTS/bin/cl2000" -v28 -ml -mt --cla_support=cla1 --float_support=fpu32 --tmu_support=tmu0 --vcu_support=vcu2 -Ooff --advice:performance=all --define=_STANDALONE --define=_FLASH --define=_LAUNCHXL_F28379D --define=DEBUG --define=_DUAL_HEADERS --define=CPU1 --diag_suppress=10063 --diag_warning=225 --diag_wrap=off --display_error_number --abi=coffabi --section_sizes=on -z -m"SCI_CAN_Interfaces_CPU1.map" --stack_size=0x100 --warn_sections -i"/home/ismail/ti/C2000Ware_5_02_00_00/device_support/f2837xd/common/cmd" -i"/home/ismail/ti/C2000Ware_5_02_00_00/device_support/f2837xd/headers/cmd" -i"/home/ismail/ti/ccs1271/ccs/tools/compiler/ti-cgt-c2000_22.6.1.LTS/lib" -i"/home/ismail/ti/ccs1271/ccs/tools/compiler/ti-cgt-c2000_22.6.1.LTS/include" --reread_libs --diag_wrap=off --display_error_number --xml_link_info="SCI_CAN_Interfaces_CPU1_linkInfo.xml" --entry_point=code_start --rom_model -o "SCI_CAN_Interfaces_CPU1.out" "./assembly/DCSM_Z1_ZoneSelectBlock.obj" "./assembly/DCSM_Z2_ZoneSelectBlock.obj" "./assembly/F2837xD_usDelay.obj" "./assembly/fwupgradec1toc2_start.obj" "./src/F2837xD_DefaultISR.obj" "./src/F2837xD_GlobalVariableDefs.obj" "./src/F2837xD_Gpio.obj" "./src/F2837xD_Ipc.obj" "./src/F2837xD_Ipc_Driver_Util.obj" "./src/F2837xD_PieCtrl.obj" "./src/F2837xD_PieVect.obj" "./src/F2837xD_SysCtrl.obj" "./src/Fapi_UserDefinedFunctions.obj" "./src/SCI_Boot.obj" "./src/SCI_GetFunction.obj" "./src/Shared_Boot.obj" "./src/Shared_Erase.obj" "./src/Shared_Verify.obj" "./src/main.obj" "/home/ismail/ti/C2000Ware_5_02_00_00/libraries/flash_api/f2837xd/lib/F021_API_F2837xD_FPU32.lib" "/home/ismail/ti/C2000Ware_5_02_00_00/libraries/boot_rom/f2837xd/rev0/rom_symbol_libs/c1_ROM_API/c1bootROM_BootROMSymbols_fpu32.lib" "../linker/2837xD_FLASH_lnk_cpu1.cmd" "../linker/F2837xD_Headers_nonBIOS_cpu1.cmd" "../linker/flash_programming_cpu1tocpu2_RAM.cmd"  -l"/home/ismail/ti/ccs1271/ccs/tools/compiler/ti-cgt-c2000_22.6.1.LTS/lib/rts2800_fpu32.lib" -llibc.a 
<Linking>
FILE: SCI_CAN_Interfaces_CPU1.out
CODE  size (bytes): 8542
CONST size (bytes): 67
DATA  size (bytes): 10164
 
Finished building target: "SCI_CAN_Interfaces_CPU1.out"
 

**** Build Finished ****

**** Build of configuration CPU1_FLASH for project SCI_CAN_Interfaces_CPU1 ****

/home/ismail/ti/ccs1271/ccs/utils/bin/gmake -k -j 4 all -O 
 
Building file: "../src/main.c"
Invoking: C2000 Compiler
"/home/ismail/ti/ccs1271/ccs/tools/compiler/ti-cgt-c2000_22.6.1.LTS/bin/cl2000" -v28 -ml -mt --cla_support=cla1 --float_support=fpu32 --tmu_support=tmu0 --vcu_support=vcu2 -Ooff --include_path="/home/ismail/IOT-CANBus/TI/FLASH_BANK_0/SCI_CAN_Interfaces_CPU1/src" --include_path="/home/ismail/IOT-CANBus/TI/FLASH_BANK_0/SCI_CAN_Interfaces_CPU1/assembly" --include_path="/home/ismail/IOT-CANBus/TI/FLASH_BANK_0/SCI_CAN_Interfaces_CPU1/linker" --include_path="/home/ismail/IOT-CANBus/TI/FLASH_BANK_0/SCI_CAN_Interfaces_CPU1/headers" --include_path="/home/ismail/ti/C2000Ware_5_02_00_00/device_support/f2837xd/common/include" --include_path="/home/ismail/ti/C2000Ware_5_02_00_00/device_support/f2837xd/headers/include" --include_path="/home/ismail/ti/C2000Ware_5_02_00_00/libraries/flash_api/f2837xd/include/Constants" --include_path="/home/ismail/ti/C2000Ware_5_02_00_00/libraries/flash_api/f2837xd/include" --include_path="/home/ismail/IOT-CANBus/TI/FLASH_BANK_0/SCI_CAN_Interfaces_CPU1" --include_path="/home/ismail/ti/ccs1271/ccs/tools/compiler/ti-cgt-c2000_22.6.1.LTS/include" --advice:performance=all --define=_STANDALONE --define=_FLASH --define=_LAUNCHXL_F28379D --define=DEBUG --define=_DUAL_HEADERS --define=CPU1 --diag_suppress=10063 --diag_warning=225 --diag_wrap=off --display_error_number --abi=coffabi --section_sizes=on --preproc_with_compile --preproc_dependency="src/main.d_raw" --obj_directory="src"  "../src/main.c"
FILE: src/main.obj
CODE  size (bytes): 119
CONST size (bytes): 6
 
"/home/ismail/IOT-CANBus/TI/FLASH_BANK_0/SCI_CAN_Interfaces_CPU1/headers/config.h", line 8: warning #64-D: shift count is too large
"/home/ismail/IOT-CANBus/TI/FLASH_BANK_0/SCI_CAN_Interfaces_CPU1/headers/config.h", line 13: warning #64-D: shift count is too large
"/home/ismail/IOT-CANBus/TI/FLASH_BANK_0/SCI_CAN_Interfaces_CPU1/headers/config.h", line 13: warning #64-D: shift count is too large
"/home/ismail/IOT-CANBus/TI/FLASH_BANK_0/SCI_CAN_Interfaces_CPU1/headers/config.h", line 13: warning #64-D: shift count is too large
"/home/ismail/IOT-CANBus/TI/FLASH_BANK_0/SCI_CAN_Interfaces_CPU1/headers/config.h", line 13: warning #64-D: shift count is too large
Finished building: "../src/main.c"
 
Building target: "SCI_CAN_Interfaces_CPU1.out"
Invoking: C2000 Linker
"/home/ismail/ti/ccs1271/ccs/tools/compiler/ti-cgt-c2000_22.6.1.LTS/bin/cl2000" -v28 -ml -mt --cla_support=cla1 --float_support=fpu32 --tmu_support=tmu0 --vcu_support=vcu2 -Ooff --advice:performance=all --define=_STANDALONE --define=_FLASH --define=_LAUNCHXL_F28379D --define=DEBUG --define=_DUAL_HEADERS --define=CPU1 --diag_suppress=10063 --diag_warning=225 --diag_wrap=off --display_error_number --abi=coffabi --section_sizes=on -z -m"SCI_CAN_Interfaces_CPU1.map" --stack_size=0x100 --warn_sections -i"/home/ismail/ti/C2000Ware_5_02_00_00/device_support/f2837xd/common/cmd" -i"/home/ismail/ti/C2000Ware_5_02_00_00/device_support/f2837xd/headers/cmd" -i"/home/ismail/ti/ccs1271/ccs/tools/compiler/ti-cgt-c2000_22.6.1.LTS/lib" -i"/home/ismail/ti/ccs1271/ccs/tools/compiler/ti-cgt-c2000_22.6.1.LTS/include" --reread_libs --diag_wrap=off --display_error_number --xml_link_info="SCI_CAN_Interfaces_CPU1_linkInfo.xml" --entry_point=code_start --rom_model -o "SCI_CAN_Interfaces_CPU1.out" "./assembly/DCSM_Z1_ZoneSelectBlock.obj" "./assembly/DCSM_Z2_ZoneSelectBlock.obj" "./assembly/F2837xD_usDelay.obj" "./assembly/fwupgradec1toc2_start.obj" "./src/F2837xD_DefaultISR.obj" "./src/F2837xD_GlobalVariableDefs.obj" "./src/F2837xD_Gpio.obj" "./src/F2837xD_Ipc.obj" "./src/F2837xD_Ipc_Driver_Util.obj" "./src/F2837xD_PieCtrl.obj" "./src/F2837xD_PieVect.obj" "./src/F2837xD_SysCtrl.obj" "./src/Fapi_UserDefinedFunctions.obj" "./src/SCI_Boot.obj" "./src/SCI_GetFunction.obj" "./src/Shared_Boot.obj" "./src/Shared_Erase.obj" "./src/Shared_Verify.obj" "./src/main.obj" "/home/ismail/ti/C2000Ware_5_02_00_00/libraries/flash_api/f2837xd/lib/F021_API_F2837xD_FPU32.lib" "/home/ismail/ti/C2000Ware_5_02_00_00/libraries/boot_rom/f2837xd/rev0/rom_symbol_libs/c1_ROM_API/c1bootROM_BootROMSymbols_fpu32.lib" "../linker/2837xD_FLASH_lnk_cpu1.cmd" "../linker/F2837xD_Headers_nonBIOS_cpu1.cmd" "../linker/flash_programming_cpu1tocpu2_RAM.cmd"  -l"/home/ismail/ti/ccs1271/ccs/tools/compiler/ti-cgt-c2000_22.6.1.LTS/lib/rts2800_fpu32.lib" -llibc.a 
<Linking>
FILE: SCI_CAN_Interfaces_CPU1.out
CODE  size (bytes): 8542
CONST size (bytes): 67
DATA  size (bytes): 10164
 
Finished building target: "SCI_CAN_Interfaces_CPU1.out"
 

**** Build Finished ****

**** Build of configuration CPU1_FLASH for project SCI_CAN_Interfaces_CPU1 ****

/home/ismail/ti/ccs1271/ccs/utils/bin/gmake -k -j 4 all -O 
 
Building file: "../src/main.c"
Invoking: C2000 Compiler
"/home/ismail/ti/ccs1271/ccs/tools/compiler/ti-cgt-c2000_22.6.1.LTS/bin/cl2000" -v28 -ml -mt --cla_support=cla1 --float_support=fpu32 --tmu_support=tmu0 --vcu_support=vcu2 -Ooff --include_path="/home/ismail/IOT-CANBus/TI/FLASH_BANK_0/SCI_CAN_Interfaces_CPU1/src" --include_path="/home/ismail/IOT-CANBus/TI/FLASH_BANK_0/SCI_CAN_Interfaces_CPU1/assembly" --include_path="/home/ismail/IOT-CANBus/TI/FLASH_BANK_0/SCI_CAN_Interfaces_CPU1/linker" --include_path="/home/ismail/IOT-CANBus/TI/FLASH_BANK_0/SCI_CAN_Interfaces_CPU1/headers" --include_path="/home/ismail/ti/C2000Ware_5_02_00_00/device_support/f2837xd/common/include" --include_path="/home/ismail/ti/C2000Ware_5_02_00_00/device_support/f2837xd/headers/include" --include_path="/home/ismail/ti/C2000Ware_5_02_00_00/libraries/flash_api/f2837xd/include/Constants" --include_path="/home/ismail/ti/C2000Ware_5_02_00_00/libraries/flash_api/f2837xd/include" --include_path="/home/ismail/IOT-CANBus/TI/FLASH_BANK_0/SCI_CAN_Interfaces_CPU1" --include_path="/home/ismail/ti/ccs1271/ccs/tools/compiler/ti-cgt-c2000_22.6.1.LTS/include" --advice:performance=all --define=_STANDALONE --define=_FLASH --define=_LAUNCHXL_F28379D --define=DEBUG --define=_DUAL_HEADERS --define=CPU1 --diag_suppress=10063 --diag_warning=225 --diag_wrap=off --display_error_number --abi=coffabi --section_sizes=on --preproc_with_compile --preproc_dependency="src/main.d_raw" --obj_directory="src"  "../src/main.c"
FILE: src/main.obj
CODE  size (bytes): 119
CONST size (bytes): 34
 
"/home/ismail/IOT-CANBus/TI/FLASH_BANK_0/SCI_CAN_Interfaces_CPU1/headers/config.h", line 8: warning #64-D: shift count is too large
Finished building: "../src/main.c"
 
Building target: "SCI_CAN_Interfaces_CPU1.out"
Invoking: C2000 Linker
"/home/ismail/ti/ccs1271/ccs/tools/compiler/ti-cgt-c2000_22.6.1.LTS/bin/cl2000" -v28 -ml -mt --cla_support=cla1 --float_support=fpu32 --tmu_support=tmu0 --vcu_support=vcu2 -Ooff --advice:performance=all --define=_STANDALONE --define=_FLASH --define=_LAUNCHXL_F28379D --define=DEBUG --define=_DUAL_HEADERS --define=CPU1 --diag_suppress=10063 --diag_warning=225 --diag_wrap=off --display_error_number --abi=coffabi --section_sizes=on -z -m"SCI_CAN_Interfaces_CPU1.map" --stack_size=0x100 --warn_sections -i"/home/ismail/ti/C2000Ware_5_02_00_00/device_support/f2837xd/common/cmd" -i"/home/ismail/ti/C2000Ware_5_02_00_00/device_support/f2837xd/headers/cmd" -i"/home/ismail/ti/ccs1271/ccs/tools/compiler/ti-cgt-c2000_22.6.1.LTS/lib" -i"/home/ismail/ti/ccs1271/ccs/tools/compiler/ti-cgt-c2000_22.6.1.LTS/include" --reread_libs --diag_wrap=off --display_error_number --xml_link_info="SCI_CAN_Interfaces_CPU1_linkInfo.xml" --entry_point=code_start --rom_model -o "SCI_CAN_Interfaces_CPU1.out" "./assembly/DCSM_Z1_ZoneSelectBlock.obj" "./assembly/DCSM_Z2_ZoneSelectBlock.obj" "./assembly/F2837xD_usDelay.obj" "./assembly/fwupgradec1toc2_start.obj" "./src/F2837xD_DefaultISR.obj" "./src/F2837xD_GlobalVariableDefs.obj" "./src/F2837xD_Gpio.obj" "./src/F2837xD_Ipc.obj" "./src/F2837xD_Ipc_Driver_Util.obj" "./src/F2837xD_PieCtrl.obj" "./src/F2837xD_PieVect.obj" "./src/F2837xD_SysCtrl.obj" "./src/Fapi_UserDefinedFunctions.obj" "./src/SCI_Boot.obj" "./src/SCI_GetFunction.obj" "./src/Shared_Boot.obj" "./src/Shared_Erase.obj" "./src/Shared_Verify.obj" "./src/main.obj" "/home/ismail/ti/C2000Ware_5_02_00_00/libraries/flash_api/f2837xd/lib/F021_API_F2837xD_FPU32.lib" "/home/ismail/ti/C2000Ware_5_02_00_00/libraries/boot_rom/f2837xd/rev0/rom_symbol_libs/c1_ROM_API/c1bootROM_BootROMSymbols_fpu32.lib" "../linker/2837xD_FLASH_lnk_cpu1.cmd" "../linker/F2837xD_Headers_nonBIOS_cpu1.cmd" "../linker/flash_programming_cpu1tocpu2_RAM.cmd"  -l"/home/ismail/ti/ccs1271/ccs/tools/compiler/ti-cgt-c2000_22.6.1.LTS/lib/rts2800_fpu32.lib" -llibc.a 
<Linking>
FILE: SCI_CAN_Interfaces_CPU1.out
CODE  size (bytes): 8542
CONST size (bytes): 95
DATA  size (bytes): 10164
 
Finished building target: "SCI_CAN_Interfaces_CPU1.out"
 

**** Build Finished ****

**** Build of configuration CPU1_FLASH for project SCI_CAN_Interfaces_CPU1 ****

/home/ismail/ti/ccs1271/ccs/utils/bin/gmake -k -j 4 all -O 
 
Building file: "../src/main.c"
Invoking: C2000 Compiler
"/home/ismail/ti/ccs1271/ccs/tools/compiler/ti-cgt-c2000_22.6.1.LTS/bin/cl2000" -v28 -ml -mt --cla_support=cla1 --float_support=fpu32 --tmu_support=tmu0 --vcu_support=vcu2 -Ooff --include_path="/home/ismail/IOT-CANBus/TI/FLASH_BANK_0/SCI_CAN_Interfaces_CPU1/src" --include_path="/home/ismail/IOT-CANBus/TI/FLASH_BANK_0/SCI_CAN_Interfaces_CPU1/assembly" --include_path="/home/ismail/IOT-CANBus/TI/FLASH_BANK_0/SCI_CAN_Interfaces_CPU1/linker" --include_path="/home/ismail/IOT-CANBus/TI/FLASH_BANK_0/SCI_CAN_Interfaces_CPU1/headers" --include_path="/home/ismail/ti/C2000Ware_5_02_00_00/device_support/f2837xd/common/include" --include_path="/home/ismail/ti/C2000Ware_5_02_00_00/device_support/f2837xd/headers/include" --include_path="/home/ismail/ti/C2000Ware_5_02_00_00/libraries/flash_api/f2837xd/include/Constants" --include_path="/home/ismail/ti/C2000Ware_5_02_00_00/libraries/flash_api/f2837xd/include" --include_path="/home/ismail/IOT-CANBus/TI/FLASH_BANK_0/SCI_CAN_Interfaces_CPU1" --include_path="/home/ismail/ti/ccs1271/ccs/tools/compiler/ti-cgt-c2000_22.6.1.LTS/include" --advice:performance=all --define=_STANDALONE --define=_FLASH --define=_LAUNCHXL_F28379D --define=DEBUG --define=_DUAL_HEADERS --define=CPU1 --diag_suppress=10063 --diag_warning=225 --diag_wrap=off --display_error_number --abi=coffabi --section_sizes=on --preproc_with_compile --preproc_dependency="src/main.d_raw" --obj_directory="src"  "../src/main.c"
FILE: src/main.obj
CODE  size (bytes): 119
CONST size (bytes): 8
 
"/home/ismail/IOT-CANBus/TI/FLASH_BANK_0/SCI_CAN_Interfaces_CPU1/headers/config.h", line 13: warning #1238-D: excess initializers are ignored
Finished building: "../src/main.c"
 
Building target: "SCI_CAN_Interfaces_CPU1.out"
Invoking: C2000 Linker
"/home/ismail/ti/ccs1271/ccs/tools/compiler/ti-cgt-c2000_22.6.1.LTS/bin/cl2000" -v28 -ml -mt --cla_support=cla1 --float_support=fpu32 --tmu_support=tmu0 --vcu_support=vcu2 -Ooff --advice:performance=all --define=_STANDALONE --define=_FLASH --define=_LAUNCHXL_F28379D --define=DEBUG --define=_DUAL_HEADERS --define=CPU1 --diag_suppress=10063 --diag_warning=225 --diag_wrap=off --display_error_number --abi=coffabi --section_sizes=on -z -m"SCI_CAN_Interfaces_CPU1.map" --stack_size=0x100 --warn_sections -i"/home/ismail/ti/C2000Ware_5_02_00_00/device_support/f2837xd/common/cmd" -i"/home/ismail/ti/C2000Ware_5_02_00_00/device_support/f2837xd/headers/cmd" -i"/home/ismail/ti/ccs1271/ccs/tools/compiler/ti-cgt-c2000_22.6.1.LTS/lib" -i"/home/ismail/ti/ccs1271/ccs/tools/compiler/ti-cgt-c2000_22.6.1.LTS/include" --reread_libs --diag_wrap=off --display_error_number --xml_link_info="SCI_CAN_Interfaces_CPU1_linkInfo.xml" --entry_point=code_start --rom_model -o "SCI_CAN_Interfaces_CPU1.out" "./assembly/DCSM_Z1_ZoneSelectBlock.obj" "./assembly/DCSM_Z2_ZoneSelectBlock.obj" "./assembly/F2837xD_usDelay.obj" "./assembly/fwupgradec1toc2_start.obj" "./src/F2837xD_DefaultISR.obj" "./src/F2837xD_GlobalVariableDefs.obj" "./src/F2837xD_Gpio.obj" "./src/F2837xD_Ipc.obj" "./src/F2837xD_Ipc_Driver_Util.obj" "./src/F2837xD_PieCtrl.obj" "./src/F2837xD_PieVect.obj" "./src/F2837xD_SysCtrl.obj" "./src/Fapi_UserDefinedFunctions.obj" "./src/SCI_Boot.obj" "./src/SCI_GetFunction.obj" "./src/Shared_Boot.obj" "./src/Shared_Erase.obj" "./src/Shared_Verify.obj" "./src/main.obj" "/home/ismail/ti/C2000Ware_5_02_00_00/libraries/flash_api/f2837xd/lib/F021_API_F2837xD_FPU32.lib" "/home/ismail/ti/C2000Ware_5_02_00_00/libraries/boot_rom/f2837xd/rev0/rom_symbol_libs/c1_ROM_API/c1bootROM_BootROMSymbols_fpu32.lib" "../linker/2837xD_FLASH_lnk_cpu1.cmd" "../linker/F2837xD_Headers_nonBIOS_cpu1.cmd" "../linker/flash_programming_cpu1tocpu2_RAM.cmd"  -l"/home/ismail/ti/ccs1271/ccs/tools/compiler/ti-cgt-c2000_22.6.1.LTS/lib/rts2800_fpu32.lib" -llibc.a 
<Linking>
FILE: SCI_CAN_Interfaces_CPU1.out
CODE  size (bytes): 8542
CONST size (bytes): 69
DATA  size (bytes): 10164
 
Finished building target: "SCI_CAN_Interfaces_CPU1.out"
 

**** Build Finished ****

**** Build of configuration CPU1_FLASH for project SCI_CAN_Interfaces_CPU1 ****

/home/ismail/ti/ccs1271/ccs/utils/bin/gmake -k -j 4 all -O 
 
Building file: "../src/main.c"
Invoking: C2000 Compiler
"/home/ismail/ti/ccs1271/ccs/tools/compiler/ti-cgt-c2000_22.6.1.LTS/bin/cl2000" -v28 -ml -mt --cla_support=cla1 --float_support=fpu32 --tmu_support=tmu0 --vcu_support=vcu2 -Ooff --include_path="/home/ismail/IOT-CANBus/TI/FLASH_BANK_0/SCI_CAN_Interfaces_CPU1/src" --include_path="/home/ismail/IOT-CANBus/TI/FLASH_BANK_0/SCI_CAN_Interfaces_CPU1/assembly" --include_path="/home/ismail/IOT-CANBus/TI/FLASH_BANK_0/SCI_CAN_Interfaces_CPU1/linker" --include_path="/home/ismail/IOT-CANBus/TI/FLASH_BANK_0/SCI_CAN_Interfaces_CPU1/headers" --include_path="/home/ismail/ti/C2000Ware_5_02_00_00/device_support/f2837xd/common/include" --include_path="/home/ismail/ti/C2000Ware_5_02_00_00/device_support/f2837xd/headers/include" --include_path="/home/ismail/ti/C2000Ware_5_02_00_00/libraries/flash_api/f2837xd/include/Constants" --include_path="/home/ismail/ti/C2000Ware_5_02_00_00/libraries/flash_api/f2837xd/include" --include_path="/home/ismail/IOT-CANBus/TI/FLASH_BANK_0/SCI_CAN_Interfaces_CPU1" --include_path="/home/ismail/ti/ccs1271/ccs/tools/compiler/ti-cgt-c2000_22.6.1.LTS/include" --advice:performance=all --define=_STANDALONE --define=_FLASH --define=_LAUNCHXL_F28379D --define=DEBUG --define=_DUAL_HEADERS --define=CPU1 --diag_suppress=10063 --diag_warning=225 --diag_wrap=off --display_error_number --abi=coffabi --section_sizes=on --preproc_with_compile --preproc_dependency="src/main.d_raw" --obj_directory="src"  "../src/main.c"
FILE: src/main.obj
CODE  size (bytes): 119
CONST size (bytes): 9
 
Finished building: "../src/main.c"
 
Building target: "SCI_CAN_Interfaces_CPU1.out"
Invoking: C2000 Linker
"/home/ismail/ti/ccs1271/ccs/tools/compiler/ti-cgt-c2000_22.6.1.LTS/bin/cl2000" -v28 -ml -mt --cla_support=cla1 --float_support=fpu32 --tmu_support=tmu0 --vcu_support=vcu2 -Ooff --advice:performance=all --define=_STANDALONE --define=_FLASH --define=_LAUNCHXL_F28379D --define=DEBUG --define=_DUAL_HEADERS --define=CPU1 --diag_suppress=10063 --diag_warning=225 --diag_wrap=off --display_error_number --abi=coffabi --section_sizes=on -z -m"SCI_CAN_Interfaces_CPU1.map" --stack_size=0x100 --warn_sections -i"/home/ismail/ti/C2000Ware_5_02_00_00/device_support/f2837xd/common/cmd" -i"/home/ismail/ti/C2000Ware_5_02_00_00/device_support/f2837xd/headers/cmd" -i"/home/ismail/ti/ccs1271/ccs/tools/compiler/ti-cgt-c2000_22.6.1.LTS/lib" -i"/home/ismail/ti/ccs1271/ccs/tools/compiler/ti-cgt-c2000_22.6.1.LTS/include" --reread_libs --diag_wrap=off --display_error_number --xml_link_info="SCI_CAN_Interfaces_CPU1_linkInfo.xml" --entry_point=code_start --rom_model -o "SCI_CAN_Interfaces_CPU1.out" "./assembly/DCSM_Z1_ZoneSelectBlock.obj" "./assembly/DCSM_Z2_ZoneSelectBlock.obj" "./assembly/F2837xD_usDelay.obj" "./assembly/fwupgradec1toc2_start.obj" "./src/F2837xD_DefaultISR.obj" "./src/F2837xD_GlobalVariableDefs.obj" "./src/F2837xD_Gpio.obj" "./src/F2837xD_Ipc.obj" "./src/F2837xD_Ipc_Driver_Util.obj" "./src/F2837xD_PieCtrl.obj" "./src/F2837xD_PieVect.obj" "./src/F2837xD_SysCtrl.obj" "./src/Fapi_UserDefinedFunctions.obj" "./src/SCI_Boot.obj" "./src/SCI_GetFunction.obj" "./src/Shared_Boot.obj" "./src/Shared_Erase.obj" "./src/Shared_Verify.obj" "./src/main.obj" "/home/ismail/ti/C2000Ware_5_02_00_00/libraries/flash_api/f2837xd/lib/F021_API_F2837xD_FPU32.lib" "/home/ismail/ti/C2000Ware_5_02_00_00/libraries/boot_rom/f2837xd/rev0/rom_symbol_libs/c1_ROM_API/c1bootROM_BootROMSymbols_fpu32.lib" "../linker/2837xD_FLASH_lnk_cpu1.cmd" "../linker/F2837xD_Headers_nonBIOS_cpu1.cmd" "../linker/flash_programming_cpu1tocpu2_RAM.cmd"  -l"/home/ismail/ti/ccs1271/ccs/tools/compiler/ti-cgt-c2000_22.6.1.LTS/lib/rts2800_fpu32.lib" -llibc.a 
<Linking>
FILE: SCI_CAN_Interfaces_CPU1.out
CODE  size (bytes): 8542
CONST size (bytes): 70
DATA  size (bytes): 10164
 
Finished building target: "SCI_CAN_Interfaces_CPU1.out"
 

**** Build Finished ****

**** Build of configuration CPU1_FLASH for project SCI_CAN_Interfaces_CPU1 ****

/home/ismail/ti/ccs1271/ccs/utils/bin/gmake -k -j 4 all -O 
 
Building file: "../src/main.c"
Invoking: C2000 Compiler
"/home/ismail/ti/ccs1271/ccs/tools/compiler/ti-cgt-c2000_22.6.1.LTS/bin/cl2000" -v28 -ml -mt --cla_support=cla1 --float_support=fpu32 --tmu_support=tmu0 --vcu_support=vcu2 -Ooff --include_path="/home/ismail/IOT-CANBus/TI/FLASH_BANK_0/SCI_CAN_Interfaces_CPU1/src" --include_path="/home/ismail/IOT-CANBus/TI/FLASH_BANK_0/SCI_CAN_Interfaces_CPU1/assembly" --include_path="/home/ismail/IOT-CANBus/TI/FLASH_BANK_0/SCI_CAN_Interfaces_CPU1/linker" --include_path="/home/ismail/IOT-CANBus/TI/FLASH_BANK_0/SCI_CAN_Interfaces_CPU1/headers" --include_path="/home/ismail/ti/C2000Ware_5_02_00_00/device_support/f2837xd/common/include" --include_path="/home/ismail/ti/C2000Ware_5_02_00_00/device_support/f2837xd/headers/include" --include_path="/home/ismail/ti/C2000Ware_5_02_00_00/libraries/flash_api/f2837xd/include/Constants" --include_path="/home/ismail/ti/C2000Ware_5_02_00_00/libraries/flash_api/f2837xd/include" --include_path="/home/ismail/IOT-CANBus/TI/FLASH_BANK_0/SCI_CAN_Interfaces_CPU1" --include_path="/home/ismail/ti/ccs1271/ccs/tools/compiler/ti-cgt-c2000_22.6.1.LTS/include" --advice:performance=all --define=_STANDALONE --define=_FLASH --define=_LAUNCHXL_F28379D --define=DEBUG --define=_DUAL_HEADERS --define=CPU1 --diag_suppress=10063 --diag_warning=225 --diag_wrap=off --display_error_number --abi=coffabi --section_sizes=on --preproc_with_compile --preproc_dependency="src/main.d_raw" --obj_directory="src"  "../src/main.c"
FILE: src/main.obj
CODE  size (bytes): 119
CONST size (bytes): 9
 
Finished building: "../src/main.c"
 
Building target: "SCI_CAN_Interfaces_CPU1.out"
Invoking: C2000 Linker
"/home/ismail/ti/ccs1271/ccs/tools/compiler/ti-cgt-c2000_22.6.1.LTS/bin/cl2000" -v28 -ml -mt --cla_support=cla1 --float_support=fpu32 --tmu_support=tmu0 --vcu_support=vcu2 -Ooff --advice:performance=all --define=_STANDALONE --define=_FLASH --define=_LAUNCHXL_F28379D --define=DEBUG --define=_DUAL_HEADERS --define=CPU1 --diag_suppress=10063 --diag_warning=225 --diag_wrap=off --display_error_number --abi=coffabi --section_sizes=on -z -m"SCI_CAN_Interfaces_CPU1.map" --stack_size=0x100 --warn_sections -i"/home/ismail/ti/C2000Ware_5_02_00_00/device_support/f2837xd/common/cmd" -i"/home/ismail/ti/C2000Ware_5_02_00_00/device_support/f2837xd/headers/cmd" -i"/home/ismail/ti/ccs1271/ccs/tools/compiler/ti-cgt-c2000_22.6.1.LTS/lib" -i"/home/ismail/ti/ccs1271/ccs/tools/compiler/ti-cgt-c2000_22.6.1.LTS/include" --reread_libs --diag_wrap=off --display_error_number --xml_link_info="SCI_CAN_Interfaces_CPU1_linkInfo.xml" --entry_point=code_start --rom_model -o "SCI_CAN_Interfaces_CPU1.out" "./assembly/DCSM_Z1_ZoneSelectBlock.obj" "./assembly/DCSM_Z2_ZoneSelectBlock.obj" "./assembly/F2837xD_usDelay.obj" "./assembly/fwupgradec1toc2_start.obj" "./src/F2837xD_DefaultISR.obj" "./src/F2837xD_GlobalVariableDefs.obj" "./src/F2837xD_Gpio.obj" "./src/F2837xD_Ipc.obj" "./src/F2837xD_Ipc_Driver_Util.obj" "./src/F2837xD_PieCtrl.obj" "./src/F2837xD_PieVect.obj" "./src/F2837xD_SysCtrl.obj" "./src/Fapi_UserDefinedFunctions.obj" "./src/SCI_Boot.obj" "./src/SCI_GetFunction.obj" "./src/Shared_Boot.obj" "./src/Shared_Erase.obj" "./src/Shared_Verify.obj" "./src/main.obj" "/home/ismail/ti/C2000Ware_5_02_00_00/libraries/flash_api/f2837xd/lib/F021_API_F2837xD_FPU32.lib" "/home/ismail/ti/C2000Ware_5_02_00_00/libraries/boot_rom/f2837xd/rev0/rom_symbol_libs/c1_ROM_API/c1bootROM_BootROMSymbols_fpu32.lib" "../linker/2837xD_FLASH_lnk_cpu1.cmd" "../linker/F2837xD_Headers_nonBIOS_cpu1.cmd" "../linker/flash_programming_cpu1tocpu2_RAM.cmd"  -l"/home/ismail/ti/ccs1271/ccs/tools/compiler/ti-cgt-c2000_22.6.1.LTS/lib/rts2800_fpu32.lib" -llibc.a 
<Linking>
FILE: SCI_CAN_Interfaces_CPU1.out
CODE  size (bytes): 8542
CONST size (bytes): 70
DATA  size (bytes): 10164
 
Finished building target: "SCI_CAN_Interfaces_CPU1.out"
 

**** Build Finished ****

**** Build of configuration CPU1_FLASH for project SCI_CAN_Interfaces_CPU1 ****

/home/ismail/ti/ccs1271/ccs/utils/bin/gmake -k -j 4 all -O 
 
gmake[1]: 'SCI_CAN_Interfaces_CPU1.out' is up to date.

**** Build Finished ****

**** Build of configuration CPU1_FLASH for project SCI_CAN_Interfaces_CPU1 ****

/home/ismail/ti/ccs1271/ccs/utils/bin/gmake -k -j 4 all -O 
 
Building target: "SCI_CAN_Interfaces_CPU1.out"
Invoking: C2000 Linker
"/home/ismail/ti/ccs1271/ccs/tools/compiler/ti-cgt-c2000_22.6.1.LTS/bin/cl2000" -v28 -ml -mt --cla_support=cla1 --float_support=fpu32 --tmu_support=tmu0 --vcu_support=vcu2 -Ooff --advice:performance=all --define=_STANDALONE --define=_FLASH --define=_LAUNCHXL_F28379D --define=DEBUG --define=_DUAL_HEADERS --define=CPU1 --diag_suppress=10063 --diag_warning=225 --diag_wrap=off --display_error_number --abi=coffabi --section_sizes=on -z -m"SCI_CAN_Interfaces_CPU1.map" --stack_size=0x100 --warn_sections -i"/home/ismail/ti/C2000Ware_5_02_00_00/device_support/f2837xd/common/cmd" -i"/home/ismail/ti/C2000Ware_5_02_00_00/device_support/f2837xd/headers/cmd" -i"/home/ismail/ti/ccs1271/ccs/tools/compiler/ti-cgt-c2000_22.6.1.LTS/lib" -i"/home/ismail/ti/ccs1271/ccs/tools/compiler/ti-cgt-c2000_22.6.1.LTS/include" --reread_libs --diag_wrap=off --display_error_number --xml_link_info="SCI_CAN_Interfaces_CPU1_linkInfo.xml" --entry_point=code_start --rom_model -o "SCI_CAN_Interfaces_CPU1.out" "./assembly/DCSM_Z1_ZoneSelectBlock.obj" "./assembly/DCSM_Z2_ZoneSelectBlock.obj" "./assembly/F2837xD_usDelay.obj" "./assembly/fwupgradec1toc2_start.obj" "./src/F2837xD_DefaultISR.obj" "./src/F2837xD_GlobalVariableDefs.obj" "./src/F2837xD_Gpio.obj" "./src/F2837xD_Ipc.obj" "./src/F2837xD_Ipc_Driver_Util.obj" "./src/F2837xD_PieCtrl.obj" "./src/F2837xD_PieVect.obj" "./src/F2837xD_SysCtrl.obj" "./src/Fapi_UserDefinedFunctions.obj" "./src/SCI_Boot.obj" "./src/SCI_GetFunction.obj" "./src/Shared_Boot.obj" "./src/Shared_Erase.obj" "./src/Shared_Verify.obj" "./src/main.obj" "/home/ismail/ti/C2000Ware_5_02_00_00/libraries/flash_api/f2837xd/lib/F021_API_F2837xD_FPU32.lib" "/home/ismail/ti/C2000Ware_5_02_00_00/libraries/boot_rom/f2837xd/rev0/rom_symbol_libs/c1_ROM_API/c1bootROM_BootROMSymbols_fpu32.lib" "../linker/2837xD_FLASH_lnk_cpu1.cmd" "../linker/F2837xD_Headers_nonBIOS_cpu1.cmd" "../linker/flash_programming_cpu1tocpu2_RAM.cmd"  -l"/home/ismail/ti/ccs1271/ccs/tools/compiler/ti-cgt-c2000_22.6.1.LTS/lib/rts2800_fpu32.lib" -llibc.a 
<Linking>
FILE: SCI_CAN_Interfaces_CPU1.out
CODE  size (bytes): 8542
CONST size (bytes): 70
DATA  size (bytes): 10164
 
Finished building target: "SCI_CAN_Interfaces_CPU1.out"
 

**** Build Finished ****

**** Build of configuration CPU1_FLASH for project SCI_CAN_Interfaces_CPU1 ****

/home/ismail/ti/ccs1271/ccs/utils/bin/gmake -k -j 4 all -O 
 
gmake[1]: 'SCI_CAN_Interfaces_CPU1.out' is up to date.

**** Build Finished ****

**** Build of configuration CPU1_FLASH for project SCI_CAN_Interfaces_CPU1 ****

/home/ismail/ti/ccs1271/ccs/utils/bin/gmake -k -j 4 all -O 
 
Building file: "../src/main.c"
Invoking: C2000 Compiler
"/home/ismail/ti/ccs1271/ccs/tools/compiler/ti-cgt-c2000_22.6.1.LTS/bin/cl2000" -v28 -ml -mt --cla_support=cla1 --float_support=fpu32 --tmu_support=tmu0 --vcu_support=vcu2 -Ooff --include_path="/home/ismail/IOT-CANBus/TI/FLASH_BANK_0/SCI_CAN_Interfaces_CPU1/src" --include_path="/home/ismail/IOT-CANBus/TI/FLASH_BANK_0/SCI_CAN_Interfaces_CPU1/assembly" --include_path="/home/ismail/IOT-CANBus/TI/FLASH_BANK_0/SCI_CAN_Interfaces_CPU1/linker" --include_path="/home/ismail/IOT-CANBus/TI/FLASH_BANK_0/SCI_CAN_Interfaces_CPU1/headers" --include_path="/home/ismail/ti/C2000Ware_5_02_00_00/device_support/f2837xd/common/include" --include_path="/home/ismail/ti/C2000Ware_5_02_00_00/device_support/f2837xd/headers/include" --include_path="/home/ismail/ti/C2000Ware_5_02_00_00/libraries/flash_api/f2837xd/include/Constants" --include_path="/home/ismail/ti/C2000Ware_5_02_00_00/libraries/flash_api/f2837xd/include" --include_path="/home/ismail/IOT-CANBus/TI/FLASH_BANK_0/SCI_CAN_Interfaces_CPU1" --include_path="/home/ismail/ti/ccs1271/ccs/tools/compiler/ti-cgt-c2000_22.6.1.LTS/include" --advice:performance=all --define=_STANDALONE --define=_FLASH --define=_LAUNCHXL_F28379D --define=DEBUG --define=_DUAL_HEADERS --define=CPU1 --diag_suppress=10063 --diag_warning=225 --diag_wrap=off --display_error_number --abi=coffabi --section_sizes=on --preproc_with_compile --preproc_dependency="src/main.d_raw" --obj_directory="src"  "../src/main.c"
FILE: src/main.obj
CODE  size (bytes): 119
CONST size (bytes): 9
 
"/home/ismail/IOT-CANBus/TI/FLASH_BANK_0/SCI_CAN_Interfaces_CPU1/headers/config.h", line 12: warning #1508-D: variable "revision_number" has incompatible section specifications, REV_INFO and REV_INFO2, REV_INFO will be used
Finished building: "../src/main.c"
 
Building target: "SCI_CAN_Interfaces_CPU1.out"
Invoking: C2000 Linker
"/home/ismail/ti/ccs1271/ccs/tools/compiler/ti-cgt-c2000_22.6.1.LTS/bin/cl2000" -v28 -ml -mt --cla_support=cla1 --float_support=fpu32 --tmu_support=tmu0 --vcu_support=vcu2 -Ooff --advice:performance=all --define=_STANDALONE --define=_FLASH --define=_LAUNCHXL_F28379D --define=DEBUG --define=_DUAL_HEADERS --define=CPU1 --diag_suppress=10063 --diag_warning=225 --diag_wrap=off --display_error_number --abi=coffabi --section_sizes=on -z -m"SCI_CAN_Interfaces_CPU1.map" --stack_size=0x100 --warn_sections -i"/home/ismail/ti/C2000Ware_5_02_00_00/device_support/f2837xd/common/cmd" -i"/home/ismail/ti/C2000Ware_5_02_00_00/device_support/f2837xd/headers/cmd" -i"/home/ismail/ti/ccs1271/ccs/tools/compiler/ti-cgt-c2000_22.6.1.LTS/lib" -i"/home/ismail/ti/ccs1271/ccs/tools/compiler/ti-cgt-c2000_22.6.1.LTS/include" --reread_libs --diag_wrap=off --display_error_number --xml_link_info="SCI_CAN_Interfaces_CPU1_linkInfo.xml" --entry_point=code_start --rom_model -o "SCI_CAN_Interfaces_CPU1.out" "./assembly/DCSM_Z1_ZoneSelectBlock.obj" "./assembly/DCSM_Z2_ZoneSelectBlock.obj" "./assembly/F2837xD_usDelay.obj" "./assembly/fwupgradec1toc2_start.obj" "./src/F2837xD_DefaultISR.obj" "./src/F2837xD_GlobalVariableDefs.obj" "./src/F2837xD_Gpio.obj" "./src/F2837xD_Ipc.obj" "./src/F2837xD_Ipc_Driver_Util.obj" "./src/F2837xD_PieCtrl.obj" "./src/F2837xD_PieVect.obj" "./src/F2837xD_SysCtrl.obj" "./src/Fapi_UserDefinedFunctions.obj" "./src/SCI_Boot.obj" "./src/SCI_GetFunction.obj" "./src/Shared_Boot.obj" "./src/Shared_Erase.obj" "./src/Shared_Verify.obj" "./src/main.obj" "/home/ismail/ti/C2000Ware_5_02_00_00/libraries/flash_api/f2837xd/lib/F021_API_F2837xD_FPU32.lib" "/home/ismail/ti/C2000Ware_5_02_00_00/libraries/boot_rom/f2837xd/rev0/rom_symbol_libs/c1_ROM_API/c1bootROM_BootROMSymbols_fpu32.lib" "../linker/2837xD_FLASH_lnk_cpu1.cmd" "../linker/F2837xD_Headers_nonBIOS_cpu1.cmd" "../linker/flash_programming_cpu1tocpu2_RAM.cmd"  -l"/home/ismail/ti/ccs1271/ccs/tools/compiler/ti-cgt-c2000_22.6.1.LTS/lib/rts2800_fpu32.lib" -llibc.a 
<Linking>
FILE: SCI_CAN_Interfaces_CPU1.out
CODE  size (bytes): 8542
CONST size (bytes): 70
DATA  size (bytes): 10164
 
Finished building target: "SCI_CAN_Interfaces_CPU1.out"
 

**** Build Finished ****

**** Build of configuration CPU1_FLASH for project SCI_CAN_Interfaces_CPU1 ****

/home/ismail/ti/ccs1271/ccs/utils/bin/gmake -k -j 4 all -O 
 
Building file: "../src/main.c"
Invoking: C2000 Compiler
"/home/ismail/ti/ccs1271/ccs/tools/compiler/ti-cgt-c2000_22.6.1.LTS/bin/cl2000" -v28 -ml -mt --cla_support=cla1 --float_support=fpu32 --tmu_support=tmu0 --vcu_support=vcu2 -Ooff --include_path="/home/ismail/IOT-CANBus/TI/FLASH_BANK_0/SCI_CAN_Interfaces_CPU1/src" --include_path="/home/ismail/IOT-CANBus/TI/FLASH_BANK_0/SCI_CAN_Interfaces_CPU1/assembly" --include_path="/home/ismail/IOT-CANBus/TI/FLASH_BANK_0/SCI_CAN_Interfaces_CPU1/linker" --include_path="/home/ismail/IOT-CANBus/TI/FLASH_BANK_0/SCI_CAN_Interfaces_CPU1/headers" --include_path="/home/ismail/ti/C2000Ware_5_02_00_00/device_support/f2837xd/common/include" --include_path="/home/ismail/ti/C2000Ware_5_02_00_00/device_support/f2837xd/headers/include" --include_path="/home/ismail/ti/C2000Ware_5_02_00_00/libraries/flash_api/f2837xd/include/Constants" --include_path="/home/ismail/ti/C2000Ware_5_02_00_00/libraries/flash_api/f2837xd/include" --include_path="/home/ismail/IOT-CANBus/TI/FLASH_BANK_0/SCI_CAN_Interfaces_CPU1" --include_path="/home/ismail/ti/ccs1271/ccs/tools/compiler/ti-cgt-c2000_22.6.1.LTS/include" --advice:performance=all --define=_STANDALONE --define=_FLASH --define=_LAUNCHXL_F28379D --define=DEBUG --define=_DUAL_HEADERS --define=CPU1 --diag_suppress=10063 --diag_warning=225 --diag_wrap=off --display_error_number --abi=coffabi --section_sizes=on --preproc_with_compile --preproc_dependency="src/main.d_raw" --obj_directory="src"  "../src/main.c"
FILE: src/main.obj
CODE  size (bytes): 119
CONST size (bytes): 14
 
Finished building: "../src/main.c"
 
Building target: "SCI_CAN_Interfaces_CPU1.out"
Invoking: C2000 Linker
"/home/ismail/ti/ccs1271/ccs/tools/compiler/ti-cgt-c2000_22.6.1.LTS/bin/cl2000" -v28 -ml -mt --cla_support=cla1 --float_support=fpu32 --tmu_support=tmu0 --vcu_support=vcu2 -Ooff --advice:performance=all --define=_STANDALONE --define=_FLASH --define=_LAUNCHXL_F28379D --define=DEBUG --define=_DUAL_HEADERS --define=CPU1 --diag_suppress=10063 --diag_warning=225 --diag_wrap=off --display_error_number --abi=coffabi --section_sizes=on -z -m"SCI_CAN_Interfaces_CPU1.map" --stack_size=0x100 --warn_sections -i"/home/ismail/ti/C2000Ware_5_02_00_00/device_support/f2837xd/common/cmd" -i"/home/ismail/ti/C2000Ware_5_02_00_00/device_support/f2837xd/headers/cmd" -i"/home/ismail/ti/ccs1271/ccs/tools/compiler/ti-cgt-c2000_22.6.1.LTS/lib" -i"/home/ismail/ti/ccs1271/ccs/tools/compiler/ti-cgt-c2000_22.6.1.LTS/include" --reread_libs --diag_wrap=off --display_error_number --xml_link_info="SCI_CAN_Interfaces_CPU1_linkInfo.xml" --entry_point=code_start --rom_model -o "SCI_CAN_Interfaces_CPU1.out" "./assembly/DCSM_Z1_ZoneSelectBlock.obj" "./assembly/DCSM_Z2_ZoneSelectBlock.obj" "./assembly/F2837xD_usDelay.obj" "./assembly/fwupgradec1toc2_start.obj" "./src/F2837xD_DefaultISR.obj" "./src/F2837xD_GlobalVariableDefs.obj" "./src/F2837xD_Gpio.obj" "./src/F2837xD_Ipc.obj" "./src/F2837xD_Ipc_Driver_Util.obj" "./src/F2837xD_PieCtrl.obj" "./src/F2837xD_PieVect.obj" "./src/F2837xD_SysCtrl.obj" "./src/Fapi_UserDefinedFunctions.obj" "./src/SCI_Boot.obj" "./src/SCI_GetFunction.obj" "./src/Shared_Boot.obj" "./src/Shared_Erase.obj" "./src/Shared_Verify.obj" "./src/main.obj" "/home/ismail/ti/C2000Ware_5_02_00_00/libraries/flash_api/f2837xd/lib/F021_API_F2837xD_FPU32.lib" "/home/ismail/ti/C2000Ware_5_02_00_00/libraries/boot_rom/f2837xd/rev0/rom_symbol_libs/c1_ROM_API/c1bootROM_BootROMSymbols_fpu32.lib" "../linker/2837xD_FLASH_lnk_cpu1.cmd" "../linker/F2837xD_Headers_nonBIOS_cpu1.cmd" "../linker/flash_programming_cpu1tocpu2_RAM.cmd"  -l"/home/ismail/ti/ccs1271/ccs/tools/compiler/ti-cgt-c2000_22.6.1.LTS/lib/rts2800_fpu32.lib" -llibc.a 
<Linking>
FILE: SCI_CAN_Interfaces_CPU1.out
CODE  size (bytes): 8542
CONST size (bytes): 75
DATA  size (bytes): 10164
 
Finished building target: "SCI_CAN_Interfaces_CPU1.out"
 

**** Build Finished ****

**** Build of configuration CPU1_FLASH for project SCI_CAN_Interfaces_CPU1 ****

/home/ismail/ti/ccs1271/ccs/utils/bin/gmake -k -j 4 all -O 
 
Building file: "../src/main.c"
Invoking: C2000 Compiler
"/home/ismail/ti/ccs1271/ccs/tools/compiler/ti-cgt-c2000_22.6.1.LTS/bin/cl2000" -v28 -ml -mt --cla_support=cla1 --float_support=fpu32 --tmu_support=tmu0 --vcu_support=vcu2 -Ooff --include_path="/home/ismail/IOT-CANBus/TI/FLASH_BANK_0/SCI_CAN_Interfaces_CPU1/src" --include_path="/home/ismail/IOT-CANBus/TI/FLASH_BANK_0/SCI_CAN_Interfaces_CPU1/assembly" --include_path="/home/ismail/IOT-CANBus/TI/FLASH_BANK_0/SCI_CAN_Interfaces_CPU1/linker" --include_path="/home/ismail/IOT-CANBus/TI/FLASH_BANK_0/SCI_CAN_Interfaces_CPU1/headers" --include_path="/home/ismail/ti/C2000Ware_5_02_00_00/device_support/f2837xd/common/include" --include_path="/home/ismail/ti/C2000Ware_5_02_00_00/device_support/f2837xd/headers/include" --include_path="/home/ismail/ti/C2000Ware_5_02_00_00/libraries/flash_api/f2837xd/include/Constants" --include_path="/home/ismail/ti/C2000Ware_5_02_00_00/libraries/flash_api/f2837xd/include" --include_path="/home/ismail/IOT-CANBus/TI/FLASH_BANK_0/SCI_CAN_Interfaces_CPU1" --include_path="/home/ismail/ti/ccs1271/ccs/tools/compiler/ti-cgt-c2000_22.6.1.LTS/include" --advice:performance=all --define=_STANDALONE --define=_FLASH --define=_LAUNCHXL_F28379D --define=DEBUG --define=_DUAL_HEADERS --define=CPU1 --diag_suppress=10063 --diag_warning=225 --diag_wrap=off --display_error_number --abi=coffabi --section_sizes=on --preproc_with_compile --preproc_dependency="src/main.d_raw" --obj_directory="src"  "../src/main.c"
FILE: src/main.obj
CODE  size (bytes): 119
CONST size (bytes): 9
 
Finished building: "../src/main.c"
 
Building target: "SCI_CAN_Interfaces_CPU1.out"
Invoking: C2000 Linker
"/home/ismail/ti/ccs1271/ccs/tools/compiler/ti-cgt-c2000_22.6.1.LTS/bin/cl2000" -v28 -ml -mt --cla_support=cla1 --float_support=fpu32 --tmu_support=tmu0 --vcu_support=vcu2 -Ooff --advice:performance=all --define=_STANDALONE --define=_FLASH --define=_LAUNCHXL_F28379D --define=DEBUG --define=_DUAL_HEADERS --define=CPU1 --diag_suppress=10063 --diag_warning=225 --diag_wrap=off --display_error_number --abi=coffabi --section_sizes=on -z -m"SCI_CAN_Interfaces_CPU1.map" --stack_size=0x100 --warn_sections -i"/home/ismail/ti/C2000Ware_5_02_00_00/device_support/f2837xd/common/cmd" -i"/home/ismail/ti/C2000Ware_5_02_00_00/device_support/f2837xd/headers/cmd" -i"/home/ismail/ti/ccs1271/ccs/tools/compiler/ti-cgt-c2000_22.6.1.LTS/lib" -i"/home/ismail/ti/ccs1271/ccs/tools/compiler/ti-cgt-c2000_22.6.1.LTS/include" --reread_libs --diag_wrap=off --display_error_number --xml_link_info="SCI_CAN_Interfaces_CPU1_linkInfo.xml" --entry_point=code_start --rom_model -o "SCI_CAN_Interfaces_CPU1.out" "./assembly/DCSM_Z1_ZoneSelectBlock.obj" "./assembly/DCSM_Z2_ZoneSelectBlock.obj" "./assembly/F2837xD_usDelay.obj" "./assembly/fwupgradec1toc2_start.obj" "./src/F2837xD_DefaultISR.obj" "./src/F2837xD_GlobalVariableDefs.obj" "./src/F2837xD_Gpio.obj" "./src/F2837xD_Ipc.obj" "./src/F2837xD_Ipc_Driver_Util.obj" "./src/F2837xD_PieCtrl.obj" "./src/F2837xD_PieVect.obj" "./src/F2837xD_SysCtrl.obj" "./src/Fapi_UserDefinedFunctions.obj" "./src/SCI_Boot.obj" "./src/SCI_GetFunction.obj" "./src/Shared_Boot.obj" "./src/Shared_Erase.obj" "./src/Shared_Verify.obj" "./src/main.obj" "/home/ismail/ti/C2000Ware_5_02_00_00/libraries/flash_api/f2837xd/lib/F021_API_F2837xD_FPU32.lib" "/home/ismail/ti/C2000Ware_5_02_00_00/libraries/boot_rom/f2837xd/rev0/rom_symbol_libs/c1_ROM_API/c1bootROM_BootROMSymbols_fpu32.lib" "../linker/2837xD_FLASH_lnk_cpu1.cmd" "../linker/F2837xD_Headers_nonBIOS_cpu1.cmd" "../linker/flash_programming_cpu1tocpu2_RAM.cmd"  -l"/home/ismail/ti/ccs1271/ccs/tools/compiler/ti-cgt-c2000_22.6.1.LTS/lib/rts2800_fpu32.lib" -llibc.a 
<Linking>
FILE: SCI_CAN_Interfaces_CPU1.out
CODE  size (bytes): 8542
CONST size (bytes): 70
DATA  size (bytes): 10164
 
Finished building target: "SCI_CAN_Interfaces_CPU1.out"
 

**** Build Finished ****

**** Build of configuration CPU1_FLASH for project SCI_CAN_Interfaces_CPU1 ****

/home/ismail/ti/ccs1271/ccs/utils/bin/gmake -k -j 4 all -O 
 
gmake[1]: 'SCI_CAN_Interfaces_CPU1.out' is up to date.

**** Build Finished ****

**** Build of configuration CPU1_FLASH for project SCI_CAN_Interfaces_CPU1 ****

/home/ismail/ti/ccs1271/ccs/utils/bin/gmake -k -j 4 all -O 
 
Building file: "../src/main.c"
Invoking: C2000 Compiler
"/home/ismail/ti/ccs1271/ccs/tools/compiler/ti-cgt-c2000_22.6.1.LTS/bin/cl2000" -v28 -ml -mt --cla_support=cla1 --float_support=fpu32 --tmu_support=tmu0 --vcu_support=vcu2 -Ooff --include_path="/home/ismail/IOT-CANBus/TI/FLASH_BANK_0/SCI_CAN_Interfaces_CPU1/src" --include_path="/home/ismail/IOT-CANBus/TI/FLASH_BANK_0/SCI_CAN_Interfaces_CPU1/assembly" --include_path="/home/ismail/IOT-CANBus/TI/FLASH_BANK_0/SCI_CAN_Interfaces_CPU1/linker" --include_path="/home/ismail/IOT-CANBus/TI/FLASH_BANK_0/SCI_CAN_Interfaces_CPU1/headers" --include_path="/home/ismail/ti/C2000Ware_5_02_00_00/device_support/f2837xd/common/include" --include_path="/home/ismail/ti/C2000Ware_5_02_00_00/device_support/f2837xd/headers/include" --include_path="/home/ismail/ti/C2000Ware_5_02_00_00/libraries/flash_api/f2837xd/include/Constants" --include_path="/home/ismail/ti/C2000Ware_5_02_00_00/libraries/flash_api/f2837xd/include" --include_path="/home/ismail/IOT-CANBus/TI/FLASH_BANK_0/SCI_CAN_Interfaces_CPU1" --include_path="/home/ismail/ti/ccs1271/ccs/tools/compiler/ti-cgt-c2000_22.6.1.LTS/include" --advice:performance=all --define=_STANDALONE --define=_FLASH --define=_LAUNCHXL_F28379D --define=DEBUG --define=_DUAL_HEADERS --define=CPU1 --diag_suppress=10063 --diag_warning=225 --diag_wrap=off --display_error_number --abi=coffabi --section_sizes=on --preproc_with_compile --preproc_dependency="src/main.d_raw" --obj_directory="src"  "../src/main.c"
 
>> Compilation failure
src/subdir_rules.mk:7: recipe for target 'src/main.obj' failed
"../src/main.c", line 78: error #20: identifier "some_condition" is undefined
1 error detected in the compilation of "../src/main.c".
gmake: *** [src/main.obj] Error 1
gmake: Target 'all' not remade because of errors.

**** Build Finished ****

**** Build of configuration CPU1_FLASH for project SCI_CAN_Interfaces_CPU1 ****

/home/ismail/ti/ccs1271/ccs/utils/bin/gmake -k -j 4 all -O 
 
Building file: "../src/main.c"
Invoking: C2000 Compiler
"/home/ismail/ti/ccs1271/ccs/tools/compiler/ti-cgt-c2000_22.6.1.LTS/bin/cl2000" -v28 -ml -mt --cla_support=cla1 --float_support=fpu32 --tmu_support=tmu0 --vcu_support=vcu2 -Ooff --include_path="/home/ismail/IOT-CANBus/TI/FLASH_BANK_0/SCI_CAN_Interfaces_CPU1/src" --include_path="/home/ismail/IOT-CANBus/TI/FLASH_BANK_0/SCI_CAN_Interfaces_CPU1/assembly" --include_path="/home/ismail/IOT-CANBus/TI/FLASH_BANK_0/SCI_CAN_Interfaces_CPU1/linker" --include_path="/home/ismail/IOT-CANBus/TI/FLASH_BANK_0/SCI_CAN_Interfaces_CPU1/headers" --include_path="/home/ismail/ti/C2000Ware_5_02_00_00/device_support/f2837xd/common/include" --include_path="/home/ismail/ti/C2000Ware_5_02_00_00/device_support/f2837xd/headers/include" --include_path="/home/ismail/ti/C2000Ware_5_02_00_00/libraries/flash_api/f2837xd/include/Constants" --include_path="/home/ismail/ti/C2000Ware_5_02_00_00/libraries/flash_api/f2837xd/include" --include_path="/home/ismail/IOT-CANBus/TI/FLASH_BANK_0/SCI_CAN_Interfaces_CPU1" --include_path="/home/ismail/ti/ccs1271/ccs/tools/compiler/ti-cgt-c2000_22.6.1.LTS/include" --advice:performance=all --define=_STANDALONE --define=_FLASH --define=_LAUNCHXL_F28379D --define=DEBUG --define=_DUAL_HEADERS --define=CPU1 --diag_suppress=10063 --diag_warning=225 --diag_wrap=off --display_error_number --abi=coffabi --section_sizes=on --preproc_with_compile --preproc_dependency="src/main.d_raw" --obj_directory="src"  "../src/main.c"
FILE: src/main.obj
CODE  size (bytes): 126
CONST size (bytes): 9
 
Finished building: "../src/main.c"
 
Building target: "SCI_CAN_Interfaces_CPU1.out"
Invoking: C2000 Linker
"/home/ismail/ti/ccs1271/ccs/tools/compiler/ti-cgt-c2000_22.6.1.LTS/bin/cl2000" -v28 -ml -mt --cla_support=cla1 --float_support=fpu32 --tmu_support=tmu0 --vcu_support=vcu2 -Ooff --advice:performance=all --define=_STANDALONE --define=_FLASH --define=_LAUNCHXL_F28379D --define=DEBUG --define=_DUAL_HEADERS --define=CPU1 --diag_suppress=10063 --diag_warning=225 --diag_wrap=off --display_error_number --abi=coffabi --section_sizes=on -z -m"SCI_CAN_Interfaces_CPU1.map" --stack_size=0x100 --warn_sections -i"/home/ismail/ti/C2000Ware_5_02_00_00/device_support/f2837xd/common/cmd" -i"/home/ismail/ti/C2000Ware_5_02_00_00/device_support/f2837xd/headers/cmd" -i"/home/ismail/ti/ccs1271/ccs/tools/compiler/ti-cgt-c2000_22.6.1.LTS/lib" -i"/home/ismail/ti/ccs1271/ccs/tools/compiler/ti-cgt-c2000_22.6.1.LTS/include" --reread_libs --diag_wrap=off --display_error_number --xml_link_info="SCI_CAN_Interfaces_CPU1_linkInfo.xml" --entry_point=code_start --rom_model -o "SCI_CAN_Interfaces_CPU1.out" "./assembly/DCSM_Z1_ZoneSelectBlock.obj" "./assembly/DCSM_Z2_ZoneSelectBlock.obj" "./assembly/F2837xD_usDelay.obj" "./assembly/fwupgradec1toc2_start.obj" "./src/F2837xD_DefaultISR.obj" "./src/F2837xD_GlobalVariableDefs.obj" "./src/F2837xD_Gpio.obj" "./src/F2837xD_Ipc.obj" "./src/F2837xD_Ipc_Driver_Util.obj" "./src/F2837xD_PieCtrl.obj" "./src/F2837xD_PieVect.obj" "./src/F2837xD_SysCtrl.obj" "./src/Fapi_UserDefinedFunctions.obj" "./src/SCI_Boot.obj" "./src/SCI_GetFunction.obj" "./src/Shared_Boot.obj" "./src/Shared_Erase.obj" "./src/Shared_Verify.obj" "./src/main.obj" "/home/ismail/ti/C2000Ware_5_02_00_00/libraries/flash_api/f2837xd/lib/F021_API_F2837xD_FPU32.lib" "/home/ismail/ti/C2000Ware_5_02_00_00/libraries/boot_rom/f2837xd/rev0/rom_symbol_libs/c1_ROM_API/c1bootROM_BootROMSymbols_fpu32.lib" "../linker/2837xD_FLASH_lnk_cpu1.cmd" "../linker/F2837xD_Headers_nonBIOS_cpu1.cmd" "../linker/flash_programming_cpu1tocpu2_RAM.cmd"  -l"/home/ismail/ti/ccs1271/ccs/tools/compiler/ti-cgt-c2000_22.6.1.LTS/lib/rts2800_fpu32.lib" -llibc.a 
<Linking>
FILE: SCI_CAN_Interfaces_CPU1.out
CODE  size (bytes): 8546
CONST size (bytes): 70
DATA  size (bytes): 10164
 
Finished building target: "SCI_CAN_Interfaces_CPU1.out"
 

**** Build Finished ****

**** Build of configuration CPU1_FLASH for project SCI_CAN_Interfaces_CPU1 ****

/home/ismail/ti/ccs1271/ccs/utils/bin/gmake -k -j 4 all -O 
 
Building file: "../src/main.c"
Invoking: C2000 Compiler
"/home/ismail/ti/ccs1271/ccs/tools/compiler/ti-cgt-c2000_22.6.1.LTS/bin/cl2000" -v28 -ml -mt --cla_support=cla1 --float_support=fpu32 --tmu_support=tmu0 --vcu_support=vcu2 -Ooff --include_path="/home/ismail/IOT-CANBus/TI/FLASH_BANK_0/SCI_CAN_Interfaces_CPU1/src" --include_path="/home/ismail/IOT-CANBus/TI/FLASH_BANK_0/SCI_CAN_Interfaces_CPU1/assembly" --include_path="/home/ismail/IOT-CANBus/TI/FLASH_BANK_0/SCI_CAN_Interfaces_CPU1/linker" --include_path="/home/ismail/IOT-CANBus/TI/FLASH_BANK_0/SCI_CAN_Interfaces_CPU1/headers" --include_path="/home/ismail/ti/C2000Ware_5_02_00_00/device_support/f2837xd/common/include" --include_path="/home/ismail/ti/C2000Ware_5_02_00_00/device_support/f2837xd/headers/include" --include_path="/home/ismail/ti/C2000Ware_5_02_00_00/libraries/flash_api/f2837xd/include/Constants" --include_path="/home/ismail/ti/C2000Ware_5_02_00_00/libraries/flash_api/f2837xd/include" --include_path="/home/ismail/IOT-CANBus/TI/FLASH_BANK_0/SCI_CAN_Interfaces_CPU1" --include_path="/home/ismail/ti/ccs1271/ccs/tools/compiler/ti-cgt-c2000_22.6.1.LTS/include" --advice:performance=all --define=_STANDALONE --define=_FLASH --define=_LAUNCHXL_F28379D --define=DEBUG --define=_DUAL_HEADERS --define=CPU1 --diag_suppress=10063 --diag_warning=225 --diag_wrap=off --display_error_number --abi=coffabi --section_sizes=on --preproc_with_compile --preproc_dependency="src/main.d_raw" --obj_directory="src"  "../src/main.c"
FILE: src/main.obj
CODE  size (bytes): 126
CONST size (bytes): 9
 
Finished building: "../src/main.c"
 
Building target: "SCI_CAN_Interfaces_CPU1.out"
Invoking: C2000 Linker
"/home/ismail/ti/ccs1271/ccs/tools/compiler/ti-cgt-c2000_22.6.1.LTS/bin/cl2000" -v28 -ml -mt --cla_support=cla1 --float_support=fpu32 --tmu_support=tmu0 --vcu_support=vcu2 -Ooff --advice:performance=all --define=_STANDALONE --define=_FLASH --define=_LAUNCHXL_F28379D --define=DEBUG --define=_DUAL_HEADERS --define=CPU1 --diag_suppress=10063 --diag_warning=225 --diag_wrap=off --display_error_number --abi=coffabi --section_sizes=on -z -m"SCI_CAN_Interfaces_CPU1.map" --stack_size=0x100 --warn_sections -i"/home/ismail/ti/C2000Ware_5_02_00_00/device_support/f2837xd/common/cmd" -i"/home/ismail/ti/C2000Ware_5_02_00_00/device_support/f2837xd/headers/cmd" -i"/home/ismail/ti/ccs1271/ccs/tools/compiler/ti-cgt-c2000_22.6.1.LTS/lib" -i"/home/ismail/ti/ccs1271/ccs/tools/compiler/ti-cgt-c2000_22.6.1.LTS/include" --reread_libs --diag_wrap=off --display_error_number --xml_link_info="SCI_CAN_Interfaces_CPU1_linkInfo.xml" --entry_point=code_start --rom_model -o "SCI_CAN_Interfaces_CPU1.out" "./assembly/DCSM_Z1_ZoneSelectBlock.obj" "./assembly/DCSM_Z2_ZoneSelectBlock.obj" "./assembly/F2837xD_usDelay.obj" "./assembly/fwupgradec1toc2_start.obj" "./src/F2837xD_DefaultISR.obj" "./src/F2837xD_GlobalVariableDefs.obj" "./src/F2837xD_Gpio.obj" "./src/F2837xD_Ipc.obj" "./src/F2837xD_Ipc_Driver_Util.obj" "./src/F2837xD_PieCtrl.obj" "./src/F2837xD_PieVect.obj" "./src/F2837xD_SysCtrl.obj" "./src/Fapi_UserDefinedFunctions.obj" "./src/SCI_Boot.obj" "./src/SCI_GetFunction.obj" "./src/Shared_Boot.obj" "./src/Shared_Erase.obj" "./src/Shared_Verify.obj" "./src/main.obj" "/home/ismail/ti/C2000Ware_5_02_00_00/libraries/flash_api/f2837xd/lib/F021_API_F2837xD_FPU32.lib" "/home/ismail/ti/C2000Ware_5_02_00_00/libraries/boot_rom/f2837xd/rev0/rom_symbol_libs/c1_ROM_API/c1bootROM_BootROMSymbols_fpu32.lib" "../linker/2837xD_FLASH_lnk_cpu1.cmd" "../linker/F2837xD_Headers_nonBIOS_cpu1.cmd" "../linker/flash_programming_cpu1tocpu2_RAM.cmd"  -l"/home/ismail/ti/ccs1271/ccs/tools/compiler/ti-cgt-c2000_22.6.1.LTS/lib/rts2800_fpu32.lib" -llibc.a 
<Linking>
FILE: SCI_CAN_Interfaces_CPU1.out
CODE  size (bytes): 8546
CONST size (bytes): 70
DATA  size (bytes): 10164
 
Finished building target: "SCI_CAN_Interfaces_CPU1.out"
 

**** Build Finished ****

**** Build of configuration CPU1_FLASH for project SCI_CAN_Interfaces_CPU1 ****

/home/ismail/ti/ccs1271/ccs/utils/bin/gmake -k -j 4 all -O 
 
Building target: "SCI_CAN_Interfaces_CPU1.out"
Invoking: C2000 Linker
"/home/ismail/ti/ccs1271/ccs/tools/compiler/ti-cgt-c2000_22.6.1.LTS/bin/cl2000" -v28 -ml -mt --cla_support=cla1 --float_support=fpu32 --tmu_support=tmu0 --vcu_support=vcu2 -Ooff --advice:performance=all --define=_STANDALONE --define=_FLASH --define=_LAUNCHXL_F28379D --define=DEBUG --define=_DUAL_HEADERS --define=CPU1 --diag_suppress=10063 --diag_warning=225 --diag_wrap=off --display_error_number --abi=coffabi --section_sizes=on -z -m"SCI_CAN_Interfaces_CPU1.map" --stack_size=0x100 --warn_sections -i"/home/ismail/ti/C2000Ware_5_02_00_00/device_support/f2837xd/common/cmd" -i"/home/ismail/ti/C2000Ware_5_02_00_00/device_support/f2837xd/headers/cmd" -i"/home/ismail/ti/ccs1271/ccs/tools/compiler/ti-cgt-c2000_22.6.1.LTS/lib" -i"/home/ismail/ti/ccs1271/ccs/tools/compiler/ti-cgt-c2000_22.6.1.LTS/include" --reread_libs --diag_wrap=off --display_error_number --xml_link_info="SCI_CAN_Interfaces_CPU1_linkInfo.xml" --entry_point=code_start --rom_model -o "SCI_CAN_Interfaces_CPU1.out" "./assembly/DCSM_Z1_ZoneSelectBlock.obj" "./assembly/DCSM_Z2_ZoneSelectBlock.obj" "./assembly/F2837xD_usDelay.obj" "./assembly/fwupgradec1toc2_start.obj" "./src/F2837xD_DefaultISR.obj" "./src/F2837xD_GlobalVariableDefs.obj" "./src/F2837xD_Gpio.obj" "./src/F2837xD_Ipc.obj" "./src/F2837xD_Ipc_Driver_Util.obj" "./src/F2837xD_PieCtrl.obj" "./src/F2837xD_PieVect.obj" "./src/F2837xD_SysCtrl.obj" "./src/Fapi_UserDefinedFunctions.obj" "./src/SCI_Boot.obj" "./src/SCI_GetFunction.obj" "./src/Shared_Boot.obj" "./src/Shared_Erase.obj" "./src/Shared_Verify.obj" "./src/main.obj" "/home/ismail/ti/C2000Ware_5_02_00_00/libraries/flash_api/f2837xd/lib/F021_API_F2837xD_FPU32.lib" "/home/ismail/ti/C2000Ware_5_02_00_00/libraries/boot_rom/f2837xd/rev0/rom_symbol_libs/c1_ROM_API/c1bootROM_BootROMSymbols_fpu32.lib" "../linker/2837xD_FLASH_lnk_cpu1.cmd" "../linker/F2837xD_Headers_nonBIOS_cpu1.cmd" "../linker/flash_programming_cpu1tocpu2_RAM.cmd"  -l"/home/ismail/ti/ccs1271/ccs/tools/compiler/ti-cgt-c2000_22.6.1.LTS/lib/rts2800_fpu32.lib" -llibc.a 
<Linking>
FILE: SCI_CAN_Interfaces_CPU1.out
CODE  size (bytes): 8546
CONST size (bytes): 70
DATA  size (bytes): 10164
 
Finished building target: "SCI_CAN_Interfaces_CPU1.out"
 

**** Build Finished ****

**** Build of configuration CPU1_FLASH for project SCI_CAN_Interfaces_CPU1 ****

/home/ismail/ti/ccs1271/ccs/utils/bin/gmake -k -j 4 all -O 
 
Building file: "../src/main.c"
Invoking: C2000 Compiler
"/home/ismail/ti/ccs1271/ccs/tools/compiler/ti-cgt-c2000_22.6.1.LTS/bin/cl2000" -v28 -ml -mt --cla_support=cla1 --float_support=fpu32 --tmu_support=tmu0 --vcu_support=vcu2 -Ooff --include_path="/home/ismail/IOT-CANBus/TI/FLASH_BANK_0/SCI_CAN_Interfaces_CPU1/src" --include_path="/home/ismail/IOT-CANBus/TI/FLASH_BANK_0/SCI_CAN_Interfaces_CPU1/assembly" --include_path="/home/ismail/IOT-CANBus/TI/FLASH_BANK_0/SCI_CAN_Interfaces_CPU1/linker" --include_path="/home/ismail/IOT-CANBus/TI/FLASH_BANK_0/SCI_CAN_Interfaces_CPU1/headers" --include_path="/home/ismail/ti/C2000Ware_5_02_00_00/device_support/f2837xd/common/include" --include_path="/home/ismail/ti/C2000Ware_5_02_00_00/device_support/f2837xd/headers/include" --include_path="/home/ismail/ti/C2000Ware_5_02_00_00/libraries/flash_api/f2837xd/include/Constants" --include_path="/home/ismail/ti/C2000Ware_5_02_00_00/libraries/flash_api/f2837xd/include" --include_path="/home/ismail/IOT-CANBus/TI/FLASH_BANK_0/SCI_CAN_Interfaces_CPU1" --include_path="/home/ismail/ti/ccs1271/ccs/tools/compiler/ti-cgt-c2000_22.6.1.LTS/include" --advice:performance=all --define=_STANDALONE --define=_FLASH --define=_LAUNCHXL_F28379D --define=DEBUG --define=_DUAL_HEADERS --define=CPU1 --diag_suppress=10063 --diag_warning=225 --diag_wrap=off --display_error_number --abi=coffabi --section_sizes=on --preproc_with_compile --preproc_dependency="src/main.d_raw" --obj_directory="src"  "../src/main.c"
 
>> Compilation failure
src/subdir_rules.mk:7: recipe for target 'src/main.obj' failed
"/home/ismail/IOT-CANBus/TI/FLASH_BANK_0/SCI_CAN_Interfaces_CPU1/headers/config.h", line 16: error #41: expected an identifier
"../src/main.c", line 77: warning #145-D: a value of type "long" cannot be used to initialize an entity of type "uint32_t *"
"../src/main.c", line 77: warning #154-D: conversion of nonzero integer to pointer
"../src/main.c", line 78: warning #145-D: a value of type "long" cannot be used to initialize an entity of type "uint32_t *"
"../src/main.c", line 78: warning #154-D: conversion of nonzero integer to pointer
"../src/main.c", line 79: warning #145-D: a value of type "long" cannot be used to initialize an entity of type "uint32_t *"
"../src/main.c", line 79: warning #154-D: conversion of nonzero integer to pointer
"../src/main.c", line 80: warning #145-D: a value of type "long" cannot be used to initialize an entity of type "uint32_t *"
"../src/main.c", line 80: warning #154-D: conversion of nonzero integer to pointer
"../src/main.c", line 87: warning #551-D: variable "Validity_Counter_Bank0" is used before its value is set
"../src/main.c", line 111: warning #551-D: variable "Validity_Counter_Bank1" is used before its value is set
"../src/main.c", line 172: warning #994-D: missing return statement at end of non-void function "bank_selection_logic"
1 error detected in the compilation of "../src/main.c".
gmake: *** [src/main.obj] Error 1
gmake: Target 'all' not remade because of errors.

**** Build Finished ****

**** Build of configuration CPU1_FLASH for project SCI_CAN_Interfaces_CPU1 ****

/home/ismail/ti/ccs1271/ccs/utils/bin/gmake -k -j 4 all -O 
 
Building file: "../src/main.c"
Invoking: C2000 Compiler
"/home/ismail/ti/ccs1271/ccs/tools/compiler/ti-cgt-c2000_22.6.1.LTS/bin/cl2000" -v28 -ml -mt --cla_support=cla1 --float_support=fpu32 --tmu_support=tmu0 --vcu_support=vcu2 -Ooff --include_path="/home/ismail/IOT-CANBus/TI/FLASH_BANK_0/SCI_CAN_Interfaces_CPU1/src" --include_path="/home/ismail/IOT-CANBus/TI/FLASH_BANK_0/SCI_CAN_Interfaces_CPU1/assembly" --include_path="/home/ismail/IOT-CANBus/TI/FLASH_BANK_0/SCI_CAN_Interfaces_CPU1/linker" --include_path="/home/ismail/IOT-CANBus/TI/FLASH_BANK_0/SCI_CAN_Interfaces_CPU1/headers" --include_path="/home/ismail/ti/C2000Ware_5_02_00_00/device_support/f2837xd/common/include" --include_path="/home/ismail/ti/C2000Ware_5_02_00_00/device_support/f2837xd/headers/include" --include_path="/home/ismail/ti/C2000Ware_5_02_00_00/libraries/flash_api/f2837xd/include/Constants" --include_path="/home/ismail/ti/C2000Ware_5_02_00_00/libraries/flash_api/f2837xd/include" --include_path="/home/ismail/IOT-CANBus/TI/FLASH_BANK_0/SCI_CAN_Interfaces_CPU1" --include_path="/home/ismail/ti/ccs1271/ccs/tools/compiler/ti-cgt-c2000_22.6.1.LTS/include" --advice:performance=all --define=_STANDALONE --define=_FLASH --define=_LAUNCHXL_F28379D --define=DEBUG --define=_DUAL_HEADERS --define=CPU1 --diag_suppress=10063 --diag_warning=225 --diag_wrap=off --display_error_number --abi=coffabi --section_sizes=on --preproc_with_compile --preproc_dependency="src/main.d_raw" --obj_directory="src"  "../src/main.c"
 
>> Compilation failure
src/subdir_rules.mk:7: recipe for target 'src/main.obj' failed
"/home/ismail/IOT-CANBus/TI/FLASH_BANK_0/SCI_CAN_Interfaces_CPU1/headers/config.h", line 16: error #41: expected an identifier
"../src/main.c", line 77: warning #145-D: a value of type "long" cannot be used to initialize an entity of type "uint32_t *"
"../src/main.c", line 77: warning #154-D: conversion of nonzero integer to pointer
"../src/main.c", line 78: warning #145-D: a value of type "long" cannot be used to initialize an entity of type "uint32_t *"
"../src/main.c", line 78: warning #154-D: conversion of nonzero integer to pointer
"../src/main.c", line 79: warning #145-D: a value of type "long" cannot be used to initialize an entity of type "uint32_t *"
"../src/main.c", line 79: warning #154-D: conversion of nonzero integer to pointer
"../src/main.c", line 80: warning #145-D: a value of type "long" cannot be used to initialize an entity of type "uint32_t *"
"../src/main.c", line 80: warning #154-D: conversion of nonzero integer to pointer
"../src/main.c", line 87: warning #551-D: variable "Validity_Counter_Bank0" is used before its value is set
"../src/main.c", line 111: warning #551-D: variable "Validity_Counter_Bank1" is used before its value is set
"../src/main.c", line 172: warning #994-D: missing return statement at end of non-void function "bank_selection_logic"
1 error detected in the compilation of "../src/main.c".
gmake: *** [src/main.obj] Error 1
gmake: Target 'all' not remade because of errors.

**** Build Finished ****

**** Build of configuration CPU1_FLASH for project SCI_CAN_Interfaces_CPU1 ****

/home/ismail/ti/ccs1271/ccs/utils/bin/gmake -k -j 4 all -O 
 
Building file: "../src/main.c"
Invoking: C2000 Compiler
"/home/ismail/ti/ccs1271/ccs/tools/compiler/ti-cgt-c2000_22.6.1.LTS/bin/cl2000" -v28 -ml -mt --cla_support=cla1 --float_support=fpu32 --tmu_support=tmu0 --vcu_support=vcu2 -Ooff --include_path="/home/ismail/IOT-CANBus/TI/FLASH_BANK_0/SCI_CAN_Interfaces_CPU1/src" --include_path="/home/ismail/IOT-CANBus/TI/FLASH_BANK_0/SCI_CAN_Interfaces_CPU1/assembly" --include_path="/home/ismail/IOT-CANBus/TI/FLASH_BANK_0/SCI_CAN_Interfaces_CPU1/linker" --include_path="/home/ismail/IOT-CANBus/TI/FLASH_BANK_0/SCI_CAN_Interfaces_CPU1/headers" --include_path="/home/ismail/ti/C2000Ware_5_02_00_00/device_support/f2837xd/common/include" --include_path="/home/ismail/ti/C2000Ware_5_02_00_00/device_support/f2837xd/headers/include" --include_path="/home/ismail/ti/C2000Ware_5_02_00_00/libraries/flash_api/f2837xd/include/Constants" --include_path="/home/ismail/ti/C2000Ware_5_02_00_00/libraries/flash_api/f2837xd/include" --include_path="/home/ismail/IOT-CANBus/TI/FLASH_BANK_0/SCI_CAN_Interfaces_CPU1" --include_path="/home/ismail/ti/ccs1271/ccs/tools/compiler/ti-cgt-c2000_22.6.1.LTS/include" --advice:performance=all --define=_STANDALONE --define=_FLASH --define=_LAUNCHXL_F28379D --define=DEBUG --define=_DUAL_HEADERS --define=CPU1 --diag_suppress=10063 --diag_warning=225 --diag_wrap=off --display_error_number --abi=coffabi --section_sizes=on --preproc_with_compile --preproc_dependency="src/main.d_raw" --obj_directory="src"  "../src/main.c"
 
>> Compilation failure
src/subdir_rules.mk:7: recipe for target 'src/main.obj' failed
"/home/ismail/IOT-CANBus/TI/FLASH_BANK_0/SCI_CAN_Interfaces_CPU1/headers/config.h", line 16: error #41: expected an identifier
"../src/main.c", line 77: warning #145-D: a value of type "long" cannot be used to initialize an entity of type "uint32_t *"
"../src/main.c", line 77: warning #154-D: conversion of nonzero integer to pointer
"../src/main.c", line 78: warning #145-D: a value of type "long" cannot be used to initialize an entity of type "uint32_t *"
"../src/main.c", line 78: warning #154-D: conversion of nonzero integer to pointer
"../src/main.c", line 79: warning #145-D: a value of type "long" cannot be used to initialize an entity of type "uint32_t *"
"../src/main.c", line 79: warning #154-D: conversion of nonzero integer to pointer
"../src/main.c", line 80: warning #145-D: a value of type "long" cannot be used to initialize an entity of type "uint32_t *"
"../src/main.c", line 80: warning #154-D: conversion of nonzero integer to pointer
"../src/main.c", line 172: warning #994-D: missing return statement at end of non-void function "bank_selection_logic"
1 error detected in the compilation of "../src/main.c".
gmake: *** [src/main.obj] Error 1
gmake: Target 'all' not remade because of errors.

**** Build Finished ****

**** Build of configuration CPU1_FLASH for project SCI_CAN_Interfaces_CPU1 ****

/home/ismail/ti/ccs1271/ccs/utils/bin/gmake -k -j 4 all -O 
 
Building file: "../src/main.c"
Invoking: C2000 Compiler
"/home/ismail/ti/ccs1271/ccs/tools/compiler/ti-cgt-c2000_22.6.1.LTS/bin/cl2000" -v28 -ml -mt --cla_support=cla1 --float_support=fpu32 --tmu_support=tmu0 --vcu_support=vcu2 -Ooff --include_path="/home/ismail/IOT-CANBus/TI/FLASH_BANK_0/SCI_CAN_Interfaces_CPU1/src" --include_path="/home/ismail/IOT-CANBus/TI/FLASH_BANK_0/SCI_CAN_Interfaces_CPU1/assembly" --include_path="/home/ismail/IOT-CANBus/TI/FLASH_BANK_0/SCI_CAN_Interfaces_CPU1/linker" --include_path="/home/ismail/IOT-CANBus/TI/FLASH_BANK_0/SCI_CAN_Interfaces_CPU1/headers" --include_path="/home/ismail/ti/C2000Ware_5_02_00_00/device_support/f2837xd/common/include" --include_path="/home/ismail/ti/C2000Ware_5_02_00_00/device_support/f2837xd/headers/include" --include_path="/home/ismail/ti/C2000Ware_5_02_00_00/libraries/flash_api/f2837xd/include/Constants" --include_path="/home/ismail/ti/C2000Ware_5_02_00_00/libraries/flash_api/f2837xd/include" --include_path="/home/ismail/IOT-CANBus/TI/FLASH_BANK_0/SCI_CAN_Interfaces_CPU1" --include_path="/home/ismail/ti/ccs1271/ccs/tools/compiler/ti-cgt-c2000_22.6.1.LTS/include" --advice:performance=all --define=_STANDALONE --define=_FLASH --define=_LAUNCHXL_F28379D --define=DEBUG --define=_DUAL_HEADERS --define=CPU1 --diag_suppress=10063 --diag_warning=225 --diag_wrap=off --display_error_number --abi=coffabi --section_sizes=on --preproc_with_compile --preproc_dependency="src/main.d_raw" --obj_directory="src"  "../src/main.c"
 
>> Compilation failure
src/subdir_rules.mk:7: recipe for target 'src/main.obj' failed
"/home/ismail/IOT-CANBus/TI/FLASH_BANK_0/SCI_CAN_Interfaces_CPU1/headers/config.h", line 16: error #41: expected an identifier
"../src/main.c", line 77: warning #145-D: a value of type "long" cannot be used to initialize an entity of type "uint32_t *"
"../src/main.c", line 77: warning #154-D: conversion of nonzero integer to pointer
"../src/main.c", line 78: warning #145-D: a value of type "long" cannot be used to initialize an entity of type "uint32_t *"
"../src/main.c", line 78: warning #154-D: conversion of nonzero integer to pointer
"../src/main.c", line 79: warning #145-D: a value of type "long" cannot be used to initialize an entity of type "uint32_t *"
"../src/main.c", line 79: warning #154-D: conversion of nonzero integer to pointer
"../src/main.c", line 80: warning #145-D: a value of type "long" cannot be used to initialize an entity of type "uint32_t *"
"../src/main.c", line 80: warning #154-D: conversion of nonzero integer to pointer
1 error detected in the compilation of "../src/main.c".
gmake: *** [src/main.obj] Error 1
gmake: Target 'all' not remade because of errors.

**** Build Finished ****

**** Build of configuration CPU1_FLASH for project SCI_CAN_Interfaces_CPU1 ****

/home/ismail/ti/ccs1271/ccs/utils/bin/gmake -k -j 4 all -O 
 
Building file: "../src/main.c"
Invoking: C2000 Compiler
"/home/ismail/ti/ccs1271/ccs/tools/compiler/ti-cgt-c2000_22.6.1.LTS/bin/cl2000" -v28 -ml -mt --cla_support=cla1 --float_support=fpu32 --tmu_support=tmu0 --vcu_support=vcu2 -Ooff --include_path="/home/ismail/IOT-CANBus/TI/FLASH_BANK_0/SCI_CAN_Interfaces_CPU1/src" --include_path="/home/ismail/IOT-CANBus/TI/FLASH_BANK_0/SCI_CAN_Interfaces_CPU1/assembly" --include_path="/home/ismail/IOT-CANBus/TI/FLASH_BANK_0/SCI_CAN_Interfaces_CPU1/linker" --include_path="/home/ismail/IOT-CANBus/TI/FLASH_BANK_0/SCI_CAN_Interfaces_CPU1/headers" --include_path="/home/ismail/ti/C2000Ware_5_02_00_00/device_support/f2837xd/common/include" --include_path="/home/ismail/ti/C2000Ware_5_02_00_00/device_support/f2837xd/headers/include" --include_path="/home/ismail/ti/C2000Ware_5_02_00_00/libraries/flash_api/f2837xd/include/Constants" --include_path="/home/ismail/ti/C2000Ware_5_02_00_00/libraries/flash_api/f2837xd/include" --include_path="/home/ismail/IOT-CANBus/TI/FLASH_BANK_0/SCI_CAN_Interfaces_CPU1" --include_path="/home/ismail/ti/ccs1271/ccs/tools/compiler/ti-cgt-c2000_22.6.1.LTS/include" --advice:performance=all --define=_STANDALONE --define=_FLASH --define=_LAUNCHXL_F28379D --define=DEBUG --define=_DUAL_HEADERS --define=CPU1 --diag_suppress=10063 --diag_warning=225 --diag_wrap=off --display_error_number --abi=coffabi --section_sizes=on --preproc_with_compile --preproc_dependency="src/main.d_raw" --obj_directory="src"  "../src/main.c"
FILE: src/main.obj
CODE  size (bytes): 263
CONST size (bytes): 9
 
"../src/main.c", line 77: warning #145-D: a value of type "long" cannot be used to initialize an entity of type "uint32_t *"
"../src/main.c", line 77: warning #154-D: conversion of nonzero integer to pointer
"../src/main.c", line 78: warning #145-D: a value of type "long" cannot be used to initialize an entity of type "uint32_t *"
"../src/main.c", line 78: warning #154-D: conversion of nonzero integer to pointer
"../src/main.c", line 79: warning #145-D: a value of type "long" cannot be used to initialize an entity of type "uint32_t *"
"../src/main.c", line 79: warning #154-D: conversion of nonzero integer to pointer
"../src/main.c", line 80: warning #145-D: a value of type "long" cannot be used to initialize an entity of type "uint32_t *"
"../src/main.c", line 80: warning #154-D: conversion of nonzero integer to pointer
Finished building: "../src/main.c"
 
Building target: "SCI_CAN_Interfaces_CPU1.out"
Invoking: C2000 Linker
"/home/ismail/ti/ccs1271/ccs/tools/compiler/ti-cgt-c2000_22.6.1.LTS/bin/cl2000" -v28 -ml -mt --cla_support=cla1 --float_support=fpu32 --tmu_support=tmu0 --vcu_support=vcu2 -Ooff --advice:performance=all --define=_STANDALONE --define=_FLASH --define=_LAUNCHXL_F28379D --define=DEBUG --define=_DUAL_HEADERS --define=CPU1 --diag_suppress=10063 --diag_warning=225 --diag_wrap=off --display_error_number --abi=coffabi --section_sizes=on -z -m"SCI_CAN_Interfaces_CPU1.map" --stack_size=0x100 --warn_sections -i"/home/ismail/ti/C2000Ware_5_02_00_00/device_support/f2837xd/common/cmd" -i"/home/ismail/ti/C2000Ware_5_02_00_00/device_support/f2837xd/headers/cmd" -i"/home/ismail/ti/ccs1271/ccs/tools/compiler/ti-cgt-c2000_22.6.1.LTS/lib" -i"/home/ismail/ti/ccs1271/ccs/tools/compiler/ti-cgt-c2000_22.6.1.LTS/include" --reread_libs --diag_wrap=off --display_error_number --xml_link_info="SCI_CAN_Interfaces_CPU1_linkInfo.xml" --entry_point=code_start --rom_model -o "SCI_CAN_Interfaces_CPU1.out" "./assembly/DCSM_Z1_ZoneSelectBlock.obj" "./assembly/DCSM_Z2_ZoneSelectBlock.obj" "./assembly/F2837xD_usDelay.obj" "./assembly/fwupgradec1toc2_start.obj" "./src/F2837xD_DefaultISR.obj" "./src/F2837xD_GlobalVariableDefs.obj" "./src/F2837xD_Gpio.obj" "./src/F2837xD_Ipc.obj" "./src/F2837xD_Ipc_Driver_Util.obj" "./src/F2837xD_PieCtrl.obj" "./src/F2837xD_PieVect.obj" "./src/F2837xD_SysCtrl.obj" "./src/Fapi_UserDefinedFunctions.obj" "./src/SCI_Boot.obj" "./src/SCI_GetFunction.obj" "./src/Shared_Boot.obj" "./src/Shared_Erase.obj" "./src/Shared_Verify.obj" "./src/main.obj" "/home/ismail/ti/C2000Ware_5_02_00_00/libraries/flash_api/f2837xd/lib/F021_API_F2837xD_FPU32.lib" "/home/ismail/ti/C2000Ware_5_02_00_00/libraries/boot_rom/f2837xd/rev0/rom_symbol_libs/c1_ROM_API/c1bootROM_BootROMSymbols_fpu32.lib" "../linker/2837xD_FLASH_lnk_cpu1.cmd" "../linker/F2837xD_Headers_nonBIOS_cpu1.cmd" "../linker/flash_programming_cpu1tocpu2_RAM.cmd"  -l"/home/ismail/ti/ccs1271/ccs/tools/compiler/ti-cgt-c2000_22.6.1.LTS/lib/rts2800_fpu32.lib" -llibc.a 
<Linking>
FILE: SCI_CAN_Interfaces_CPU1.out
CODE  size (bytes): 8686
CONST size (bytes): 70
DATA  size (bytes): 10164
 
Finished building target: "SCI_CAN_Interfaces_CPU1.out"
 

**** Build Finished ****

**** Build of configuration CPU1_FLASH for project SCI_CAN_Interfaces_CPU1 ****

/home/ismail/ti/ccs1271/ccs/utils/bin/gmake -k -j 4 all -O 
 
Building file: "../src/main.c"
Invoking: C2000 Compiler
"/home/ismail/ti/ccs1271/ccs/tools/compiler/ti-cgt-c2000_22.6.1.LTS/bin/cl2000" -v28 -ml -mt --cla_support=cla1 --float_support=fpu32 --tmu_support=tmu0 --vcu_support=vcu2 -Ooff --include_path="/home/ismail/IOT-CANBus/TI/FLASH_BANK_0/SCI_CAN_Interfaces_CPU1/src" --include_path="/home/ismail/IOT-CANBus/TI/FLASH_BANK_0/SCI_CAN_Interfaces_CPU1/assembly" --include_path="/home/ismail/IOT-CANBus/TI/FLASH_BANK_0/SCI_CAN_Interfaces_CPU1/linker" --include_path="/home/ismail/IOT-CANBus/TI/FLASH_BANK_0/SCI_CAN_Interfaces_CPU1/headers" --include_path="/home/ismail/ti/C2000Ware_5_02_00_00/device_support/f2837xd/common/include" --include_path="/home/ismail/ti/C2000Ware_5_02_00_00/device_support/f2837xd/headers/include" --include_path="/home/ismail/ti/C2000Ware_5_02_00_00/libraries/flash_api/f2837xd/include/Constants" --include_path="/home/ismail/ti/C2000Ware_5_02_00_00/libraries/flash_api/f2837xd/include" --include_path="/home/ismail/IOT-CANBus/TI/FLASH_BANK_0/SCI_CAN_Interfaces_CPU1" --include_path="/home/ismail/ti/ccs1271/ccs/tools/compiler/ti-cgt-c2000_22.6.1.LTS/include" --advice:performance=all --define=_STANDALONE --define=_FLASH --define=_LAUNCHXL_F28379D --define=DEBUG --define=_DUAL_HEADERS --define=CPU1 --diag_suppress=10063 --diag_warning=225 --diag_wrap=off --display_error_number --abi=coffabi --section_sizes=on --preproc_with_compile --preproc_dependency="src/main.d_raw" --obj_directory="src"  "../src/main.c"
 
>> Compilation failure
src/subdir_rules.mk:7: recipe for target 'src/main.obj' failed
"../src/main.c", line 77: error #76: operand of "*" must be a pointer
"../src/main.c", line 78: error #76: operand of "*" must be a pointer
"../src/main.c", line 79: error #76: operand of "*" must be a pointer
"../src/main.c", line 80: error #76: operand of "*" must be a pointer
"../src/main.c", line 85: error #143: expression must have pointer-to-object type
"../src/main.c", line 89: error #143: expression must have pointer-to-object type
"../src/main.c", line 93: error #143: expression must have pointer-to-object type
"../src/main.c", line 97: error #143: expression must have pointer-to-object type
"../src/main.c", line 109: error #143: expression must have pointer-to-object type
"../src/main.c", line 113: error #143: expression must have pointer-to-object type
"../src/main.c", line 117: error #143: expression must have pointer-to-object type
"../src/main.c", line 121: error #143: expression must have pointer-to-object type
"../src/main.c", line 135: error #143: expression must have pointer-to-object type
"../src/main.c", line 135: error #143: expression must have pointer-to-object type
"../src/main.c", line 139: error #143: expression must have pointer-to-object type
"../src/main.c", line 139: error #143: expression must have pointer-to-object type
"../src/main.c", line 143: error #143: expression must have pointer-to-object type
"../src/main.c", line 143: error #143: expression must have pointer-to-object type
"../src/main.c", line 146: error #143: expression must have pointer-to-object type
"../src/main.c", line 146: error #143: expression must have pointer-to-object type
"../src/main.c", line 150: error #143: expression must have pointer-to-object type
"../src/main.c", line 150: error #143: expression must have pointer-to-object type
"../src/main.c", line 155: error #143: expression must have pointer-to-object type
"../src/main.c", line 155: error #143: expression must have pointer-to-object type
"../src/main.c", line 157: error #143: expression must have pointer-to-object type
"../src/main.c", line 157: error #143: expression must have pointer-to-object type
"../src/main.c", line 161: error #143: expression must have pointer-to-object type
"../src/main.c", line 161: error #143: expression must have pointer-to-object type
"../src/main.c", line 165: error #143: expression must have pointer-to-object type
"../src/main.c", line 165: error #143: expression must have pointer-to-object type
30 errors detected in the compilation of "../src/main.c".
gmake: *** [src/main.obj] Error 1
gmake: Target 'all' not remade because of errors.

**** Build Finished ****

**** Build of configuration CPU1_FLASH for project SCI_CAN_Interfaces_CPU1 ****

/home/ismail/ti/ccs1271/ccs/utils/bin/gmake -k -j 4 all -O 
 
Building file: "../src/main.c"
Invoking: C2000 Compiler
"/home/ismail/ti/ccs1271/ccs/tools/compiler/ti-cgt-c2000_22.6.1.LTS/bin/cl2000" -v28 -ml -mt --cla_support=cla1 --float_support=fpu32 --tmu_support=tmu0 --vcu_support=vcu2 -Ooff --include_path="/home/ismail/IOT-CANBus/TI/FLASH_BANK_0/SCI_CAN_Interfaces_CPU1/src" --include_path="/home/ismail/IOT-CANBus/TI/FLASH_BANK_0/SCI_CAN_Interfaces_CPU1/assembly" --include_path="/home/ismail/IOT-CANBus/TI/FLASH_BANK_0/SCI_CAN_Interfaces_CPU1/linker" --include_path="/home/ismail/IOT-CANBus/TI/FLASH_BANK_0/SCI_CAN_Interfaces_CPU1/headers" --include_path="/home/ismail/ti/C2000Ware_5_02_00_00/device_support/f2837xd/common/include" --include_path="/home/ismail/ti/C2000Ware_5_02_00_00/device_support/f2837xd/headers/include" --include_path="/home/ismail/ti/C2000Ware_5_02_00_00/libraries/flash_api/f2837xd/include/Constants" --include_path="/home/ismail/ti/C2000Ware_5_02_00_00/libraries/flash_api/f2837xd/include" --include_path="/home/ismail/IOT-CANBus/TI/FLASH_BANK_0/SCI_CAN_Interfaces_CPU1" --include_path="/home/ismail/ti/ccs1271/ccs/tools/compiler/ti-cgt-c2000_22.6.1.LTS/include" --advice:performance=all --define=_STANDALONE --define=_FLASH --define=_LAUNCHXL_F28379D --define=DEBUG --define=_DUAL_HEADERS --define=CPU1 --diag_suppress=10063 --diag_warning=225 --diag_wrap=off --display_error_number --abi=coffabi --section_sizes=on --preproc_with_compile --preproc_dependency="src/main.d_raw" --obj_directory="src"  "../src/main.c"
 
>> Compilation failure
src/subdir_rules.mk:7: recipe for target 'src/main.obj' failed
"../src/main.c", line 77: error #76: operand of "*" must be a pointer
"../src/main.c", line 78: error #76: operand of "*" must be a pointer
"../src/main.c", line 79: error #76: operand of "*" must be a pointer
"../src/main.c", line 80: error #76: operand of "*" must be a pointer
"../src/main.c", line 85: error #143: expression must have pointer-to-object type
"../src/main.c", line 89: error #143: expression must have pointer-to-object type
"../src/main.c", line 93: error #143: expression must have pointer-to-object type
"../src/main.c", line 97: error #143: expression must have pointer-to-object type
"../src/main.c", line 109: error #143: expression must have pointer-to-object type
"../src/main.c", line 113: error #143: expression must have pointer-to-object type
"../src/main.c", line 117: error #143: expression must have pointer-to-object type
"../src/main.c", line 121: error #143: expression must have pointer-to-object type
"../src/main.c", line 135: error #143: expression must have pointer-to-object type
"../src/main.c", line 135: error #143: expression must have pointer-to-object type
"../src/main.c", line 139: error #143: expression must have pointer-to-object type
"../src/main.c", line 139: error #143: expression must have pointer-to-object type
"../src/main.c", line 143: error #143: expression must have pointer-to-object type
"../src/main.c", line 143: error #143: expression must have pointer-to-object type
"../src/main.c", line 146: error #143: expression must have pointer-to-object type
"../src/main.c", line 146: error #143: expression must have pointer-to-object type
"../src/main.c", line 150: error #143: expression must have pointer-to-object type
"../src/main.c", line 150: error #143: expression must have pointer-to-object type
"../src/main.c", line 155: error #143: expression must have pointer-to-object type
"../src/main.c", line 155: error #143: expression must have pointer-to-object type
"../src/main.c", line 157: error #143: expression must have pointer-to-object type
"../src/main.c", line 157: error #143: expression must have pointer-to-object type
"../src/main.c", line 161: error #143: expression must have pointer-to-object type
"../src/main.c", line 161: error #143: expression must have pointer-to-object type
"../src/main.c", line 165: error #143: expression must have pointer-to-object type
"../src/main.c", line 165: error #143: expression must have pointer-to-object type
30 errors detected in the compilation of "../src/main.c".
gmake: *** [src/main.obj] Error 1
gmake: Target 'all' not remade because of errors.

**** Build Finished ****

**** Build of configuration CPU1_FLASH for project SCI_CAN_Interfaces_CPU1 ****

/home/ismail/ti/ccs1271/ccs/utils/bin/gmake -k -j 4 all -O 
 
Building file: "../src/main.c"
Invoking: C2000 Compiler
"/home/ismail/ti/ccs1271/ccs/tools/compiler/ti-cgt-c2000_22.6.1.LTS/bin/cl2000" -v28 -ml -mt --cla_support=cla1 --float_support=fpu32 --tmu_support=tmu0 --vcu_support=vcu2 -Ooff --include_path="/home/ismail/IOT-CANBus/TI/FLASH_BANK_0/SCI_CAN_Interfaces_CPU1/src" --include_path="/home/ismail/IOT-CANBus/TI/FLASH_BANK_0/SCI_CAN_Interfaces_CPU1/assembly" --include_path="/home/ismail/IOT-CANBus/TI/FLASH_BANK_0/SCI_CAN_Interfaces_CPU1/linker" --include_path="/home/ismail/IOT-CANBus/TI/FLASH_BANK_0/SCI_CAN_Interfaces_CPU1/headers" --include_path="/home/ismail/ti/C2000Ware_5_02_00_00/device_support/f2837xd/common/include" --include_path="/home/ismail/ti/C2000Ware_5_02_00_00/device_support/f2837xd/headers/include" --include_path="/home/ismail/ti/C2000Ware_5_02_00_00/libraries/flash_api/f2837xd/include/Constants" --include_path="/home/ismail/ti/C2000Ware_5_02_00_00/libraries/flash_api/f2837xd/include" --include_path="/home/ismail/IOT-CANBus/TI/FLASH_BANK_0/SCI_CAN_Interfaces_CPU1" --include_path="/home/ismail/ti/ccs1271/ccs/tools/compiler/ti-cgt-c2000_22.6.1.LTS/include" --advice:performance=all --define=_STANDALONE --define=_FLASH --define=_LAUNCHXL_F28379D --define=DEBUG --define=_DUAL_HEADERS --define=CPU1 --diag_suppress=10063 --diag_warning=225 --diag_wrap=off --display_error_number --abi=coffabi --section_sizes=on --preproc_with_compile --preproc_dependency="src/main.d_raw" --obj_directory="src"  "../src/main.c"
FILE: src/main.obj
CODE  size (bytes): 263
CONST size (bytes): 9
 
Finished building: "../src/main.c"
 
Building target: "SCI_CAN_Interfaces_CPU1.out"
Invoking: C2000 Linker
"/home/ismail/ti/ccs1271/ccs/tools/compiler/ti-cgt-c2000_22.6.1.LTS/bin/cl2000" -v28 -ml -mt --cla_support=cla1 --float_support=fpu32 --tmu_support=tmu0 --vcu_support=vcu2 -Ooff --advice:performance=all --define=_STANDALONE --define=_FLASH --define=_LAUNCHXL_F28379D --define=DEBUG --define=_DUAL_HEADERS --define=CPU1 --diag_suppress=10063 --diag_warning=225 --diag_wrap=off --display_error_number --abi=coffabi --section_sizes=on -z -m"SCI_CAN_Interfaces_CPU1.map" --stack_size=0x100 --warn_sections -i"/home/ismail/ti/C2000Ware_5_02_00_00/device_support/f2837xd/common/cmd" -i"/home/ismail/ti/C2000Ware_5_02_00_00/device_support/f2837xd/headers/cmd" -i"/home/ismail/ti/ccs1271/ccs/tools/compiler/ti-cgt-c2000_22.6.1.LTS/lib" -i"/home/ismail/ti/ccs1271/ccs/tools/compiler/ti-cgt-c2000_22.6.1.LTS/include" --reread_libs --diag_wrap=off --display_error_number --xml_link_info="SCI_CAN_Interfaces_CPU1_linkInfo.xml" --entry_point=code_start --rom_model -o "SCI_CAN_Interfaces_CPU1.out" "./assembly/DCSM_Z1_ZoneSelectBlock.obj" "./assembly/DCSM_Z2_ZoneSelectBlock.obj" "./assembly/F2837xD_usDelay.obj" "./assembly/fwupgradec1toc2_start.obj" "./src/F2837xD_DefaultISR.obj" "./src/F2837xD_GlobalVariableDefs.obj" "./src/F2837xD_Gpio.obj" "./src/F2837xD_Ipc.obj" "./src/F2837xD_Ipc_Driver_Util.obj" "./src/F2837xD_PieCtrl.obj" "./src/F2837xD_PieVect.obj" "./src/F2837xD_SysCtrl.obj" "./src/Fapi_UserDefinedFunctions.obj" "./src/SCI_Boot.obj" "./src/SCI_GetFunction.obj" "./src/Shared_Boot.obj" "./src/Shared_Erase.obj" "./src/Shared_Verify.obj" "./src/main.obj" "/home/ismail/ti/C2000Ware_5_02_00_00/libraries/flash_api/f2837xd/lib/F021_API_F2837xD_FPU32.lib" "/home/ismail/ti/C2000Ware_5_02_00_00/libraries/boot_rom/f2837xd/rev0/rom_symbol_libs/c1_ROM_API/c1bootROM_BootROMSymbols_fpu32.lib" "../linker/2837xD_FLASH_lnk_cpu1.cmd" "../linker/F2837xD_Headers_nonBIOS_cpu1.cmd" "../linker/flash_programming_cpu1tocpu2_RAM.cmd"  -l"/home/ismail/ti/ccs1271/ccs/tools/compiler/ti-cgt-c2000_22.6.1.LTS/lib/rts2800_fpu32.lib" -llibc.a 
<Linking>
FILE: SCI_CAN_Interfaces_CPU1.out
CODE  size (bytes): 8686
CONST size (bytes): 70
DATA  size (bytes): 10164
 
Finished building target: "SCI_CAN_Interfaces_CPU1.out"
 

**** Build Finished ****

**** Build of configuration CPU1_FLASH for project SCI_CAN_Interfaces_CPU1 ****

/home/ismail/ti/ccs1271/ccs/utils/bin/gmake -k -j 4 all -O 
 
gmake[1]: 'SCI_CAN_Interfaces_CPU1.out' is up to date.

**** Build Finished ****

**** Build of configuration CPU1_FLASH for project SCI_CAN_Interfaces_CPU1 ****

/home/ismail/ti/ccs1271/ccs/utils/bin/gmake -k -j 4 all -O 
 
Building target: "SCI_CAN_Interfaces_CPU1.out"
Invoking: C2000 Linker
"/home/ismail/ti/ccs1271/ccs/tools/compiler/ti-cgt-c2000_22.6.1.LTS/bin/cl2000" -v28 -ml -mt --cla_support=cla1 --float_support=fpu32 --tmu_support=tmu0 --vcu_support=vcu2 -Ooff --advice:performance=all --define=_STANDALONE --define=_FLASH --define=_LAUNCHXL_F28379D --define=DEBUG --define=_DUAL_HEADERS --define=CPU1 --diag_suppress=10063 --diag_warning=225 --diag_wrap=off --display_error_number --abi=coffabi --section_sizes=on -z -m"SCI_CAN_Interfaces_CPU1.map" --stack_size=0x100 --warn_sections -i"/home/ismail/ti/C2000Ware_5_02_00_00/device_support/f2837xd/common/cmd" -i"/home/ismail/ti/C2000Ware_5_02_00_00/device_support/f2837xd/headers/cmd" -i"/home/ismail/ti/ccs1271/ccs/tools/compiler/ti-cgt-c2000_22.6.1.LTS/lib" -i"/home/ismail/ti/ccs1271/ccs/tools/compiler/ti-cgt-c2000_22.6.1.LTS/include" --reread_libs --diag_wrap=off --display_error_number --xml_link_info="SCI_CAN_Interfaces_CPU1_linkInfo.xml" --entry_point=code_start --rom_model -o "SCI_CAN_Interfaces_CPU1.out" "./assembly/DCSM_Z1_ZoneSelectBlock.obj" "./assembly/DCSM_Z2_ZoneSelectBlock.obj" "./assembly/F2837xD_usDelay.obj" "./assembly/fwupgradec1toc2_start.obj" "./src/F2837xD_DefaultISR.obj" "./src/F2837xD_GlobalVariableDefs.obj" "./src/F2837xD_Gpio.obj" "./src/F2837xD_Ipc.obj" "./src/F2837xD_Ipc_Driver_Util.obj" "./src/F2837xD_PieCtrl.obj" "./src/F2837xD_PieVect.obj" "./src/F2837xD_SysCtrl.obj" "./src/Fapi_UserDefinedFunctions.obj" "./src/SCI_Boot.obj" "./src/SCI_GetFunction.obj" "./src/Shared_Boot.obj" "./src/Shared_Erase.obj" "./src/Shared_Verify.obj" "./src/main.obj" "/home/ismail/ti/C2000Ware_5_02_00_00/libraries/flash_api/f2837xd/lib/F021_API_F2837xD_FPU32.lib" "/home/ismail/ti/C2000Ware_5_02_00_00/libraries/boot_rom/f2837xd/rev0/rom_symbol_libs/c1_ROM_API/c1bootROM_BootROMSymbols_fpu32.lib" "../linker/2837xD_FLASH_lnk_cpu1.cmd" "../linker/F2837xD_Headers_nonBIOS_cpu1.cmd" "../linker/flash_programming_cpu1tocpu2_RAM.cmd"  -l"/home/ismail/ti/ccs1271/ccs/tools/compiler/ti-cgt-c2000_22.6.1.LTS/lib/rts2800_fpu32.lib" -llibc.a 
<Linking>
FILE: SCI_CAN_Interfaces_CPU1.out
CODE  size (bytes): 8686
CONST size (bytes): 70
DATA  size (bytes): 10164
 
Finished building target: "SCI_CAN_Interfaces_CPU1.out"
 

**** Build Finished ****

**** Build of configuration CPU1_FLASH for project SCI_CAN_Interfaces_CPU1 ****

/home/ismail/ti/ccs1271/ccs/utils/bin/gmake -k -j 4 all -O 
 
Building file: "../src/main.c"
Invoking: C2000 Compiler
"/home/ismail/ti/ccs1271/ccs/tools/compiler/ti-cgt-c2000_22.6.1.LTS/bin/cl2000" -v28 -ml -mt --cla_support=cla1 --float_support=fpu32 --tmu_support=tmu0 --vcu_support=vcu2 -Ooff --include_path="/home/ismail/IOT-CANBus/TI/FLASH_BANK_0/SCI_CAN_Interfaces_CPU1/src" --include_path="/home/ismail/IOT-CANBus/TI/FLASH_BANK_0/SCI_CAN_Interfaces_CPU1/assembly" --include_path="/home/ismail/IOT-CANBus/TI/FLASH_BANK_0/SCI_CAN_Interfaces_CPU1/linker" --include_path="/home/ismail/IOT-CANBus/TI/FLASH_BANK_0/SCI_CAN_Interfaces_CPU1/headers" --include_path="/home/ismail/ti/C2000Ware_5_02_00_00/device_support/f2837xd/common/include" --include_path="/home/ismail/ti/C2000Ware_5_02_00_00/device_support/f2837xd/headers/include" --include_path="/home/ismail/ti/C2000Ware_5_02_00_00/libraries/flash_api/f2837xd/include/Constants" --include_path="/home/ismail/ti/C2000Ware_5_02_00_00/libraries/flash_api/f2837xd/include" --include_path="/home/ismail/IOT-CANBus/TI/FLASH_BANK_0/SCI_CAN_Interfaces_CPU1" --include_path="/home/ismail/ti/ccs1271/ccs/tools/compiler/ti-cgt-c2000_22.6.1.LTS/include" --advice:performance=all --define=_STANDALONE --define=_FLASH --define=_LAUNCHXL_F28379D --define=DEBUG --define=_DUAL_HEADERS --define=CPU1 --diag_suppress=10063 --diag_warning=225 --diag_wrap=off --display_error_number --abi=coffabi --section_sizes=on --preproc_with_compile --preproc_dependency="src/main.d_raw" --obj_directory="src"  "../src/main.c"
FILE: src/main.obj
CODE  size (bytes): 259
CONST size (bytes): 9
 
"../src/main.c", line 205: warning #179-D: variable "x" was declared but never referenced
Finished building: "../src/main.c"
 
Building target: "SCI_CAN_Interfaces_CPU1.out"
Invoking: C2000 Linker
"/home/ismail/ti/ccs1271/ccs/tools/compiler/ti-cgt-c2000_22.6.1.LTS/bin/cl2000" -v28 -ml -mt --cla_support=cla1 --float_support=fpu32 --tmu_support=tmu0 --vcu_support=vcu2 -Ooff --advice:performance=all --define=_STANDALONE --define=_FLASH --define=_LAUNCHXL_F28379D --define=DEBUG --define=_DUAL_HEADERS --define=CPU1 --diag_suppress=10063 --diag_warning=225 --diag_wrap=off --display_error_number --abi=coffabi --section_sizes=on -z -m"SCI_CAN_Interfaces_CPU1.map" --stack_size=0x100 --warn_sections -i"/home/ismail/ti/C2000Ware_5_02_00_00/device_support/f2837xd/common/cmd" -i"/home/ismail/ti/C2000Ware_5_02_00_00/device_support/f2837xd/headers/cmd" -i"/home/ismail/ti/ccs1271/ccs/tools/compiler/ti-cgt-c2000_22.6.1.LTS/lib" -i"/home/ismail/ti/ccs1271/ccs/tools/compiler/ti-cgt-c2000_22.6.1.LTS/include" --reread_libs --diag_wrap=off --display_error_number --xml_link_info="SCI_CAN_Interfaces_CPU1_linkInfo.xml" --entry_point=code_start --rom_model -o "SCI_CAN_Interfaces_CPU1.out" "./assembly/DCSM_Z1_ZoneSelectBlock.obj" "./assembly/DCSM_Z2_ZoneSelectBlock.obj" "./assembly/F2837xD_usDelay.obj" "./assembly/fwupgradec1toc2_start.obj" "./src/F2837xD_DefaultISR.obj" "./src/F2837xD_GlobalVariableDefs.obj" "./src/F2837xD_Gpio.obj" "./src/F2837xD_Ipc.obj" "./src/F2837xD_Ipc_Driver_Util.obj" "./src/F2837xD_PieCtrl.obj" "./src/F2837xD_PieVect.obj" "./src/F2837xD_SysCtrl.obj" "./src/Fapi_UserDefinedFunctions.obj" "./src/SCI_Boot.obj" "./src/SCI_GetFunction.obj" "./src/Shared_Boot.obj" "./src/Shared_Erase.obj" "./src/Shared_Verify.obj" "./src/main.obj" "/home/ismail/ti/C2000Ware_5_02_00_00/libraries/flash_api/f2837xd/lib/F021_API_F2837xD_FPU32.lib" "/home/ismail/ti/C2000Ware_5_02_00_00/libraries/boot_rom/f2837xd/rev0/rom_symbol_libs/c1_ROM_API/c1bootROM_BootROMSymbols_fpu32.lib" "../linker/2837xD_FLASH_lnk_cpu1.cmd" "../linker/F2837xD_Headers_nonBIOS_cpu1.cmd" "../linker/flash_programming_cpu1tocpu2_RAM.cmd"  -l"/home/ismail/ti/ccs1271/ccs/tools/compiler/ti-cgt-c2000_22.6.1.LTS/lib/rts2800_fpu32.lib" -llibc.a 
<Linking>
FILE: SCI_CAN_Interfaces_CPU1.out
CODE  size (bytes): 8682
CONST size (bytes): 70
DATA  size (bytes): 10164
 
Finished building target: "SCI_CAN_Interfaces_CPU1.out"
 

**** Build Finished ****

**** Build of configuration CPU1_FLASH for project SCI_CAN_Interfaces_CPU1 ****

/home/ismail/ti/ccs1271/ccs/utils/bin/gmake -k -j 4 all -O 
 
gmake[1]: 'SCI_CAN_Interfaces_CPU1.out' is up to date.

**** Build Finished ****

**** Build of configuration CPU1_FLASH for project SCI_CAN_Interfaces_CPU1 ****

/home/ismail/ti/ccs1271/ccs/utils/bin/gmake -k -j 4 all -O 
 
Building file: "../src/main.c"
Invoking: C2000 Compiler
"/home/ismail/ti/ccs1271/ccs/tools/compiler/ti-cgt-c2000_22.6.1.LTS/bin/cl2000" -v28 -ml -mt --cla_support=cla1 --float_support=fpu32 --tmu_support=tmu0 --vcu_support=vcu2 -Ooff --include_path="/home/ismail/IOT-CANBus/TI/FLASH_BANK_0/SCI_CAN_Interfaces_CPU1/src" --include_path="/home/ismail/IOT-CANBus/TI/FLASH_BANK_0/SCI_CAN_Interfaces_CPU1/assembly" --include_path="/home/ismail/IOT-CANBus/TI/FLASH_BANK_0/SCI_CAN_Interfaces_CPU1/linker" --include_path="/home/ismail/IOT-CANBus/TI/FLASH_BANK_0/SCI_CAN_Interfaces_CPU1/headers" --include_path="/home/ismail/ti/C2000Ware_5_02_00_00/device_support/f2837xd/common/include" --include_path="/home/ismail/ti/C2000Ware_5_02_00_00/device_support/f2837xd/headers/include" --include_path="/home/ismail/ti/C2000Ware_5_02_00_00/libraries/flash_api/f2837xd/include/Constants" --include_path="/home/ismail/ti/C2000Ware_5_02_00_00/libraries/flash_api/f2837xd/include" --include_path="/home/ismail/IOT-CANBus/TI/FLASH_BANK_0/SCI_CAN_Interfaces_CPU1" --include_path="/home/ismail/ti/ccs1271/ccs/tools/compiler/ti-cgt-c2000_22.6.1.LTS/include" --advice:performance=all --define=_STANDALONE --define=_FLASH --define=_LAUNCHXL_F28379D --define=DEBUG --define=_DUAL_HEADERS --define=CPU1 --diag_suppress=10063 --diag_warning=225 --diag_wrap=off --display_error_number --abi=coffabi --section_sizes=on --preproc_with_compile --preproc_dependency="src/main.d_raw" --obj_directory="src"  "../src/main.c"
FILE: src/main.obj
CODE  size (bytes): 263
CONST size (bytes): 9
 
Finished building: "../src/main.c"
 
Building target: "SCI_CAN_Interfaces_CPU1.out"
Invoking: C2000 Linker
"/home/ismail/ti/ccs1271/ccs/tools/compiler/ti-cgt-c2000_22.6.1.LTS/bin/cl2000" -v28 -ml -mt --cla_support=cla1 --float_support=fpu32 --tmu_support=tmu0 --vcu_support=vcu2 -Ooff --advice:performance=all --define=_STANDALONE --define=_FLASH --define=_LAUNCHXL_F28379D --define=DEBUG --define=_DUAL_HEADERS --define=CPU1 --diag_suppress=10063 --diag_warning=225 --diag_wrap=off --display_error_number --abi=coffabi --section_sizes=on -z -m"SCI_CAN_Interfaces_CPU1.map" --stack_size=0x100 --warn_sections -i"/home/ismail/ti/C2000Ware_5_02_00_00/device_support/f2837xd/common/cmd" -i"/home/ismail/ti/C2000Ware_5_02_00_00/device_support/f2837xd/headers/cmd" -i"/home/ismail/ti/ccs1271/ccs/tools/compiler/ti-cgt-c2000_22.6.1.LTS/lib" -i"/home/ismail/ti/ccs1271/ccs/tools/compiler/ti-cgt-c2000_22.6.1.LTS/include" --reread_libs --diag_wrap=off --display_error_number --xml_link_info="SCI_CAN_Interfaces_CPU1_linkInfo.xml" --entry_point=code_start --rom_model -o "SCI_CAN_Interfaces_CPU1.out" "./assembly/DCSM_Z1_ZoneSelectBlock.obj" "./assembly/DCSM_Z2_ZoneSelectBlock.obj" "./assembly/F2837xD_usDelay.obj" "./assembly/fwupgradec1toc2_start.obj" "./src/F2837xD_DefaultISR.obj" "./src/F2837xD_GlobalVariableDefs.obj" "./src/F2837xD_Gpio.obj" "./src/F2837xD_Ipc.obj" "./src/F2837xD_Ipc_Driver_Util.obj" "./src/F2837xD_PieCtrl.obj" "./src/F2837xD_PieVect.obj" "./src/F2837xD_SysCtrl.obj" "./src/Fapi_UserDefinedFunctions.obj" "./src/SCI_Boot.obj" "./src/SCI_GetFunction.obj" "./src/Shared_Boot.obj" "./src/Shared_Erase.obj" "./src/Shared_Verify.obj" "./src/main.obj" "/home/ismail/ti/C2000Ware_5_02_00_00/libraries/flash_api/f2837xd/lib/F021_API_F2837xD_FPU32.lib" "/home/ismail/ti/C2000Ware_5_02_00_00/libraries/boot_rom/f2837xd/rev0/rom_symbol_libs/c1_ROM_API/c1bootROM_BootROMSymbols_fpu32.lib" "../linker/2837xD_FLASH_lnk_cpu1.cmd" "../linker/F2837xD_Headers_nonBIOS_cpu1.cmd" "../linker/flash_programming_cpu1tocpu2_RAM.cmd"  -l"/home/ismail/ti/ccs1271/ccs/tools/compiler/ti-cgt-c2000_22.6.1.LTS/lib/rts2800_fpu32.lib" -llibc.a 
<Linking>
FILE: SCI_CAN_Interfaces_CPU1.out
CODE  size (bytes): 8686
CONST size (bytes): 70
DATA  size (bytes): 10164
 
Finished building target: "SCI_CAN_Interfaces_CPU1.out"
 

**** Build Finished ****

**** Build of configuration CPU1_FLASH for project SCI_CAN_Interfaces_CPU1 ****

/home/ismail/ti/ccs1271/ccs/utils/bin/gmake -k -j 4 all -O 
 
Building file: "../src/main.c"
Invoking: C2000 Compiler
"/home/ismail/ti/ccs1271/ccs/tools/compiler/ti-cgt-c2000_22.6.1.LTS/bin/cl2000" -v28 -ml -mt --cla_support=cla1 --float_support=fpu32 --tmu_support=tmu0 --vcu_support=vcu2 -Ooff --include_path="/home/ismail/IOT-CANBus/TI/FLASH_BANK_0/SCI_CAN_Interfaces_CPU1/src" --include_path="/home/ismail/IOT-CANBus/TI/FLASH_BANK_0/SCI_CAN_Interfaces_CPU1/assembly" --include_path="/home/ismail/IOT-CANBus/TI/FLASH_BANK_0/SCI_CAN_Interfaces_CPU1/linker" --include_path="/home/ismail/IOT-CANBus/TI/FLASH_BANK_0/SCI_CAN_Interfaces_CPU1/headers" --include_path="/home/ismail/ti/C2000Ware_5_02_00_00/device_support/f2837xd/common/include" --include_path="/home/ismail/ti/C2000Ware_5_02_00_00/device_support/f2837xd/headers/include" --include_path="/home/ismail/ti/C2000Ware_5_02_00_00/libraries/flash_api/f2837xd/include/Constants" --include_path="/home/ismail/ti/C2000Ware_5_02_00_00/libraries/flash_api/f2837xd/include" --include_path="/home/ismail/IOT-CANBus/TI/FLASH_BANK_0/SCI_CAN_Interfaces_CPU1" --include_path="/home/ismail/ti/ccs1271/ccs/tools/compiler/ti-cgt-c2000_22.6.1.LTS/include" --advice:performance=all --define=_STANDALONE --define=_FLASH --define=_LAUNCHXL_F28379D --define=DEBUG --define=_DUAL_HEADERS --define=CPU1 --diag_suppress=10063 --diag_warning=225 --diag_wrap=off --display_error_number --abi=coffabi --section_sizes=on --preproc_with_compile --preproc_dependency="src/main.d_raw" --obj_directory="src"  "../src/main.c"
FILE: src/main.obj
CODE  size (bytes): 263
CONST size (bytes): 9
 
Finished building: "../src/main.c"
 
Building target: "SCI_CAN_Interfaces_CPU1.out"
Invoking: C2000 Linker
"/home/ismail/ti/ccs1271/ccs/tools/compiler/ti-cgt-c2000_22.6.1.LTS/bin/cl2000" -v28 -ml -mt --cla_support=cla1 --float_support=fpu32 --tmu_support=tmu0 --vcu_support=vcu2 -Ooff --advice:performance=all --define=_STANDALONE --define=_FLASH --define=_LAUNCHXL_F28379D --define=DEBUG --define=_DUAL_HEADERS --define=CPU1 --diag_suppress=10063 --diag_warning=225 --diag_wrap=off --display_error_number --abi=coffabi --section_sizes=on -z -m"SCI_CAN_Interfaces_CPU1.map" --stack_size=0x100 --warn_sections -i"/home/ismail/ti/C2000Ware_5_02_00_00/device_support/f2837xd/common/cmd" -i"/home/ismail/ti/C2000Ware_5_02_00_00/device_support/f2837xd/headers/cmd" -i"/home/ismail/ti/ccs1271/ccs/tools/compiler/ti-cgt-c2000_22.6.1.LTS/lib" -i"/home/ismail/ti/ccs1271/ccs/tools/compiler/ti-cgt-c2000_22.6.1.LTS/include" --reread_libs --diag_wrap=off --display_error_number --xml_link_info="SCI_CAN_Interfaces_CPU1_linkInfo.xml" --entry_point=code_start --rom_model -o "SCI_CAN_Interfaces_CPU1.out" "./assembly/DCSM_Z1_ZoneSelectBlock.obj" "./assembly/DCSM_Z2_ZoneSelectBlock.obj" "./assembly/F2837xD_usDelay.obj" "./assembly/fwupgradec1toc2_start.obj" "./src/F2837xD_DefaultISR.obj" "./src/F2837xD_GlobalVariableDefs.obj" "./src/F2837xD_Gpio.obj" "./src/F2837xD_Ipc.obj" "./src/F2837xD_Ipc_Driver_Util.obj" "./src/F2837xD_PieCtrl.obj" "./src/F2837xD_PieVect.obj" "./src/F2837xD_SysCtrl.obj" "./src/Fapi_UserDefinedFunctions.obj" "./src/SCI_Boot.obj" "./src/SCI_GetFunction.obj" "./src/Shared_Boot.obj" "./src/Shared_Erase.obj" "./src/Shared_Verify.obj" "./src/main.obj" "/home/ismail/ti/C2000Ware_5_02_00_00/libraries/flash_api/f2837xd/lib/F021_API_F2837xD_FPU32.lib" "/home/ismail/ti/C2000Ware_5_02_00_00/libraries/boot_rom/f2837xd/rev0/rom_symbol_libs/c1_ROM_API/c1bootROM_BootROMSymbols_fpu32.lib" "../linker/2837xD_FLASH_lnk_cpu1.cmd" "../linker/F2837xD_Headers_nonBIOS_cpu1.cmd" "../linker/flash_programming_cpu1tocpu2_RAM.cmd"  -l"/home/ismail/ti/ccs1271/ccs/tools/compiler/ti-cgt-c2000_22.6.1.LTS/lib/rts2800_fpu32.lib" -llibc.a 
<Linking>
FILE: SCI_CAN_Interfaces_CPU1.out
CODE  size (bytes): 8686
CONST size (bytes): 70
DATA  size (bytes): 10164
 
Finished building target: "SCI_CAN_Interfaces_CPU1.out"
 

**** Build Finished ****

**** Build of configuration CPU1_FLASH for project SCI_CAN_Interfaces_CPU1 ****

/home/ismail/ti/ccs1271/ccs/utils/bin/gmake -k -j 4 all -O 
 
Building file: "../src/main.c"
Invoking: C2000 Compiler
"/home/ismail/ti/ccs1271/ccs/tools/compiler/ti-cgt-c2000_22.6.1.LTS/bin/cl2000" -v28 -ml -mt --cla_support=cla1 --float_support=fpu32 --tmu_support=tmu0 --vcu_support=vcu2 -Ooff --include_path="/home/ismail/IOT-CANBus/TI/FLASH_BANK_0/SCI_CAN_Interfaces_CPU1/src" --include_path="/home/ismail/IOT-CANBus/TI/FLASH_BANK_0/SCI_CAN_Interfaces_CPU1/assembly" --include_path="/home/ismail/IOT-CANBus/TI/FLASH_BANK_0/SCI_CAN_Interfaces_CPU1/linker" --include_path="/home/ismail/IOT-CANBus/TI/FLASH_BANK_0/SCI_CAN_Interfaces_CPU1/headers" --include_path="/home/ismail/ti/C2000Ware_5_02_00_00/device_support/f2837xd/common/include" --include_path="/home/ismail/ti/C2000Ware_5_02_00_00/device_support/f2837xd/headers/include" --include_path="/home/ismail/ti/C2000Ware_5_02_00_00/libraries/flash_api/f2837xd/include/Constants" --include_path="/home/ismail/ti/C2000Ware_5_02_00_00/libraries/flash_api/f2837xd/include" --include_path="/home/ismail/IOT-CANBus/TI/FLASH_BANK_0/SCI_CAN_Interfaces_CPU1" --include_path="/home/ismail/ti/ccs1271/ccs/tools/compiler/ti-cgt-c2000_22.6.1.LTS/include" --advice:performance=all --define=_STANDALONE --define=_FLASH --define=_LAUNCHXL_F28379D --define=DEBUG --define=_DUAL_HEADERS --define=CPU1 --diag_suppress=10063 --diag_warning=225 --diag_wrap=off --display_error_number --abi=coffabi --section_sizes=on --preproc_with_compile --preproc_dependency="src/main.d_raw" --obj_directory="src"  "../src/main.c"
FILE: src/main.obj
CODE  size (bytes): 259
CONST size (bytes): 9
 
Finished building: "../src/main.c"
 
Building target: "SCI_CAN_Interfaces_CPU1.out"
Invoking: C2000 Linker
"/home/ismail/ti/ccs1271/ccs/tools/compiler/ti-cgt-c2000_22.6.1.LTS/bin/cl2000" -v28 -ml -mt --cla_support=cla1 --float_support=fpu32 --tmu_support=tmu0 --vcu_support=vcu2 -Ooff --advice:performance=all --define=_STANDALONE --define=_FLASH --define=_LAUNCHXL_F28379D --define=DEBUG --define=_DUAL_HEADERS --define=CPU1 --diag_suppress=10063 --diag_warning=225 --diag_wrap=off --display_error_number --abi=coffabi --section_sizes=on -z -m"SCI_CAN_Interfaces_CPU1.map" --stack_size=0x100 --warn_sections -i"/home/ismail/ti/C2000Ware_5_02_00_00/device_support/f2837xd/common/cmd" -i"/home/ismail/ti/C2000Ware_5_02_00_00/device_support/f2837xd/headers/cmd" -i"/home/ismail/ti/ccs1271/ccs/tools/compiler/ti-cgt-c2000_22.6.1.LTS/lib" -i"/home/ismail/ti/ccs1271/ccs/tools/compiler/ti-cgt-c2000_22.6.1.LTS/include" --reread_libs --diag_wrap=off --display_error_number --xml_link_info="SCI_CAN_Interfaces_CPU1_linkInfo.xml" --entry_point=code_start --rom_model -o "SCI_CAN_Interfaces_CPU1.out" "./assembly/DCSM_Z1_ZoneSelectBlock.obj" "./assembly/DCSM_Z2_ZoneSelectBlock.obj" "./assembly/F2837xD_usDelay.obj" "./assembly/fwupgradec1toc2_start.obj" "./src/F2837xD_DefaultISR.obj" "./src/F2837xD_GlobalVariableDefs.obj" "./src/F2837xD_Gpio.obj" "./src/F2837xD_Ipc.obj" "./src/F2837xD_Ipc_Driver_Util.obj" "./src/F2837xD_PieCtrl.obj" "./src/F2837xD_PieVect.obj" "./src/F2837xD_SysCtrl.obj" "./src/Fapi_UserDefinedFunctions.obj" "./src/SCI_Boot.obj" "./src/SCI_GetFunction.obj" "./src/Shared_Boot.obj" "./src/Shared_Erase.obj" "./src/Shared_Verify.obj" "./src/main.obj" "/home/ismail/ti/C2000Ware_5_02_00_00/libraries/flash_api/f2837xd/lib/F021_API_F2837xD_FPU32.lib" "/home/ismail/ti/C2000Ware_5_02_00_00/libraries/boot_rom/f2837xd/rev0/rom_symbol_libs/c1_ROM_API/c1bootROM_BootROMSymbols_fpu32.lib" "../linker/2837xD_FLASH_lnk_cpu1.cmd" "../linker/F2837xD_Headers_nonBIOS_cpu1.cmd" "../linker/flash_programming_cpu1tocpu2_RAM.cmd"  -l"/home/ismail/ti/ccs1271/ccs/tools/compiler/ti-cgt-c2000_22.6.1.LTS/lib/rts2800_fpu32.lib" -llibc.a 
<Linking>
FILE: SCI_CAN_Interfaces_CPU1.out
CODE  size (bytes): 8682
CONST size (bytes): 70
DATA  size (bytes): 10164
 
Finished building target: "SCI_CAN_Interfaces_CPU1.out"
 

**** Build Finished ****

**** Build of configuration CPU1_FLASH for project SCI_CAN_Interfaces_CPU1 ****

/home/ismail/ti/ccs1271/ccs/utils/bin/gmake -k -j 4 all -O 
 
Building file: "../src/main.c"
Invoking: C2000 Compiler
"/home/ismail/ti/ccs1271/ccs/tools/compiler/ti-cgt-c2000_22.6.1.LTS/bin/cl2000" -v28 -ml -mt --cla_support=cla1 --float_support=fpu32 --tmu_support=tmu0 --vcu_support=vcu2 -Ooff --include_path="/home/ismail/IOT-CANBus/TI/FLASH_BANK_0/SCI_CAN_Interfaces_CPU1/src" --include_path="/home/ismail/IOT-CANBus/TI/FLASH_BANK_0/SCI_CAN_Interfaces_CPU1/assembly" --include_path="/home/ismail/IOT-CANBus/TI/FLASH_BANK_0/SCI_CAN_Interfaces_CPU1/linker" --include_path="/home/ismail/IOT-CANBus/TI/FLASH_BANK_0/SCI_CAN_Interfaces_CPU1/headers" --include_path="/home/ismail/ti/C2000Ware_5_02_00_00/device_support/f2837xd/common/include" --include_path="/home/ismail/ti/C2000Ware_5_02_00_00/device_support/f2837xd/headers/include" --include_path="/home/ismail/ti/C2000Ware_5_02_00_00/libraries/flash_api/f2837xd/include/Constants" --include_path="/home/ismail/ti/C2000Ware_5_02_00_00/libraries/flash_api/f2837xd/include" --include_path="/home/ismail/IOT-CANBus/TI/FLASH_BANK_0/SCI_CAN_Interfaces_CPU1" --include_path="/home/ismail/ti/ccs1271/ccs/tools/compiler/ti-cgt-c2000_22.6.1.LTS/include" --advice:performance=all --define=_STANDALONE --define=_FLASH --define=_LAUNCHXL_F28379D --define=DEBUG --define=_DUAL_HEADERS --define=CPU1 --diag_suppress=10063 --diag_warning=225 --diag_wrap=off --display_error_number --abi=coffabi --section_sizes=on --preproc_with_compile --preproc_dependency="src/main.d_raw" --obj_directory="src"  "../src/main.c"
FILE: src/main.obj
CODE  size (bytes): 259
CONST size (bytes): 9
 
Finished building: "../src/main.c"
 
Building target: "SCI_CAN_Interfaces_CPU1.out"
Invoking: C2000 Linker
"/home/ismail/ti/ccs1271/ccs/tools/compiler/ti-cgt-c2000_22.6.1.LTS/bin/cl2000" -v28 -ml -mt --cla_support=cla1 --float_support=fpu32 --tmu_support=tmu0 --vcu_support=vcu2 -Ooff --advice:performance=all --define=_STANDALONE --define=_FLASH --define=_LAUNCHXL_F28379D --define=DEBUG --define=_DUAL_HEADERS --define=CPU1 --diag_suppress=10063 --diag_warning=225 --diag_wrap=off --display_error_number --abi=coffabi --section_sizes=on -z -m"SCI_CAN_Interfaces_CPU1.map" --stack_size=0x100 --warn_sections -i"/home/ismail/ti/C2000Ware_5_02_00_00/device_support/f2837xd/common/cmd" -i"/home/ismail/ti/C2000Ware_5_02_00_00/device_support/f2837xd/headers/cmd" -i"/home/ismail/ti/ccs1271/ccs/tools/compiler/ti-cgt-c2000_22.6.1.LTS/lib" -i"/home/ismail/ti/ccs1271/ccs/tools/compiler/ti-cgt-c2000_22.6.1.LTS/include" --reread_libs --diag_wrap=off --display_error_number --xml_link_info="SCI_CAN_Interfaces_CPU1_linkInfo.xml" --entry_point=code_start --rom_model -o "SCI_CAN_Interfaces_CPU1.out" "./assembly/DCSM_Z1_ZoneSelectBlock.obj" "./assembly/DCSM_Z2_ZoneSelectBlock.obj" "./assembly/F2837xD_usDelay.obj" "./assembly/fwupgradec1toc2_start.obj" "./src/F2837xD_DefaultISR.obj" "./src/F2837xD_GlobalVariableDefs.obj" "./src/F2837xD_Gpio.obj" "./src/F2837xD_Ipc.obj" "./src/F2837xD_Ipc_Driver_Util.obj" "./src/F2837xD_PieCtrl.obj" "./src/F2837xD_PieVect.obj" "./src/F2837xD_SysCtrl.obj" "./src/Fapi_UserDefinedFunctions.obj" "./src/SCI_Boot.obj" "./src/SCI_GetFunction.obj" "./src/Shared_Boot.obj" "./src/Shared_Erase.obj" "./src/Shared_Verify.obj" "./src/main.obj" "/home/ismail/ti/C2000Ware_5_02_00_00/libraries/flash_api/f2837xd/lib/F021_API_F2837xD_FPU32.lib" "/home/ismail/ti/C2000Ware_5_02_00_00/libraries/boot_rom/f2837xd/rev0/rom_symbol_libs/c1_ROM_API/c1bootROM_BootROMSymbols_fpu32.lib" "../linker/2837xD_FLASH_lnk_cpu1.cmd" "../linker/F2837xD_Headers_nonBIOS_cpu1.cmd" "../linker/flash_programming_cpu1tocpu2_RAM.cmd"  -l"/home/ismail/ti/ccs1271/ccs/tools/compiler/ti-cgt-c2000_22.6.1.LTS/lib/rts2800_fpu32.lib" -llibc.a 
<Linking>
FILE: SCI_CAN_Interfaces_CPU1.out
CODE  size (bytes): 8682
CONST size (bytes): 70
DATA  size (bytes): 10164
 
Finished building target: "SCI_CAN_Interfaces_CPU1.out"
 

**** Build Finished ****

**** Build of configuration CPU1_FLASH for project SCI_CAN_Interfaces_CPU1 ****

/home/ismail/ti/ccs1271/ccs/utils/bin/gmake -k -j 4 all -O 
 
Building file: "../src/main.c"
Invoking: C2000 Compiler
"/home/ismail/ti/ccs1271/ccs/tools/compiler/ti-cgt-c2000_22.6.1.LTS/bin/cl2000" -v28 -ml -mt --cla_support=cla1 --float_support=fpu32 --tmu_support=tmu0 --vcu_support=vcu2 -Ooff --include_path="/home/ismail/IOT-CANBus/TI/FLASH_BANK_0/SCI_CAN_Interfaces_CPU1/src" --include_path="/home/ismail/IOT-CANBus/TI/FLASH_BANK_0/SCI_CAN_Interfaces_CPU1/assembly" --include_path="/home/ismail/IOT-CANBus/TI/FLASH_BANK_0/SCI_CAN_Interfaces_CPU1/linker" --include_path="/home/ismail/IOT-CANBus/TI/FLASH_BANK_0/SCI_CAN_Interfaces_CPU1/headers" --include_path="/home/ismail/ti/C2000Ware_5_02_00_00/device_support/f2837xd/common/include" --include_path="/home/ismail/ti/C2000Ware_5_02_00_00/device_support/f2837xd/headers/include" --include_path="/home/ismail/ti/C2000Ware_5_02_00_00/libraries/flash_api/f2837xd/include/Constants" --include_path="/home/ismail/ti/C2000Ware_5_02_00_00/libraries/flash_api/f2837xd/include" --include_path="/home/ismail/IOT-CANBus/TI/FLASH_BANK_0/SCI_CAN_Interfaces_CPU1" --include_path="/home/ismail/ti/ccs1271/ccs/tools/compiler/ti-cgt-c2000_22.6.1.LTS/include" --advice:performance=all --define=_STANDALONE --define=_FLASH --define=_LAUNCHXL_F28379D --define=DEBUG --define=_DUAL_HEADERS --define=CPU1 --diag_suppress=10063 --diag_warning=225 --diag_wrap=off --display_error_number --abi=coffabi --section_sizes=on --preproc_with_compile --preproc_dependency="src/main.d_raw" --obj_directory="src"  "../src/main.c"
FILE: src/main.obj
CODE  size (bytes): 259
CONST size (bytes): 9
 
Finished building: "../src/main.c"
 
Building target: "SCI_CAN_Interfaces_CPU1.out"
Invoking: C2000 Linker
"/home/ismail/ti/ccs1271/ccs/tools/compiler/ti-cgt-c2000_22.6.1.LTS/bin/cl2000" -v28 -ml -mt --cla_support=cla1 --float_support=fpu32 --tmu_support=tmu0 --vcu_support=vcu2 -Ooff --advice:performance=all --define=_STANDALONE --define=_FLASH --define=_LAUNCHXL_F28379D --define=DEBUG --define=_DUAL_HEADERS --define=CPU1 --diag_suppress=10063 --diag_warning=225 --diag_wrap=off --display_error_number --abi=coffabi --section_sizes=on -z -m"SCI_CAN_Interfaces_CPU1.map" --stack_size=0x100 --warn_sections -i"/home/ismail/ti/C2000Ware_5_02_00_00/device_support/f2837xd/common/cmd" -i"/home/ismail/ti/C2000Ware_5_02_00_00/device_support/f2837xd/headers/cmd" -i"/home/ismail/ti/ccs1271/ccs/tools/compiler/ti-cgt-c2000_22.6.1.LTS/lib" -i"/home/ismail/ti/ccs1271/ccs/tools/compiler/ti-cgt-c2000_22.6.1.LTS/include" --reread_libs --diag_wrap=off --display_error_number --xml_link_info="SCI_CAN_Interfaces_CPU1_linkInfo.xml" --entry_point=code_start --rom_model -o "SCI_CAN_Interfaces_CPU1.out" "./assembly/DCSM_Z1_ZoneSelectBlock.obj" "./assembly/DCSM_Z2_ZoneSelectBlock.obj" "./assembly/F2837xD_usDelay.obj" "./assembly/fwupgradec1toc2_start.obj" "./src/F2837xD_DefaultISR.obj" "./src/F2837xD_GlobalVariableDefs.obj" "./src/F2837xD_Gpio.obj" "./src/F2837xD_Ipc.obj" "./src/F2837xD_Ipc_Driver_Util.obj" "./src/F2837xD_PieCtrl.obj" "./src/F2837xD_PieVect.obj" "./src/F2837xD_SysCtrl.obj" "./src/Fapi_UserDefinedFunctions.obj" "./src/SCI_Boot.obj" "./src/SCI_GetFunction.obj" "./src/Shared_Boot.obj" "./src/Shared_Erase.obj" "./src/Shared_Verify.obj" "./src/main.obj" "/home/ismail/ti/C2000Ware_5_02_00_00/libraries/flash_api/f2837xd/lib/F021_API_F2837xD_FPU32.lib" "/home/ismail/ti/C2000Ware_5_02_00_00/libraries/boot_rom/f2837xd/rev0/rom_symbol_libs/c1_ROM_API/c1bootROM_BootROMSymbols_fpu32.lib" "../linker/2837xD_FLASH_lnk_cpu1.cmd" "../linker/F2837xD_Headers_nonBIOS_cpu1.cmd" "../linker/flash_programming_cpu1tocpu2_RAM.cmd"  -l"/home/ismail/ti/ccs1271/ccs/tools/compiler/ti-cgt-c2000_22.6.1.LTS/lib/rts2800_fpu32.lib" -llibc.a 
<Linking>
FILE: SCI_CAN_Interfaces_CPU1.out
CODE  size (bytes): 8682
CONST size (bytes): 70
DATA  size (bytes): 10164
 
Finished building target: "SCI_CAN_Interfaces_CPU1.out"
 

**** Build Finished ****

**** Build of configuration CPU1_FLASH for project SCI_CAN_Interfaces_CPU1 ****

/home/ismail/ti/ccs1271/ccs/utils/bin/gmake -k -j 4 all -O 
 
Building file: "../src/main.c"
Invoking: C2000 Compiler
"/home/ismail/ti/ccs1271/ccs/tools/compiler/ti-cgt-c2000_22.6.1.LTS/bin/cl2000" -v28 -ml -mt --cla_support=cla1 --float_support=fpu32 --tmu_support=tmu0 --vcu_support=vcu2 -Ooff --include_path="/home/ismail/IOT-CANBus/TI/FLASH_BANK_0/SCI_CAN_Interfaces_CPU1/src" --include_path="/home/ismail/IOT-CANBus/TI/FLASH_BANK_0/SCI_CAN_Interfaces_CPU1/assembly" --include_path="/home/ismail/IOT-CANBus/TI/FLASH_BANK_0/SCI_CAN_Interfaces_CPU1/linker" --include_path="/home/ismail/IOT-CANBus/TI/FLASH_BANK_0/SCI_CAN_Interfaces_CPU1/headers" --include_path="/home/ismail/ti/C2000Ware_5_02_00_00/device_support/f2837xd/common/include" --include_path="/home/ismail/ti/C2000Ware_5_02_00_00/device_support/f2837xd/headers/include" --include_path="/home/ismail/ti/C2000Ware_5_02_00_00/libraries/flash_api/f2837xd/include/Constants" --include_path="/home/ismail/ti/C2000Ware_5_02_00_00/libraries/flash_api/f2837xd/include" --include_path="/home/ismail/IOT-CANBus/TI/FLASH_BANK_0/SCI_CAN_Interfaces_CPU1" --include_path="/home/ismail/ti/ccs1271/ccs/tools/compiler/ti-cgt-c2000_22.6.1.LTS/include" --advice:performance=all --define=_STANDALONE --define=_FLASH --define=_LAUNCHXL_F28379D --define=DEBUG --define=_DUAL_HEADERS --define=CPU1 --diag_suppress=10063 --diag_warning=225 --diag_wrap=off --display_error_number --abi=coffabi --section_sizes=on --preproc_with_compile --preproc_dependency="src/main.d_raw" --obj_directory="src"  "../src/main.c"
FILE: src/main.obj
CODE  size (bytes): 123
CONST size (bytes): 9
 
Finished building: "../src/main.c"
 
Building target: "SCI_CAN_Interfaces_CPU1.out"
Invoking: C2000 Linker
"/home/ismail/ti/ccs1271/ccs/tools/compiler/ti-cgt-c2000_22.6.1.LTS/bin/cl2000" -v28 -ml -mt --cla_support=cla1 --float_support=fpu32 --tmu_support=tmu0 --vcu_support=vcu2 -Ooff --advice:performance=all --define=_STANDALONE --define=_FLASH --define=_LAUNCHXL_F28379D --define=DEBUG --define=_DUAL_HEADERS --define=CPU1 --diag_suppress=10063 --diag_warning=225 --diag_wrap=off --display_error_number --abi=coffabi --section_sizes=on -z -m"SCI_CAN_Interfaces_CPU1.map" --stack_size=0x100 --warn_sections -i"/home/ismail/ti/C2000Ware_5_02_00_00/device_support/f2837xd/common/cmd" -i"/home/ismail/ti/C2000Ware_5_02_00_00/device_support/f2837xd/headers/cmd" -i"/home/ismail/ti/ccs1271/ccs/tools/compiler/ti-cgt-c2000_22.6.1.LTS/lib" -i"/home/ismail/ti/ccs1271/ccs/tools/compiler/ti-cgt-c2000_22.6.1.LTS/include" --reread_libs --diag_wrap=off --display_error_number --xml_link_info="SCI_CAN_Interfaces_CPU1_linkInfo.xml" --entry_point=code_start --rom_model -o "SCI_CAN_Interfaces_CPU1.out" "./assembly/DCSM_Z1_ZoneSelectBlock.obj" "./assembly/DCSM_Z2_ZoneSelectBlock.obj" "./assembly/F2837xD_usDelay.obj" "./assembly/fwupgradec1toc2_start.obj" "./src/F2837xD_DefaultISR.obj" "./src/F2837xD_GlobalVariableDefs.obj" "./src/F2837xD_Gpio.obj" "./src/F2837xD_Ipc.obj" "./src/F2837xD_Ipc_Driver_Util.obj" "./src/F2837xD_PieCtrl.obj" "./src/F2837xD_PieVect.obj" "./src/F2837xD_SysCtrl.obj" "./src/Fapi_UserDefinedFunctions.obj" "./src/SCI_Boot.obj" "./src/SCI_GetFunction.obj" "./src/Shared_Boot.obj" "./src/Shared_Erase.obj" "./src/Shared_Verify.obj" "./src/main.obj" "/home/ismail/ti/C2000Ware_5_02_00_00/libraries/flash_api/f2837xd/lib/F021_API_F2837xD_FPU32.lib" "/home/ismail/ti/C2000Ware_5_02_00_00/libraries/boot_rom/f2837xd/rev0/rom_symbol_libs/c1_ROM_API/c1bootROM_BootROMSymbols_fpu32.lib" "../linker/2837xD_FLASH_lnk_cpu1.cmd" "../linker/F2837xD_Headers_nonBIOS_cpu1.cmd" "../linker/flash_programming_cpu1tocpu2_RAM.cmd"  -l"/home/ismail/ti/ccs1271/ccs/tools/compiler/ti-cgt-c2000_22.6.1.LTS/lib/rts2800_fpu32.lib" -llibc.a 
<Linking>
FILE: SCI_CAN_Interfaces_CPU1.out
CODE  size (bytes): 8546
CONST size (bytes): 70
DATA  size (bytes): 10164
 
Finished building target: "SCI_CAN_Interfaces_CPU1.out"
 

**** Build Finished ****

**** Build of configuration CPU1_FLASH for project SCI_CAN_Interfaces_CPU1 ****

/home/ismail/ti/ccs1271/ccs/utils/bin/gmake -k -j 4 all -O 
 
gmake[1]: 'SCI_CAN_Interfaces_CPU1.out' is up to date.

**** Build Finished ****

**** Build of configuration CPU1_FLASH for project SCI_CAN_Interfaces_CPU1 ****

/home/ismail/ti/ccs1271/ccs/utils/bin/gmake -k -j 4 all -O 
 
gmake[1]: 'SCI_CAN_Interfaces_CPU1.out' is up to date.

**** Build Finished ****

**** Build of configuration CPU1_FLASH for project SCI_CAN_Interfaces_CPU1 ****

/home/ismail/ti/ccs1271/ccs/utils/bin/gmake -k -j 4 all -O 
 
gmake[1]: 'SCI_CAN_Interfaces_CPU1.out' is up to date.

**** Build Finished ****

**** Build of configuration CPU1_FLASH for project SCI_CAN_Interfaces_CPU1 ****

/home/ismail/ti/ccs1271/ccs/utils/bin/gmake -k -j 4 all -O 
 
Building file: "../src/main.c"
Invoking: C2000 Compiler
"/home/ismail/ti/ccs1271/ccs/tools/compiler/ti-cgt-c2000_22.6.1.LTS/bin/cl2000" -v28 -ml -mt --cla_support=cla1 --float_support=fpu32 --tmu_support=tmu0 --vcu_support=vcu2 -Ooff --include_path="/home/ismail/IOT-CANBus/TI/FLASH_BANK_0/SCI_CAN_Interfaces_CPU1/src" --include_path="/home/ismail/IOT-CANBus/TI/FLASH_BANK_0/SCI_CAN_Interfaces_CPU1/assembly" --include_path="/home/ismail/IOT-CANBus/TI/FLASH_BANK_0/SCI_CAN_Interfaces_CPU1/linker" --include_path="/home/ismail/IOT-CANBus/TI/FLASH_BANK_0/SCI_CAN_Interfaces_CPU1/headers" --include_path="/home/ismail/ti/C2000Ware_5_02_00_00/device_support/f2837xd/common/include" --include_path="/home/ismail/ti/C2000Ware_5_02_00_00/device_support/f2837xd/headers/include" --include_path="/home/ismail/ti/C2000Ware_5_02_00_00/libraries/flash_api/f2837xd/include/Constants" --include_path="/home/ismail/ti/C2000Ware_5_02_00_00/libraries/flash_api/f2837xd/include" --include_path="/home/ismail/IOT-CANBus/TI/FLASH_BANK_0/SCI_CAN_Interfaces_CPU1" --include_path="/home/ismail/ti/ccs1271/ccs/tools/compiler/ti-cgt-c2000_22.6.1.LTS/include" --advice:performance=all --define=_STANDALONE --define=_FLASH --define=_LAUNCHXL_F28379D --define=DEBUG --define=_DUAL_HEADERS --define=CPU1 --diag_suppress=10063 --diag_warning=225 --diag_wrap=off --display_error_number --abi=coffabi --section_sizes=on --preproc_with_compile --preproc_dependency="src/main.d_raw" --obj_directory="src"  "../src/main.c"
FILE: src/main.obj
CODE  size (bytes): 123
CONST size (bytes): 9
 
Finished building: "../src/main.c"
 
Building target: "SCI_CAN_Interfaces_CPU1.out"
Invoking: C2000 Linker
"/home/ismail/ti/ccs1271/ccs/tools/compiler/ti-cgt-c2000_22.6.1.LTS/bin/cl2000" -v28 -ml -mt --cla_support=cla1 --float_support=fpu32 --tmu_support=tmu0 --vcu_support=vcu2 -Ooff --advice:performance=all --define=_STANDALONE --define=_FLASH --define=_LAUNCHXL_F28379D --define=DEBUG --define=_DUAL_HEADERS --define=CPU1 --diag_suppress=10063 --diag_warning=225 --diag_wrap=off --display_error_number --abi=coffabi --section_sizes=on -z -m"SCI_CAN_Interfaces_CPU1.map" --stack_size=0x100 --warn_sections -i"/home/ismail/ti/C2000Ware_5_02_00_00/device_support/f2837xd/common/cmd" -i"/home/ismail/ti/C2000Ware_5_02_00_00/device_support/f2837xd/headers/cmd" -i"/home/ismail/ti/ccs1271/ccs/tools/compiler/ti-cgt-c2000_22.6.1.LTS/lib" -i"/home/ismail/ti/ccs1271/ccs/tools/compiler/ti-cgt-c2000_22.6.1.LTS/include" --reread_libs --diag_wrap=off --display_error_number --xml_link_info="SCI_CAN_Interfaces_CPU1_linkInfo.xml" --entry_point=code_start --rom_model -o "SCI_CAN_Interfaces_CPU1.out" "./assembly/DCSM_Z1_ZoneSelectBlock.obj" "./assembly/DCSM_Z2_ZoneSelectBlock.obj" "./assembly/F2837xD_usDelay.obj" "./assembly/fwupgradec1toc2_start.obj" "./src/F2837xD_DefaultISR.obj" "./src/F2837xD_GlobalVariableDefs.obj" "./src/F2837xD_Gpio.obj" "./src/F2837xD_Ipc.obj" "./src/F2837xD_Ipc_Driver_Util.obj" "./src/F2837xD_PieCtrl.obj" "./src/F2837xD_PieVect.obj" "./src/F2837xD_SysCtrl.obj" "./src/Fapi_UserDefinedFunctions.obj" "./src/SCI_Boot.obj" "./src/SCI_GetFunction.obj" "./src/Shared_Boot.obj" "./src/Shared_Erase.obj" "./src/Shared_Verify.obj" "./src/main.obj" "/home/ismail/ti/C2000Ware_5_02_00_00/libraries/flash_api/f2837xd/lib/F021_API_F2837xD_FPU32.lib" "/home/ismail/ti/C2000Ware_5_02_00_00/libraries/boot_rom/f2837xd/rev0/rom_symbol_libs/c1_ROM_API/c1bootROM_BootROMSymbols_fpu32.lib" "../linker/2837xD_FLASH_lnk_cpu1.cmd" "../linker/F2837xD_Headers_nonBIOS_cpu1.cmd" "../linker/flash_programming_cpu1tocpu2_RAM.cmd"  -l"/home/ismail/ti/ccs1271/ccs/tools/compiler/ti-cgt-c2000_22.6.1.LTS/lib/rts2800_fpu32.lib" -llibc.a 
<Linking>
FILE: SCI_CAN_Interfaces_CPU1.out
CODE  size (bytes): 8546
CONST size (bytes): 70
DATA  size (bytes): 10164
 
Finished building target: "SCI_CAN_Interfaces_CPU1.out"
 

**** Build Finished ****

**** Build of configuration CPU1_FLASH for project SCI_CAN_Interfaces_CPU1 ****

/home/ismail/ti/ccs1271/ccs/utils/bin/gmake -k -j 4 all -O 
 
Building file: "../src/main.c"
Invoking: C2000 Compiler
"/home/ismail/ti/ccs1271/ccs/tools/compiler/ti-cgt-c2000_22.6.1.LTS/bin/cl2000" -v28 -ml -mt --cla_support=cla1 --float_support=fpu32 --tmu_support=tmu0 --vcu_support=vcu2 -Ooff --include_path="/home/ismail/IOT-CANBus/TI/FLASH_BANK_0/SCI_CAN_Interfaces_CPU1/src" --include_path="/home/ismail/IOT-CANBus/TI/FLASH_BANK_0/SCI_CAN_Interfaces_CPU1/assembly" --include_path="/home/ismail/IOT-CANBus/TI/FLASH_BANK_0/SCI_CAN_Interfaces_CPU1/linker" --include_path="/home/ismail/IOT-CANBus/TI/FLASH_BANK_0/SCI_CAN_Interfaces_CPU1/headers" --include_path="/home/ismail/ti/C2000Ware_5_02_00_00/device_support/f2837xd/common/include" --include_path="/home/ismail/ti/C2000Ware_5_02_00_00/device_support/f2837xd/headers/include" --include_path="/home/ismail/ti/C2000Ware_5_02_00_00/libraries/flash_api/f2837xd/include/Constants" --include_path="/home/ismail/ti/C2000Ware_5_02_00_00/libraries/flash_api/f2837xd/include" --include_path="/home/ismail/IOT-CANBus/TI/FLASH_BANK_0/SCI_CAN_Interfaces_CPU1" --include_path="/home/ismail/ti/ccs1271/ccs/tools/compiler/ti-cgt-c2000_22.6.1.LTS/include" --advice:performance=all --define=_STANDALONE --define=_FLASH --define=_LAUNCHXL_F28379D --define=DEBUG --define=_DUAL_HEADERS --define=CPU1 --diag_suppress=10063 --diag_warning=225 --diag_wrap=off --display_error_number --abi=coffabi --section_sizes=on --preproc_with_compile --preproc_dependency="src/main.d_raw" --obj_directory="src"  "../src/main.c"
FILE: src/main.obj
CODE  size (bytes): 123
CONST size (bytes): 9
 
Finished building: "../src/main.c"
 
Building target: "SCI_CAN_Interfaces_CPU1.out"
Invoking: C2000 Linker
"/home/ismail/ti/ccs1271/ccs/tools/compiler/ti-cgt-c2000_22.6.1.LTS/bin/cl2000" -v28 -ml -mt --cla_support=cla1 --float_support=fpu32 --tmu_support=tmu0 --vcu_support=vcu2 -Ooff --advice:performance=all --define=_STANDALONE --define=_FLASH --define=_LAUNCHXL_F28379D --define=DEBUG --define=_DUAL_HEADERS --define=CPU1 --diag_suppress=10063 --diag_warning=225 --diag_wrap=off --display_error_number --abi=coffabi --section_sizes=on -z -m"SCI_CAN_Interfaces_CPU1.map" --stack_size=0x100 --warn_sections -i"/home/ismail/ti/C2000Ware_5_02_00_00/device_support/f2837xd/common/cmd" -i"/home/ismail/ti/C2000Ware_5_02_00_00/device_support/f2837xd/headers/cmd" -i"/home/ismail/ti/ccs1271/ccs/tools/compiler/ti-cgt-c2000_22.6.1.LTS/lib" -i"/home/ismail/ti/ccs1271/ccs/tools/compiler/ti-cgt-c2000_22.6.1.LTS/include" --reread_libs --diag_wrap=off --display_error_number --xml_link_info="SCI_CAN_Interfaces_CPU1_linkInfo.xml" --entry_point=code_start --rom_model -o "SCI_CAN_Interfaces_CPU1.out" "./assembly/DCSM_Z1_ZoneSelectBlock.obj" "./assembly/DCSM_Z2_ZoneSelectBlock.obj" "./assembly/F2837xD_usDelay.obj" "./assembly/fwupgradec1toc2_start.obj" "./src/F2837xD_DefaultISR.obj" "./src/F2837xD_GlobalVariableDefs.obj" "./src/F2837xD_Gpio.obj" "./src/F2837xD_Ipc.obj" "./src/F2837xD_Ipc_Driver_Util.obj" "./src/F2837xD_PieCtrl.obj" "./src/F2837xD_PieVect.obj" "./src/F2837xD_SysCtrl.obj" "./src/Fapi_UserDefinedFunctions.obj" "./src/SCI_Boot.obj" "./src/SCI_GetFunction.obj" "./src/Shared_Boot.obj" "./src/Shared_Erase.obj" "./src/Shared_Verify.obj" "./src/main.obj" "/home/ismail/ti/C2000Ware_5_02_00_00/libraries/flash_api/f2837xd/lib/F021_API_F2837xD_FPU32.lib" "/home/ismail/ti/C2000Ware_5_02_00_00/libraries/boot_rom/f2837xd/rev0/rom_symbol_libs/c1_ROM_API/c1bootROM_BootROMSymbols_fpu32.lib" "../linker/2837xD_FLASH_lnk_cpu1.cmd" "../linker/F2837xD_Headers_nonBIOS_cpu1.cmd" "../linker/flash_programming_cpu1tocpu2_RAM.cmd"  -l"/home/ismail/ti/ccs1271/ccs/tools/compiler/ti-cgt-c2000_22.6.1.LTS/lib/rts2800_fpu32.lib" -llibc.a 
<Linking>
FILE: SCI_CAN_Interfaces_CPU1.out
CODE  size (bytes): 8546
CONST size (bytes): 70
DATA  size (bytes): 10164
 
Finished building target: "SCI_CAN_Interfaces_CPU1.out"
 

**** Build Finished ****

**** Build of configuration CPU1_FLASH for project SCI_CAN_Interfaces_CPU1 ****

/home/ismail/ti/ccs1271/ccs/utils/bin/gmake -k -j 4 all -O 
 
Building file: "../src/main.c"
Invoking: C2000 Compiler
"/home/ismail/ti/ccs1271/ccs/tools/compiler/ti-cgt-c2000_22.6.1.LTS/bin/cl2000" -v28 -ml -mt --cla_support=cla1 --float_support=fpu32 --tmu_support=tmu0 --vcu_support=vcu2 -Ooff --include_path="/home/ismail/IOT-CANBus/TI/FLASH_BANK_0/SCI_CAN_Interfaces_CPU1/src" --include_path="/home/ismail/IOT-CANBus/TI/FLASH_BANK_0/SCI_CAN_Interfaces_CPU1/assembly" --include_path="/home/ismail/IOT-CANBus/TI/FLASH_BANK_0/SCI_CAN_Interfaces_CPU1/linker" --include_path="/home/ismail/IOT-CANBus/TI/FLASH_BANK_0/SCI_CAN_Interfaces_CPU1/headers" --include_path="/home/ismail/ti/C2000Ware_5_02_00_00/device_support/f2837xd/common/include" --include_path="/home/ismail/ti/C2000Ware_5_02_00_00/device_support/f2837xd/headers/include" --include_path="/home/ismail/ti/C2000Ware_5_02_00_00/libraries/flash_api/f2837xd/include/Constants" --include_path="/home/ismail/ti/C2000Ware_5_02_00_00/libraries/flash_api/f2837xd/include" --include_path="/home/ismail/IOT-CANBus/TI/FLASH_BANK_0/SCI_CAN_Interfaces_CPU1" --include_path="/home/ismail/ti/ccs1271/ccs/tools/compiler/ti-cgt-c2000_22.6.1.LTS/include" --advice:performance=all --define=_STANDALONE --define=_FLASH --define=_LAUNCHXL_F28379D --define=DEBUG --define=_DUAL_HEADERS --define=CPU1 --diag_suppress=10063 --diag_warning=225 --diag_wrap=off --display_error_number --abi=coffabi --section_sizes=on --preproc_with_compile --preproc_dependency="src/main.d_raw" --obj_directory="src"  "../src/main.c"
FILE: src/main.obj
CODE  size (bytes): 125
CONST size (bytes): 9
 
Finished building: "../src/main.c"
 
Building target: "SCI_CAN_Interfaces_CPU1.out"
Invoking: C2000 Linker
"/home/ismail/ti/ccs1271/ccs/tools/compiler/ti-cgt-c2000_22.6.1.LTS/bin/cl2000" -v28 -ml -mt --cla_support=cla1 --float_support=fpu32 --tmu_support=tmu0 --vcu_support=vcu2 -Ooff --advice:performance=all --define=_STANDALONE --define=_FLASH --define=_LAUNCHXL_F28379D --define=DEBUG --define=_DUAL_HEADERS --define=CPU1 --diag_suppress=10063 --diag_warning=225 --diag_wrap=off --display_error_number --abi=coffabi --section_sizes=on -z -m"SCI_CAN_Interfaces_CPU1.map" --stack_size=0x100 --warn_sections -i"/home/ismail/ti/C2000Ware_5_02_00_00/device_support/f2837xd/common/cmd" -i"/home/ismail/ti/C2000Ware_5_02_00_00/device_support/f2837xd/headers/cmd" -i"/home/ismail/ti/ccs1271/ccs/tools/compiler/ti-cgt-c2000_22.6.1.LTS/lib" -i"/home/ismail/ti/ccs1271/ccs/tools/compiler/ti-cgt-c2000_22.6.1.LTS/include" --reread_libs --diag_wrap=off --display_error_number --xml_link_info="SCI_CAN_Interfaces_CPU1_linkInfo.xml" --entry_point=code_start --rom_model -o "SCI_CAN_Interfaces_CPU1.out" "./assembly/DCSM_Z1_ZoneSelectBlock.obj" "./assembly/DCSM_Z2_ZoneSelectBlock.obj" "./assembly/F2837xD_usDelay.obj" "./assembly/fwupgradec1toc2_start.obj" "./src/F2837xD_DefaultISR.obj" "./src/F2837xD_GlobalVariableDefs.obj" "./src/F2837xD_Gpio.obj" "./src/F2837xD_Ipc.obj" "./src/F2837xD_Ipc_Driver_Util.obj" "./src/F2837xD_PieCtrl.obj" "./src/F2837xD_PieVect.obj" "./src/F2837xD_SysCtrl.obj" "./src/Fapi_UserDefinedFunctions.obj" "./src/SCI_Boot.obj" "./src/SCI_GetFunction.obj" "./src/Shared_Boot.obj" "./src/Shared_Erase.obj" "./src/Shared_Verify.obj" "./src/main.obj" "/home/ismail/ti/C2000Ware_5_02_00_00/libraries/flash_api/f2837xd/lib/F021_API_F2837xD_FPU32.lib" "/home/ismail/ti/C2000Ware_5_02_00_00/libraries/boot_rom/f2837xd/rev0/rom_symbol_libs/c1_ROM_API/c1bootROM_BootROMSymbols_fpu32.lib" "../linker/2837xD_FLASH_lnk_cpu1.cmd" "../linker/F2837xD_Headers_nonBIOS_cpu1.cmd" "../linker/flash_programming_cpu1tocpu2_RAM.cmd"  -l"/home/ismail/ti/ccs1271/ccs/tools/compiler/ti-cgt-c2000_22.6.1.LTS/lib/rts2800_fpu32.lib" -llibc.a 
<Linking>
FILE: SCI_CAN_Interfaces_CPU1.out
CODE  size (bytes): 8548
CONST size (bytes): 70
DATA  size (bytes): 10164
 
Finished building target: "SCI_CAN_Interfaces_CPU1.out"
 

**** Build Finished ****

**** Build of configuration CPU1_FLASH for project SCI_CAN_Interfaces_CPU1 ****

/home/ismail/ti/ccs1271/ccs/utils/bin/gmake -k -j 4 all -O 
 
Building file: "../src/main.c"
Invoking: C2000 Compiler
"/home/ismail/ti/ccs1271/ccs/tools/compiler/ti-cgt-c2000_22.6.1.LTS/bin/cl2000" -v28 -ml -mt --cla_support=cla1 --float_support=fpu32 --tmu_support=tmu0 --vcu_support=vcu2 -Ooff --include_path="/home/ismail/IOT-CANBus/TI/FLASH_BANK_0/SCI_CAN_Interfaces_CPU1/src" --include_path="/home/ismail/IOT-CANBus/TI/FLASH_BANK_0/SCI_CAN_Interfaces_CPU1/assembly" --include_path="/home/ismail/IOT-CANBus/TI/FLASH_BANK_0/SCI_CAN_Interfaces_CPU1/linker" --include_path="/home/ismail/IOT-CANBus/TI/FLASH_BANK_0/SCI_CAN_Interfaces_CPU1/headers" --include_path="/home/ismail/ti/C2000Ware_5_02_00_00/device_support/f2837xd/common/include" --include_path="/home/ismail/ti/C2000Ware_5_02_00_00/device_support/f2837xd/headers/include" --include_path="/home/ismail/ti/C2000Ware_5_02_00_00/libraries/flash_api/f2837xd/include/Constants" --include_path="/home/ismail/ti/C2000Ware_5_02_00_00/libraries/flash_api/f2837xd/include" --include_path="/home/ismail/IOT-CANBus/TI/FLASH_BANK_0/SCI_CAN_Interfaces_CPU1" --include_path="/home/ismail/ti/ccs1271/ccs/tools/compiler/ti-cgt-c2000_22.6.1.LTS/include" --advice:performance=all --define=_STANDALONE --define=_FLASH --define=_LAUNCHXL_F28379D --define=DEBUG --define=_DUAL_HEADERS --define=CPU1 --diag_suppress=10063 --diag_warning=225 --diag_wrap=off --display_error_number --abi=coffabi --section_sizes=on --preproc_with_compile --preproc_dependency="src/main.d_raw" --obj_directory="src"  "../src/main.c"
FILE: src/main.obj
CODE  size (bytes): 125
CONST size (bytes): 9
 
Finished building: "../src/main.c"
 
Building target: "SCI_CAN_Interfaces_CPU1.out"
Invoking: C2000 Linker
"/home/ismail/ti/ccs1271/ccs/tools/compiler/ti-cgt-c2000_22.6.1.LTS/bin/cl2000" -v28 -ml -mt --cla_support=cla1 --float_support=fpu32 --tmu_support=tmu0 --vcu_support=vcu2 -Ooff --advice:performance=all --define=_STANDALONE --define=_FLASH --define=_LAUNCHXL_F28379D --define=DEBUG --define=_DUAL_HEADERS --define=CPU1 --diag_suppress=10063 --diag_warning=225 --diag_wrap=off --display_error_number --abi=coffabi --section_sizes=on -z -m"SCI_CAN_Interfaces_CPU1.map" --stack_size=0x100 --warn_sections -i"/home/ismail/ti/C2000Ware_5_02_00_00/device_support/f2837xd/common/cmd" -i"/home/ismail/ti/C2000Ware_5_02_00_00/device_support/f2837xd/headers/cmd" -i"/home/ismail/ti/ccs1271/ccs/tools/compiler/ti-cgt-c2000_22.6.1.LTS/lib" -i"/home/ismail/ti/ccs1271/ccs/tools/compiler/ti-cgt-c2000_22.6.1.LTS/include" --reread_libs --diag_wrap=off --display_error_number --xml_link_info="SCI_CAN_Interfaces_CPU1_linkInfo.xml" --entry_point=code_start --rom_model -o "SCI_CAN_Interfaces_CPU1.out" "./assembly/DCSM_Z1_ZoneSelectBlock.obj" "./assembly/DCSM_Z2_ZoneSelectBlock.obj" "./assembly/F2837xD_usDelay.obj" "./assembly/fwupgradec1toc2_start.obj" "./src/F2837xD_DefaultISR.obj" "./src/F2837xD_GlobalVariableDefs.obj" "./src/F2837xD_Gpio.obj" "./src/F2837xD_Ipc.obj" "./src/F2837xD_Ipc_Driver_Util.obj" "./src/F2837xD_PieCtrl.obj" "./src/F2837xD_PieVect.obj" "./src/F2837xD_SysCtrl.obj" "./src/Fapi_UserDefinedFunctions.obj" "./src/SCI_Boot.obj" "./src/SCI_GetFunction.obj" "./src/Shared_Boot.obj" "./src/Shared_Erase.obj" "./src/Shared_Verify.obj" "./src/main.obj" "/home/ismail/ti/C2000Ware_5_02_00_00/libraries/flash_api/f2837xd/lib/F021_API_F2837xD_FPU32.lib" "/home/ismail/ti/C2000Ware_5_02_00_00/libraries/boot_rom/f2837xd/rev0/rom_symbol_libs/c1_ROM_API/c1bootROM_BootROMSymbols_fpu32.lib" "../linker/2837xD_FLASH_lnk_cpu1.cmd" "../linker/F2837xD_Headers_nonBIOS_cpu1.cmd" "../linker/flash_programming_cpu1tocpu2_RAM.cmd"  -l"/home/ismail/ti/ccs1271/ccs/tools/compiler/ti-cgt-c2000_22.6.1.LTS/lib/rts2800_fpu32.lib" -llibc.a 
<Linking>
FILE: SCI_CAN_Interfaces_CPU1.out
CODE  size (bytes): 8548
CONST size (bytes): 70
DATA  size (bytes): 10164
 
Finished building target: "SCI_CAN_Interfaces_CPU1.out"
 

**** Build Finished ****
